{
  "meta": {
    "type": "db",
    "canSave": true,
    "canEdit": true,
    "canAdmin": true,
    "canStar": true,
    "slug": "alerts-overview-mobile",
    "url": "/d/jJj-KcFmz/alerts-overview-mobile",
    "hasAcl": false,
    "isFolder": false,
    "folderId": 82,
    "folderTitle": "Alert Dashboards",
    "folderUrl": "/dashboards/f/juSr5EJik/alert-dashboards",
    "provisioned": false
  },
  "dashboard": {
    "annotations": {
      "list": [
        {
          "builtIn": 1,
          "datasource": "-- Grafana --",
          "enable": true,
          "hide": true,
          "iconColor": "rgba(0, 211, 255, 1)",
          "name": "Annotations & Alerts",
          "type": "dashboard"
        }
      ]
    },
    "description": "Show current firing and pending alerts, and  severity alert counts.",
    "editable": true,
    "gnetId": 4181,
    "graphTooltip": 0,
    "id": 68,
    "iteration": 1542716032519,
    "links": [],
    "panels": [
      {
        "cacheTimeout": null,
        "colorBackground": true,
        "colorValue": false,
        "colors": [
          "#299c46",
          "rgba(237, 129, 40, 0.89)",
          "#d44a3a"
        ],
        "datasource": "Prometheus AlertManager",
        "format": "none",
        "gauge": {
          "maxValue": 100,
          "minValue": 0,
          "show": false,
          "thresholdLabels": false,
          "thresholdMarkers": true
        },
        "gridPos": {
          "h": 3,
          "w": 2,
          "x": 0,
          "y": 0
        },
        "height": "250",
        "id": 4,
        "interval": null,
        "links": [],
        "mappingType": 1,
        "mappingTypes": [
          {
            "name": "value to text",
            "value": 1
          },
          {
            "name": "range to text",
            "value": 2
          }
        ],
        "maxDataPoints": 100,
        "nullPointMode": "connected",
        "nullText": null,
        "postfix": "",
        "postfixFontSize": "50%",
        "prefix": "",
        "prefixFontSize": "50%",
        "rangeMaps": [
          {
            "from": "null",
            "text": "N/A",
            "to": "null"
          }
        ],
        "sparkline": {
          "fillColor": "rgba(25, 25, 25, 0.18)",
          "full": false,
          "lineColor": "rgb(0, 0, 0)",
          "show": true
        },
        "tableColumn": "",
        "targets": [
          {
            "annotations": false,
            "expr": "region=~\"$region\"",
            "format": "time_series",
            "instant": false,
            "intervalFactor": 1,
            "labelSelector": "*",
            "legendFormat": "",
            "refId": "A",
            "target": "Query",
            "type": "timeserie"
          }
        ],
        "thresholds": "1,20",
        "title": "Total Alerts",
        "transparent": false,
        "type": "singlestat",
        "valueFontSize": "100%",
        "valueMaps": [
          {
            "op": "=",
            "text": "N/A",
            "value": "null"
          }
        ],
        "valueName": "current"
      },
      {
        "cacheTimeout": null,
        "colorBackground": true,
        "colorValue": false,
        "colors": [
          "#299c46",
          "rgba(237, 129, 40, 0.89)",
          "#d44a3a"
        ],
        "datasource": "Prometheus AlertManager",
        "format": "none",
        "gauge": {
          "maxValue": 100,
          "minValue": 0,
          "show": false,
          "thresholdLabels": false,
          "thresholdMarkers": true
        },
        "gridPos": {
          "h": 3,
          "w": 2,
          "x": 2,
          "y": 0
        },
        "height": "250",
        "id": 2,
        "interval": null,
        "links": [],
        "mappingType": 1,
        "mappingTypes": [
          {
            "name": "value to text",
            "value": 1
          },
          {
            "name": "range to text",
            "value": 2
          }
        ],
        "maxDataPoints": 100,
        "nullPointMode": "connected",
        "nullText": null,
        "postfix": "",
        "postfixFontSize": "50%",
        "prefix": "",
        "prefixFontSize": "50%",
        "rangeMaps": [
          {
            "from": "null",
            "text": "N/A",
            "to": "null"
          }
        ],
        "sparkline": {
          "fillColor": "rgba(25, 25, 25, 0.18)",
          "full": false,
          "lineColor": "rgb(0, 0, 0)",
          "show": true
        },
        "tableColumn": "",
        "targets": [
          {
            "annotations": false,
            "bucketAggs": [
              {
                "id": "2",
                "settings": {
                  "interval": "auto",
                  "min_doc_count": 0,
                  "trimEdges": 0
                },
                "type": "date_histogram"
              }
            ],
            "dsType": "elasticsearch",
            "expr": "severity=\"critical\",region=~\"$region\"",
            "format": "time_series",
            "instant": false,
            "intervalFactor": 1,
            "labelSelector": "*",
            "legendFormat": "",
            "metrics": [
              {
                "field": "select field",
                "id": "1",
                "type": "count"
              }
            ],
            "refId": "A",
            "target": "Query",
            "type": "timeserie"
          }
        ],
        "thresholds": "1,2",
        "title": "Critical",
        "type": "singlestat",
        "valueFontSize": "100%",
        "valueMaps": [
          {
            "op": "=",
            "text": "N/A",
            "value": "null"
          }
        ],
        "valueName": "current"
      },
      {
        "cacheTimeout": null,
        "colorBackground": true,
        "colorValue": false,
        "colors": [
          "#299c46",
          "#ef843c",
          "#d44a3a"
        ],
        "datasource": "Prometheus AlertManager",
        "decimals": 0,
        "format": "none",
        "gauge": {
          "maxValue": 100,
          "minValue": 0,
          "show": false,
          "thresholdLabels": false,
          "thresholdMarkers": true
        },
        "gridPos": {
          "h": 3,
          "w": 2,
          "x": 4,
          "y": 0
        },
        "height": "250",
        "id": 5,
        "interval": null,
        "links": [],
        "mappingType": 1,
        "mappingTypes": [
          {
            "name": "value to text",
            "value": 1
          },
          {
            "name": "range to text",
            "value": 2
          }
        ],
        "maxDataPoints": 100,
        "nullPointMode": "connected",
        "nullText": null,
        "postfix": "",
        "postfixFontSize": "50%",
        "prefix": "",
        "prefixFontSize": "50%",
        "rangeMaps": [
          {
            "from": "null",
            "text": "N/A",
            "to": "null"
          }
        ],
        "sparkline": {
          "fillColor": "rgba(25, 25, 25, 0.18)",
          "full": false,
          "lineColor": "rgb(0, 0, 0)",
          "show": true
        },
        "tableColumn": "",
        "targets": [
          {
            "annotations": false,
            "expr": "severity=\"warning\",region=~\"$region\"",
            "format": "time_series",
            "instant": false,
            "intervalFactor": 1,
            "labelSelector": "*",
            "legendFormat": "",
            "refId": "A",
            "target": "Query",
            "type": "timeserie"
          }
        ],
        "thresholds": "1,20",
        "title": "Warning",
        "transparent": false,
        "type": "singlestat",
        "valueFontSize": "100%",
        "valueMaps": [
          {
            "op": "=",
            "text": "N/A",
            "value": "null"
          }
        ],
        "valueName": "current"
      },
      {
        "cacheTimeout": null,
        "colorBackground": true,
        "colorValue": false,
        "colors": [
          "#299c46",
          "#0a437c",
          "#0a437c"
        ],
        "datasource": "Prometheus AlertManager",
        "format": "none",
        "gauge": {
          "maxValue": 100,
          "minValue": 0,
          "show": false,
          "thresholdLabels": false,
          "thresholdMarkers": true
        },
        "gridPos": {
          "h": 3,
          "w": 2,
          "x": 6,
          "y": 0
        },
        "height": "250",
        "id": 9,
        "interval": null,
        "links": [],
        "mappingType": 1,
        "mappingTypes": [
          {
            "name": "value to text",
            "value": 1
          },
          {
            "name": "range to text",
            "value": 2
          }
        ],
        "maxDataPoints": 100,
        "nullPointMode": "connected",
        "nullText": null,
        "postfix": "",
        "postfixFontSize": "50%",
        "prefix": "",
        "prefixFontSize": "50%",
        "rangeMaps": [
          {
            "from": "null",
            "text": "N/A",
            "to": "null"
          }
        ],
        "sparkline": {
          "fillColor": "rgba(25, 25, 25, 0.18)",
          "full": false,
          "lineColor": "rgb(0, 0, 0)",
          "show": true
        },
        "tableColumn": "",
        "targets": [
          {
            "annotations": false,
            "expr": "severity=\"information\",region=~\"$region\"",
            "format": "time_series",
            "instant": false,
            "intervalFactor": 1,
            "labelSelector": "*",
            "legendFormat": "",
            "refId": "A",
            "target": "Query",
            "type": "timeserie"
          }
        ],
        "thresholds": "10,15",
        "title": "Information Alerts",
        "type": "singlestat",
        "valueFontSize": "100%",
        "valueMaps": [
          {
            "op": "=",
            "text": "N/A",
            "value": "null"
          }
        ],
        "valueName": "current"
      },
      {
        "columns": [],
        "datasource": "Prometheus AlertManager",
        "fontSize": "100%",
        "gridPos": {
          "h": 21,
          "w": 24,
          "x": 0,
          "y": 3
        },
        "hideTimeOverride": false,
        "id": 1,
        "links": [],
        "pageSize": 100,
        "scroll": false,
        "showHeader": true,
        "sort": {
          "col": 17,
          "desc": true
        },
        "styles": [
          {
            "alias": "",
            "colorMode": null,
            "colors": [
              "rgba(245, 54, 54, 0.9)",
              "rgba(237, 129, 40, 0.89)",
              "rgba(50, 172, 45, 0.97)"
            ],
            "dateFormat": "YYYY-MM-DD HH:mm:ss",
            "decimals": 2,
            "link": false,
            "pattern": "/(__name__|job|state|type)/",
            "thresholds": [],
            "type": "hidden",
            "unit": "short"
          },
          {
            "alias": "",
            "colorMode": null,
            "colors": [
              "rgba(245, 54, 54, 0.9)",
              "rgba(237, 129, 40, 0.89)",
              "rgba(50, 172, 45, 0.97)"
            ],
            "dateFormat": " DD-MM-YY HH:mm",
            "decimals": 2,
            "pattern": "Time",
            "thresholds": [],
            "type": "date",
            "unit": "short"
          },
          {
            "alias": "Alert Name",
            "colorMode": null,
            "colors": [
              "rgba(245, 54, 54, 0.9)",
              "rgba(237, 129, 40, 0.89)",
              "rgba(50, 172, 45, 0.97)"
            ],
            "dateFormat": "YYYY-MM-DD HH:mm:ss",
            "decimals": 2,
            "pattern": "alertname",
            "thresholds": [],
            "type": "number",
            "unit": "short"
          },
          {
            "alias": "Instance Name",
            "colorMode": null,
            "colors": [
              "rgba(245, 54, 54, 0.9)",
              "rgba(237, 129, 40, 0.89)",
              "rgba(50, 172, 45, 0.97)"
            ],
            "dateFormat": "YYYY-MM-DD HH:mm:ss",
            "decimals": 2,
            "link": true,
            "linkTargetBlank": true,
            "linkTooltip": "Detailed View",
            "linkUrl": "https://monitor.allocate-cloud.co.uk/d/000000003/windows-server-overview?refresh=30s&orgId=1&var-interval=5m&var-server=$__cell",
            "mappingType": 1,
            "pattern": "instance",
            "preserveFormat": false,
            "sanitize": false,
            "thresholds": [],
            "type": "string",
            "unit": "short",
            "valueMaps": []
          },
          {
            "alias": "Application Pool",
            "colorMode": null,
            "colors": [
              "rgba(245, 54, 54, 0.9)",
              "rgba(237, 129, 40, 0.89)",
              "rgba(50, 172, 45, 0.97)"
            ],
            "dateFormat": "YYYY-MM-DD HH:mm:ss",
            "decimals": 2,
            "pattern": "app",
            "thresholds": [],
            "type": "hidden",
            "unit": "short"
          },
          {
            "alias": "Severity",
            "colorMode": "value",
            "colors": [
              "rgba(50, 172, 45, 0.97)",
              "rgba(237, 129, 40, 0.89)",
              "rgba(245, 54, 54, 0.9)"
            ],
            "dateFormat": "YYYY-MM-DD HH:mm:ss",
            "decimals": 2,
            "link": false,
            "mappingType": 1,
            "pattern": "severity",
            "preserveFormat": false,
            "sanitize": false,
            "thresholds": [
              "2",
              "3"
            ],
            "type": "string",
            "unit": "short",
            "valueMaps": [
              {
                "text": "critical",
                "value": "4"
              },
              {
                "text": "warning",
                "value": "2"
              },
              {
                "text": "info",
                "value": "1"
              }
            ]
          },
          {
            "alias": "Start Mode",
            "colorMode": null,
            "colors": [
              "rgba(245, 54, 54, 0.9)",
              "rgba(237, 129, 40, 0.89)",
              "rgba(50, 172, 45, 0.97)"
            ],
            "dateFormat": "YYYY-MM-DD HH:mm:ss",
            "decimals": 2,
            "pattern": "start_mode",
            "thresholds": [],
            "type": "hidden",
            "unit": "short"
          },
          {
            "alias": "",
            "colorMode": null,
            "colors": [
              "rgba(245, 54, 54, 0.9)",
              "rgba(237, 129, 40, 0.89)",
              "rgba(50, 172, 45, 0.97)"
            ],
            "dateFormat": "YYYY-MM-DD HH:mm:ss",
            "decimals": 2,
            "pattern": "creating_process_id",
            "thresholds": [],
            "type": "hidden",
            "unit": "short"
          },
          {
            "alias": "",
            "colorMode": null,
            "colors": [
              "rgba(245, 54, 54, 0.9)",
              "rgba(237, 129, 40, 0.89)",
              "rgba(50, 172, 45, 0.97)"
            ],
            "dateFormat": "YYYY-MM-DD HH:mm:ss",
            "decimals": 2,
            "pattern": "mode",
            "thresholds": [],
            "type": "hidden",
            "unit": "short"
          },
          {
            "alias": "",
            "colorMode": null,
            "colors": [
              "rgba(245, 54, 54, 0.9)",
              "rgba(237, 129, 40, 0.89)",
              "rgba(50, 172, 45, 0.97)"
            ],
            "dateFormat": "YYYY-MM-DD HH:mm:ss",
            "decimals": 2,
            "pattern": "process",
            "thresholds": [],
            "type": "hidden",
            "unit": "short"
          },
          {
            "alias": "",
            "colorMode": null,
            "colors": [
              "rgba(245, 54, 54, 0.9)",
              "rgba(237, 129, 40, 0.89)",
              "rgba(50, 172, 45, 0.97)"
            ],
            "dateFormat": "YYYY-MM-DD HH:mm:ss",
            "decimals": 2,
            "pattern": "process_id",
            "thresholds": [],
            "type": "hidden",
            "unit": "short"
          },
          {
            "alias": "Service",
            "colorMode": null,
            "colors": [
              "rgba(245, 54, 54, 0.9)",
              "rgba(237, 129, 40, 0.89)",
              "rgba(50, 172, 45, 0.97)"
            ],
            "dateFormat": "YYYY-MM-DD HH:mm:ss",
            "decimals": 2,
            "pattern": "name",
            "thresholds": [],
            "type": "hidden",
            "unit": "short"
          },
          {
            "alias": "Region",
            "colorMode": null,
            "colors": [
              "rgba(245, 54, 54, 0.9)",
              "rgba(237, 129, 40, 0.89)",
              "rgba(50, 172, 45, 0.97)"
            ],
            "dateFormat": "YYYY-MM-DD HH:mm:ss",
            "decimals": 2,
            "mappingType": 1,
            "pattern": "region",
            "thresholds": [],
            "type": "hidden",
            "unit": "short"
          },
          {
            "alias": "",
            "colorMode": null,
            "colors": [
              "rgba(245, 54, 54, 0.9)",
              "rgba(237, 129, 40, 0.89)",
              "rgba(50, 172, 45, 0.97)"
            ],
            "dateFormat": "YYYY-MM-DD HH:mm:ss",
            "decimals": 2,
            "mappingType": 1,
            "pattern": "summary",
            "thresholds": [],
            "type": "hidden",
            "unit": "short"
          },
          {
            "alias": "",
            "colorMode": null,
            "colors": [
              "rgba(245, 54, 54, 0.9)",
              "rgba(237, 129, 40, 0.89)",
              "rgba(50, 172, 45, 0.97)"
            ],
            "dateFormat": "YYYY-MM-DD HH:mm:ss",
            "decimals": 2,
            "mappingType": 1,
            "pattern": "pid",
            "thresholds": [],
            "type": "hidden",
            "unit": "short"
          },
          {
            "alias": "",
            "colorMode": null,
            "colors": [
              "rgba(245, 54, 54, 0.9)",
              "rgba(237, 129, 40, 0.89)",
              "rgba(50, 172, 45, 0.97)"
            ],
            "dateFormat": "YYYY-MM-DD HH:mm:ss",
            "decimals": 2,
            "mappingType": 1,
            "pattern": "volume",
            "thresholds": [],
            "type": "hidden",
            "unit": "short"
          },
          {
            "alias": "",
            "colorMode": null,
            "colors": [
              "rgba(245, 54, 54, 0.9)",
              "rgba(237, 129, 40, 0.89)",
              "rgba(50, 172, 45, 0.97)"
            ],
            "dateFormat": "YYYY-MM-DD HH:mm:ss",
            "decimals": 2,
            "mappingType": 1,
            "pattern": "status",
            "thresholds": [],
            "type": "hidden",
            "unit": "short"
          },
          {
            "alias": "Description",
            "colorMode": null,
            "colors": [
              "rgba(245, 54, 54, 0.9)",
              "rgba(237, 129, 40, 0.89)",
              "rgba(50, 172, 45, 0.97)"
            ],
            "dateFormat": "YYYY-MM-DD HH:mm:ss",
            "decimals": 2,
            "mappingType": 1,
            "pattern": "description",
            "thresholds": [],
            "type": "hidden",
            "unit": "short"
          },
          {
            "alias": "",
            "colorMode": null,
            "colors": [
              "rgba(245, 54, 54, 0.9)",
              "rgba(237, 129, 40, 0.89)",
              "rgba(50, 172, 45, 0.97)"
            ],
            "dateFormat": "YYYY-MM-DD HH:mm:ss",
            "decimals": 2,
            "mappingType": 1,
            "pattern": "environment",
            "thresholds": [],
            "type": "hidden",
            "unit": "short"
          },
          {
            "alias": "",
            "colorMode": null,
            "colors": [
              "rgba(245, 54, 54, 0.9)",
              "rgba(237, 129, 40, 0.89)",
              "rgba(50, 172, 45, 0.97)"
            ],
            "dateFormat": "YYYY-MM-DD HH:mm:ss",
            "decimals": 2,
            "mappingType": 1,
            "pattern": "host|thumbprint|valid",
            "thresholds": [],
            "type": "hidden",
            "unit": "short"
          },
          {
            "alias": "",
            "colorMode": null,
            "colors": [
              "rgba(245, 54, 54, 0.9)",
              "rgba(237, 129, 40, 0.89)",
              "rgba(50, 172, 45, 0.97)"
            ],
            "dateFormat": "YYYY-MM-DD HH:mm:ss",
            "decimals": 2,
            "mappingType": 1,
            "pattern": "status_code",
            "thresholds": [],
            "type": "hidden",
            "unit": "short"
          },
          {
            "alias": "",
            "colorMode": null,
            "colors": [
              "rgba(245, 54, 54, 0.9)",
              "rgba(237, 129, 40, 0.89)",
              "rgba(50, 172, 45, 0.97)"
            ],
            "decimals": 2,
            "pattern": "/.*/",
            "thresholds": [],
            "type": "string",
            "unit": "short"
          }
        ],
        "targets": [
          {
            "annotations": false,
            "expr": "severity=~\"$severity\",region=~\"$region\",severity!=\"information\",alertname!=\"DeadMansSwitch\"",
            "format": "table",
            "instant": false,
            "interval": "2s",
            "intervalFactor": 1,
            "labelSelector": "*",
            "legendFormat": "",
            "refId": "A",
            "target": "Query",
            "type": "table"
          }
        ],
        "title": "Active Alerts",
        "transform": "table",
        "transparent": true,
        "type": "table"
      }
    ],
    "refresh": "5s",
    "schemaVersion": 16,
    "style": "dark",
    "tags": [],
    "templating": {
      "list": [
        {
          "current": {
            "text": "Prometheus",
            "value": "Prometheus"
          },
          "hide": 2,
          "label": null,
          "name": "Datasource",
          "options": [],
          "query": "prometheus",
          "refresh": 1,
          "regex": "",
          "skipUrlSync": false,
          "type": "datasource"
        },
        {
          "allValue": ".*",
          "current": {
            "tags": [],
            "text": "All",
            "value": "$__all"
          },
          "datasource": "Prometheus",
          "hide": 1,
          "includeAll": true,
          "label": "Region",
          "multi": false,
          "name": "region",
          "options": [],
          "query": "label_values(wmi_system_system_up_time, region)",
          "refresh": 1,
          "regex": "",
          "skipUrlSync": false,
          "sort": 1,
          "tagValuesQuery": "",
          "tags": [],
          "tagsQuery": "",
          "type": "query",
          "useTags": false
        },
        {
          "allValue": ".*",
          "current": {
            "text": "All",
            "value": "$__all"
          },
          "datasource": "Prometheus",
          "hide": 1,
          "includeAll": true,
          "label": "Severity",
          "multi": false,
          "name": "severity",
          "options": [],
          "query": "label_values(ALERTS, severity)",
          "refresh": 1,
          "regex": "",
          "skipUrlSync": false,
          "sort": 0,
          "tagValuesQuery": "",
          "tags": [],
          "tagsQuery": "",
          "type": "query",
          "useTags": false
        }
      ]
    },
    "time": {
      "from": "now-6h",
      "to": "now"
    },
    "timepicker": {
      "hidden": true,
      "refresh_intervals": [
        "5s"
      ],
      "time_options": [
        "5m",
        "15m",
        "1h",
        "6h",
        "12h",
        "24h",
        "2d",
        "7d",
        "30d"
      ]
    },
    "timezone": "browser",
    "title": "Alerts - Overview (Mobile)",
    "uid": "jJj-KcFmz"
  }
}
