{
  "meta": {
    "type": "db",
    "canSave": true,
    "canEdit": true,
    "canAdmin": true,
    "canStar": true,
    "slug": "allocate-cloud-api-health",
    "url": "/d/w1XW9mRmz/allocate-cloud-api-health",
    "hasAcl": false,
    "isFolder": false,
    "folderId": 82,
    "folderTitle": "Alert Dashboards",
    "folderUrl": "/dashboards/f/juSr5EJik/alert-dashboards",
    "provisioned": false
  },
  "dashboard": {
    "annotations": {
      "list": [
        {
          "builtIn": 1,
          "datasource": "-- Grafana --",
          "enable": true,
          "hide": true,
          "iconColor": "rgba(0, 211, 255, 1)",
          "name": "Annotations & Alerts",
          "type": "dashboard"
        }
      ]
    },
    "editable": true,
    "gnetId": null,
    "graphTooltip": 0,
    "id": 36,
    "links": [],
    "panels": [
      {
        "clusterName": "CERBERUS-API-PROD",
        "colorMode": "Panel",
        "colors": {
          "crit": "rgba(245, 54, 54, 0.9)",
          "disable": "rgba(128, 128, 128, 0.9)",
          "ok": "rgba(50, 128, 45, 0.9)",
          "warn": "rgba(237, 129, 40, 0.9)"
        },
        "cornerRadius": null,
        "datasource": "Prometheus",
        "displayName": "CERBERUS-API-PROD",
        "flipCard": false,
        "flipTime": 5,
        "fontFormat": "Bold",
        "gridPos": {
          "h": 6,
          "w": 6,
          "x": 0,
          "y": 0
        },
        "id": 18,
        "isAutoScrollOnOverflow": false,
        "isGrayOnNoData": true,
        "isHideAlertsOnDisable": false,
        "isIgnoreOKColors": false,
        "links": [],
        "targets": [
          {
            "aggregation": "Last",
            "alias": "Cerberus Version",
            "crit": 0,
            "dateFormat": "",
            "decimals": 2,
            "displayAliasType": "Always",
            "displayType": "Regular",
            "displayValueWithAlias": "When Alias Displayed",
            "expr": "probe_success{instance=\"http://identity.allocate-cloud.co.uk/api/version/\"}",
            "format": "time_series",
            "instant": false,
            "interval": "",
            "intervalFactor": 1,
            "legendFormat": "Probe Status",
            "refId": "A",
            "units": "none",
            "valueHandler": "Number Threshold"
          },
          {
            "aggregation": "Last",
            "alias": "HTTP Status Code",
            "crit": 0,
            "dateFormat": "HH:mm:ss ",
            "decimals": 2,
            "displayAliasType": "Always",
            "displayType": "Regular",
            "displayValueWithAlias": "When Alias Displayed",
            "expr": "probe_http_status_code{instance=\"http://identity.allocate-cloud.co.uk/api/version/\"}",
            "format": "time_series",
            "instant": false,
            "intervalFactor": 1,
            "legendFormat": "HTTP Status Code",
            "refId": "B",
            "units": "short",
            "valueHandler": "Number Threshold"
          },
          {
            "aggregation": "Last",
            "alias": "Probe Status",
            "crit": 0,
            "decimals": 2,
            "displayAliasType": "Always",
            "displayType": "Regular",
            "displayValueWithAlias": "When Alias Displayed",
            "expr": "cerberus_version{instance=\"http://identity.allocate-cloud.co.uk/api/version/?json=%7B%22key%22:%22value%22%7D\",job=\"Allocate Cerberus API\"}",
            "format": "time_series",
            "instant": false,
            "intervalFactor": 1,
            "legendFormat": "Cerberus Version",
            "refId": "C",
            "units": "none",
            "valueHandler": "Number Threshold"
          }
        ],
        "title": "",
        "transparent": false,
        "type": "vonage-status-panel"
      },
      {
        "clusterName": "CLOUDSTAFF-HUB-PROD",
        "colorMode": "Panel",
        "colors": {
          "crit": "rgba(245, 54, 54, 0.9)",
          "disable": "rgba(128, 128, 128, 0.9)",
          "ok": "rgba(50, 128, 45, 0.9)",
          "warn": "rgba(237, 129, 40, 0.9)"
        },
        "cornerRadius": null,
        "datasource": "Prometheus",
        "displayName": "CLOUDSTAFF-HUB-PROD",
        "flipCard": false,
        "flipTime": 5,
        "fontFormat": "Bold",
        "gridPos": {
          "h": 6,
          "w": 6,
          "x": 6,
          "y": 0
        },
        "id": 19,
        "isAutoScrollOnOverflow": false,
        "isGrayOnNoData": true,
        "isHideAlertsOnDisable": false,
        "isIgnoreOKColors": false,
        "links": [],
        "targets": [
          {
            "aggregation": "Last",
            "alias": "Probe Status",
            "crit": 0,
            "dateFormat": "",
            "decimals": 2,
            "displayAliasType": "Always",
            "displayType": "Regular",
            "displayValueWithAlias": "When Alias Displayed",
            "expr": "probe_success{instance=\"https://cloudstaffhub.allocate-cloud.co.uk/diagnostics/canary\"}",
            "format": "time_series",
            "instant": false,
            "interval": "",
            "intervalFactor": 1,
            "legendFormat": "Probe Status",
            "refId": "A",
            "units": "none",
            "valueHandler": "Number Threshold"
          },
          {
            "aggregation": "Last",
            "alias": "HTTP Status Code",
            "crit": 0,
            "dateFormat": "HH:mm:ss ",
            "decimals": 2,
            "displayAliasType": "Always",
            "displayType": "Regular",
            "displayValueWithAlias": "When Alias Displayed",
            "expr": "probe_http_status_code{instance=\"https://cloudstaffhub.allocate-cloud.co.uk/diagnostics/canary\"}",
            "format": "time_series",
            "instant": false,
            "interval": "",
            "intervalFactor": 1,
            "legendFormat": "HTTP Status Code",
            "refId": "B",
            "units": "short",
            "valueHandler": "Number Threshold"
          }
        ],
        "title": "",
        "transparent": false,
        "type": "vonage-status-panel"
      },
      {
        "clusterName": "CLOUDSTAFF-API-PROD",
        "colorMode": "Panel",
        "colors": {
          "crit": "rgba(245, 54, 54, 0.9)",
          "disable": "rgba(128, 128, 128, 0.9)",
          "ok": "rgba(50, 128, 45, 0.9)",
          "warn": "rgba(237, 129, 40, 0.9)"
        },
        "cornerRadius": null,
        "datasource": "Prometheus",
        "displayName": "CLOUDSTAFF-API-PROD",
        "flipCard": false,
        "flipTime": 5,
        "fontFormat": "Bold",
        "gridPos": {
          "h": 6,
          "w": 6,
          "x": 12,
          "y": 0
        },
        "id": 12,
        "isAutoScrollOnOverflow": false,
        "isGrayOnNoData": true,
        "isHideAlertsOnDisable": false,
        "isIgnoreOKColors": false,
        "links": [],
        "targets": [
          {
            "aggregation": "Last",
            "alias": "Probe Status",
            "crit": 0,
            "dateFormat": "",
            "decimals": 2,
            "displayAliasType": "Always",
            "displayType": "Regular",
            "displayValueWithAlias": "When Alias Displayed",
            "expr": "probe_success{instance=\"https://cloudstaffapi.allocate-cloud.co.uk/diagnostics/canary\"}",
            "format": "time_series",
            "instant": false,
            "interval": "",
            "intervalFactor": 1,
            "legendFormat": "Probe Status",
            "refId": "A",
            "units": "none",
            "valueHandler": "Number Threshold"
          },
          {
            "aggregation": "Last",
            "alias": "HTTP Status Code",
            "crit": 0,
            "dateFormat": "HH:mm:ss ",
            "decimals": 2,
            "displayAliasType": "Always",
            "displayType": "Regular",
            "displayValueWithAlias": "When Alias Displayed",
            "expr": "probe_http_status_code{instance=\"https://cloudstaffapi.allocate-cloud.co.uk/diagnostics/canary\"}",
            "format": "time_series",
            "instant": false,
            "intervalFactor": 1,
            "legendFormat": "HTTP Status Code",
            "refId": "B",
            "units": "short",
            "valueHandler": "Number Threshold"
          }
        ],
        "title": "",
        "type": "vonage-status-panel"
      },
      {
        "clusterName": "AIS-API-PREPROD",
        "colorMode": "Panel",
        "colors": {
          "crit": "rgba(245, 54, 54, 0.9)",
          "disable": "rgba(128, 128, 128, 0.9)",
          "ok": "rgba(50, 128, 45, 0.9)",
          "warn": "rgba(237, 129, 40, 0.9)"
        },
        "cornerRadius": null,
        "datasource": "Prometheus",
        "displayName": "AIS-API-PREPROD",
        "flipCard": false,
        "flipTime": 5,
        "fontFormat": "Bold",
        "gridPos": {
          "h": 6,
          "w": 6,
          "x": 18,
          "y": 0
        },
        "id": 17,
        "isAutoScrollOnOverflow": false,
        "isGrayOnNoData": true,
        "isHideAlertsOnDisable": false,
        "isIgnoreOKColors": false,
        "links": [],
        "targets": [
          {
            "aggregation": "Last",
            "alias": "Probe Status",
            "crit": 0,
            "dateFormat": "",
            "decimals": 2,
            "displayAliasType": "Always",
            "displayType": "Regular",
            "displayValueWithAlias": "When Alias Displayed",
            "expr": "probe_success{instance=\"https://pas.allocate-cloud.com/AIS/AIS_TEST/\"}",
            "format": "time_series",
            "instant": false,
            "interval": "",
            "intervalFactor": 1,
            "legendFormat": "Probe Status",
            "refId": "A",
            "units": "none",
            "valueHandler": "Number Threshold"
          },
          {
            "aggregation": "Last",
            "alias": "HTTP Status Code",
            "crit": 0,
            "dateFormat": "HH:mm:ss ",
            "decimals": 2,
            "displayAliasType": "Always",
            "displayType": "Regular",
            "displayValueWithAlias": "When Alias Displayed",
            "expr": "probe_http_status_code{instance=\"https://pas.allocate-cloud.com/AIS/AIS_TEST/\"}",
            "format": "time_series",
            "instant": false,
            "intervalFactor": 1,
            "legendFormat": "HTTP Status Code",
            "refId": "B",
            "units": "short",
            "valueHandler": "Number Threshold"
          }
        ],
        "title": "",
        "type": "vonage-status-panel"
      },
      {
        "clusterName": "CERBERUS-API-PREPROD",
        "colorMode": "Panel",
        "colors": {
          "crit": "rgba(245, 54, 54, 0.9)",
          "disable": "rgba(128, 128, 128, 0.9)",
          "ok": "rgba(50, 128, 45, 0.9)",
          "warn": "rgba(237, 129, 40, 0.9)"
        },
        "cornerRadius": null,
        "datasource": "Prometheus",
        "displayName": "CERBERUS-API-PREPROD",
        "flipCard": false,
        "flipTime": 5,
        "fontFormat": "Bold",
        "gridPos": {
          "h": 6,
          "w": 6,
          "x": 0,
          "y": 6
        },
        "id": 15,
        "isAutoScrollOnOverflow": false,
        "isGrayOnNoData": true,
        "isHideAlertsOnDisable": false,
        "isIgnoreOKColors": false,
        "links": [],
        "targets": [
          {
            "aggregation": "Last",
            "alias": "Cerberus Version",
            "crit": 0,
            "dateFormat": "",
            "decimals": 2,
            "displayAliasType": "Always",
            "displayType": "Regular",
            "displayValueWithAlias": "When Alias Displayed",
            "expr": "probe_success{instance=\"http://identitytest.allocate-cloud.co.uk/api/version/\"}",
            "format": "time_series",
            "instant": false,
            "interval": "",
            "intervalFactor": 1,
            "legendFormat": "Probe Status",
            "refId": "A",
            "units": "none",
            "valueHandler": "Number Threshold"
          },
          {
            "aggregation": "Last",
            "alias": "HTTP Status Code",
            "crit": 0,
            "dateFormat": "HH:mm:ss ",
            "decimals": 2,
            "displayAliasType": "Always",
            "displayType": "Regular",
            "displayValueWithAlias": "When Alias Displayed",
            "expr": "probe_http_status_code{instance=\"http://identitytest.allocate-cloud.co.uk/api/version/\"}",
            "format": "time_series",
            "instant": false,
            "intervalFactor": 1,
            "legendFormat": "HTTP Status Code",
            "refId": "B",
            "units": "short",
            "valueHandler": "Number Threshold"
          },
          {
            "aggregation": "Last",
            "alias": "Probe Status",
            "crit": 0,
            "decimals": 2,
            "displayAliasType": "Always",
            "displayType": "Regular",
            "displayValueWithAlias": "When Alias Displayed",
            "expr": "cerberus_version{instance=\"http://identitytest.allocate-cloud.co.uk/api/version/?json=%7B%22key%22:%22value%22%7D\",job=\"Allocate Cerberus API\"}",
            "format": "time_series",
            "instant": false,
            "intervalFactor": 1,
            "legendFormat": "Cerberus Version",
            "refId": "C",
            "units": "none",
            "valueHandler": "Number Threshold"
          }
        ],
        "title": "",
        "transparent": false,
        "type": "vonage-status-panel"
      },
      {
        "clusterName": "CLOUDSTAFF-HUB-PREPROD",
        "colorMode": "Panel",
        "colors": {
          "crit": "rgba(245, 54, 54, 0.9)",
          "disable": "rgba(128, 128, 128, 0.9)",
          "ok": "rgba(50, 128, 45, 0.9)",
          "warn": "rgba(237, 129, 40, 0.9)"
        },
        "cornerRadius": null,
        "datasource": "Prometheus",
        "displayName": "CLOUDSTAFF-HUB-PREPROD",
        "flipCard": false,
        "flipTime": 5,
        "fontFormat": "Bold",
        "gridPos": {
          "h": 6,
          "w": 6,
          "x": 6,
          "y": 6
        },
        "id": 13,
        "isAutoScrollOnOverflow": false,
        "isGrayOnNoData": true,
        "isHideAlertsOnDisable": false,
        "isIgnoreOKColors": false,
        "links": [],
        "targets": [
          {
            "aggregation": "Last",
            "alias": "Probe Status",
            "crit": 0,
            "dateFormat": "",
            "decimals": 2,
            "displayAliasType": "Always",
            "displayType": "Regular",
            "displayValueWithAlias": "When Alias Displayed",
            "expr": "probe_success{instance=\"https://cloudstaffhubpreprod.allocate-cloud.co.uk/diagnostics/canary\"}",
            "format": "time_series",
            "instant": false,
            "interval": "",
            "intervalFactor": 1,
            "legendFormat": "Probe Status",
            "refId": "A",
            "units": "none",
            "valueHandler": "Number Threshold"
          },
          {
            "aggregation": "Last",
            "alias": "HTTP Status Code",
            "crit": 0,
            "dateFormat": "HH:mm:ss ",
            "decimals": 2,
            "displayAliasType": "Always",
            "displayType": "Regular",
            "displayValueWithAlias": "When Alias Displayed",
            "expr": "probe_http_status_code{instance=\"https://cloudstaffhubpreprod.allocate-cloud.co.uk/diagnostics/canary\"}",
            "format": "time_series",
            "instant": false,
            "intervalFactor": 1,
            "legendFormat": "HTTP Status Code",
            "refId": "B",
            "units": "short",
            "valueHandler": "Number Threshold"
          }
        ],
        "title": "",
        "transparent": false,
        "type": "vonage-status-panel"
      },
      {
        "clusterName": "CLOUDSTAFF-API-PREPROD",
        "colorMode": "Panel",
        "colors": {
          "crit": "rgba(245, 54, 54, 0.9)",
          "disable": "rgba(128, 128, 128, 0.9)",
          "ok": "rgba(50, 128, 45, 0.9)",
          "warn": "rgba(237, 129, 40, 0.9)"
        },
        "cornerRadius": null,
        "datasource": "Prometheus",
        "displayName": "CLOUDSTAFF-API-PREPROD",
        "flipCard": false,
        "flipTime": 5,
        "fontFormat": "Bold",
        "gridPos": {
          "h": 6,
          "w": 6,
          "x": 12,
          "y": 6
        },
        "id": 20,
        "isAutoScrollOnOverflow": false,
        "isGrayOnNoData": true,
        "isHideAlertsOnDisable": false,
        "isIgnoreOKColors": false,
        "links": [],
        "targets": [
          {
            "aggregation": "Last",
            "alias": "Probe Status",
            "crit": 0,
            "dateFormat": "",
            "decimals": 2,
            "displayAliasType": "Always",
            "displayType": "Regular",
            "displayValueWithAlias": "When Alias Displayed",
            "expr": "probe_success{instance=\"https://cloudstaffapipreprod.allocate-cloud.co.uk/diagnostics/canary\"}",
            "format": "time_series",
            "instant": false,
            "interval": "",
            "intervalFactor": 1,
            "legendFormat": "Probe Status",
            "refId": "A",
            "units": "none",
            "valueHandler": "Number Threshold"
          },
          {
            "aggregation": "Last",
            "alias": "HTTP Status Code",
            "crit": 0,
            "dateFormat": "HH:mm:ss ",
            "decimals": 2,
            "displayAliasType": "Always",
            "displayType": "Regular",
            "displayValueWithAlias": "When Alias Displayed",
            "expr": "probe_http_status_code{instance=\"https://cloudstaffapipreprod.allocate-cloud.co.uk/diagnostics/canary\"}",
            "format": "time_series",
            "instant": false,
            "intervalFactor": 1,
            "legendFormat": "HTTP Status Code",
            "refId": "B",
            "units": "short",
            "valueHandler": "Number Threshold"
          }
        ],
        "title": "",
        "type": "vonage-status-panel"
      },
      {
        "clusterName": "AIS-API-PROD",
        "colorMode": "Panel",
        "colors": {
          "crit": "rgba(245, 54, 54, 0.9)",
          "disable": "rgba(128, 128, 128, 0.9)",
          "ok": "rgba(50, 128, 45, 0.9)",
          "warn": "rgba(237, 129, 40, 0.9)"
        },
        "cornerRadius": null,
        "datasource": "Prometheus",
        "displayName": "AIS-API-PROD",
        "flipCard": false,
        "flipTime": 5,
        "fontFormat": "Bold",
        "gridPos": {
          "h": 6,
          "w": 6,
          "x": 18,
          "y": 6
        },
        "id": 16,
        "isAutoScrollOnOverflow": false,
        "isGrayOnNoData": true,
        "isHideAlertsOnDisable": false,
        "isIgnoreOKColors": false,
        "links": [],
        "targets": [
          {
            "aggregation": "Last",
            "alias": "Probe Status",
            "crit": 0,
            "dateFormat": "",
            "decimals": 2,
            "displayAliasType": "Always",
            "displayType": "Regular",
            "displayValueWithAlias": "When Alias Displayed",
            "expr": "probe_success{instance=\"https://pas.allocate-cloud.com/AIS/PROD/\"}",
            "format": "time_series",
            "instant": false,
            "interval": "",
            "intervalFactor": 1,
            "legendFormat": "Probe Status",
            "refId": "A",
            "units": "none",
            "valueHandler": "Number Threshold"
          },
          {
            "aggregation": "Last",
            "alias": "HTTP Status Code",
            "crit": 0,
            "dateFormat": "HH:mm:ss ",
            "decimals": 2,
            "displayAliasType": "Always",
            "displayType": "Regular",
            "displayValueWithAlias": "When Alias Displayed",
            "expr": "probe_http_status_code{instance=\"https://pas.allocate-cloud.com/AIS/PROD/\"}",
            "format": "time_series",
            "instant": false,
            "intervalFactor": 1,
            "legendFormat": "HTTP Status Code",
            "refId": "B",
            "units": "short",
            "valueHandler": "Number Threshold"
          }
        ],
        "title": "",
        "type": "vonage-status-panel"
      },
      {
        "clusterName": "ALLOCATEME-API-PROD",
        "colorMode": "Panel",
        "colors": {
          "crit": "rgba(245, 54, 54, 0.9)",
          "disable": "rgba(128, 128, 128, 0.9)",
          "ok": "rgba(50, 128, 45, 0.9)",
          "warn": "rgba(237, 129, 40, 0.9)"
        },
        "cornerRadius": null,
        "datasource": "Prometheus",
        "displayName": "ALLOCATEME-API-PROD",
        "flipCard": false,
        "flipTime": 5,
        "fontFormat": "Bold",
        "gridPos": {
          "h": 6,
          "w": 6,
          "x": 0,
          "y": 12
        },
        "id": 21,
        "isAutoScrollOnOverflow": false,
        "isGrayOnNoData": true,
        "isHideAlertsOnDisable": false,
        "isIgnoreOKColors": false,
        "links": [],
        "targets": [
          {
            "aggregation": "Last",
            "alias": "Probe Status",
            "crit": 0,
            "dateFormat": "",
            "decimals": 2,
            "displayAliasType": "Always",
            "displayType": "Regular",
            "displayValueWithAlias": "When Alias Displayed",
            "expr": "probe_success{instance=\"https://me.allocate-cloud.co.uk/Web/TokenManager\"}",
            "format": "time_series",
            "instant": false,
            "interval": "",
            "intervalFactor": 1,
            "legendFormat": "Probe Status",
            "refId": "A",
            "units": "none",
            "valueHandler": "Number Threshold"
          },
          {
            "aggregation": "Last",
            "alias": "HTTP Status Code",
            "crit": 0,
            "dateFormat": "HH:mm:ss ",
            "decimals": 2,
            "displayAliasType": "Always",
            "displayType": "Regular",
            "displayValueWithAlias": "When Alias Displayed",
            "expr": "probe_http_status_code{instance=\"https://me.allocate-cloud.co.uk/Web/TokenManager\"}",
            "format": "time_series",
            "instant": false,
            "intervalFactor": 1,
            "legendFormat": "HTTP Status Code",
            "refId": "B",
            "units": "short",
            "valueHandler": "Number Threshold"
          }
        ],
        "title": "",
        "type": "vonage-status-panel"
      },
      {
        "clusterName": "ALLOCATEME-API-PREPROD",
        "colorMode": "Panel",
        "colors": {
          "crit": "rgba(245, 54, 54, 0.9)",
          "disable": "rgba(128, 128, 128, 0.9)",
          "ok": "rgba(50, 128, 45, 0.9)",
          "warn": "rgba(237, 129, 40, 0.9)"
        },
        "cornerRadius": null,
        "datasource": "Prometheus",
        "displayName": "ALLOCATEME-API-PREPROD",
        "flipCard": false,
        "flipTime": 5,
        "fontFormat": "Bold",
        "gridPos": {
          "h": 6,
          "w": 6,
          "x": 6,
          "y": 12
        },
        "id": 22,
        "isAutoScrollOnOverflow": false,
        "isGrayOnNoData": true,
        "isHideAlertsOnDisable": false,
        "isIgnoreOKColors": false,
        "links": [],
        "targets": [
          {
            "aggregation": "Last",
            "alias": "Probe Status",
            "crit": 0,
            "dateFormat": "",
            "decimals": 2,
            "displayAliasType": "Always",
            "displayType": "Regular",
            "displayValueWithAlias": "When Alias Displayed",
            "expr": "probe_success{instance=\"https://mepreprod.allocate-cloud.co.uk/Web/TokenManager\"}",
            "format": "time_series",
            "instant": false,
            "interval": "",
            "intervalFactor": 1,
            "legendFormat": "Probe Status",
            "refId": "A",
            "units": "none",
            "valueHandler": "Number Threshold"
          },
          {
            "aggregation": "Last",
            "alias": "HTTP Status Code",
            "crit": 0,
            "dateFormat": "HH:mm:ss ",
            "decimals": 2,
            "displayAliasType": "Always",
            "displayType": "Regular",
            "displayValueWithAlias": "When Alias Displayed",
            "expr": "probe_http_status_code{instance=\"https://mepreprod.allocate-cloud.co.uk/Web/TokenManager\"}",
            "format": "time_series",
            "instant": false,
            "intervalFactor": 1,
            "legendFormat": "HTTP Status Code",
            "refId": "B",
            "units": "short",
            "valueHandler": "Number Threshold"
          }
        ],
        "title": "",
        "type": "vonage-status-panel"
      },
      {
        "clusterName": "CLOUD-CONNECT-API-PROD",
        "colorMode": "Panel",
        "colors": {
          "crit": "rgba(245, 54, 54, 0.9)",
          "disable": "rgba(128, 128, 128, 0.9)",
          "ok": "rgba(50, 128, 45, 0.9)",
          "warn": "rgba(237, 129, 40, 0.9)"
        },
        "cornerRadius": null,
        "datasource": "Prometheus",
        "displayName": "CLOUD-CONNECT-API-PROD",
        "flipCard": false,
        "flipTime": 5,
        "fontFormat": "Bold",
        "gridPos": {
          "h": 6,
          "w": 6,
          "x": 12,
          "y": 12
        },
        "id": 14,
        "isAutoScrollOnOverflow": false,
        "isGrayOnNoData": true,
        "isHideAlertsOnDisable": false,
        "isIgnoreOKColors": false,
        "links": [],
        "targets": [
          {
            "aggregation": "Last",
            "alias": "Probe Status",
            "crit": 0,
            "dateFormat": "",
            "decimals": 2,
            "displayAliasType": "Always",
            "displayType": "Regular",
            "displayValueWithAlias": "When Alias Displayed",
            "expr": "probe_success{instance=\"https://connect.allocate-cloud.com/CloudConnect/api/version\"}",
            "format": "time_series",
            "instant": false,
            "interval": "",
            "intervalFactor": 1,
            "legendFormat": "Probe Status",
            "refId": "A",
            "units": "none",
            "valueHandler": "Number Threshold"
          },
          {
            "aggregation": "Last",
            "alias": "HTTP Status Code",
            "crit": 0,
            "dateFormat": "HH:mm:ss ",
            "decimals": 2,
            "displayAliasType": "Always",
            "displayType": "Regular",
            "displayValueWithAlias": "When Alias Displayed",
            "expr": "probe_http_status_code{instance=\"https://connect.allocate-cloud.com/CloudConnect/api/version\"}",
            "format": "time_series",
            "instant": false,
            "intervalFactor": 1,
            "legendFormat": "HTTP Status Code",
            "refId": "B",
            "units": "short",
            "valueHandler": "Number Threshold"
          }
        ],
        "title": "",
        "type": "vonage-status-panel"
      },
      {
        "clusterName": "HEALTH-MEDICS-STUNNEL",
        "colorMode": "Panel",
        "colors": {
          "crit": "rgba(245, 54, 54, 0.9)",
          "disable": "rgba(128, 128, 128, 0.9)",
          "ok": "rgba(50, 128, 45, 0.9)",
          "warn": "rgba(237, 129, 40, 0.9)"
        },
        "cornerRadius": null,
        "datasource": "Prometheus",
        "displayName": "HEALTH-MEDICS-STUNNEL",
        "flipCard": false,
        "flipTime": 5,
        "fontFormat": "Bold",
        "gridPos": {
          "h": 6,
          "w": 6,
          "x": 18,
          "y": 12
        },
        "id": 23,
        "isAutoScrollOnOverflow": false,
        "isGrayOnNoData": true,
        "isHideAlertsOnDisable": false,
        "isIgnoreOKColors": false,
        "links": [],
        "targets": [
          {
            "aggregation": "Last",
            "alias": "Probe Status",
            "crit": 0,
            "dateFormat": "",
            "decimals": 2,
            "displayAliasType": "Always",
            "displayType": "Regular",
            "displayValueWithAlias": "When Alias Displayed",
            "expr": "probe_success{instance=\"UKASHMPROXY01:143\"}",
            "format": "time_series",
            "instant": false,
            "interval": "",
            "intervalFactor": 1,
            "legendFormat": "Probe Status",
            "refId": "A",
            "units": "none",
            "valueHandler": "Number Threshold"
          },
          {
            "aggregation": "Last",
            "alias": "Regex Failure",
            "crit": 1,
            "dateFormat": "HH:mm:ss ",
            "decimals": 2,
            "displayAliasType": "Always",
            "displayType": "Regular",
            "displayValueWithAlias": "When Alias Displayed",
            "expr": "probe_failed_due_to_regex{instance=\"UKASHMPROXY01:143\"}",
            "format": "time_series",
            "instant": false,
            "intervalFactor": 1,
            "legendFormat": "Regex Failure",
            "refId": "B",
            "units": "short",
            "valueHandler": "Number Threshold"
          }
        ],
        "title": "",
        "type": "vonage-status-panel"
      },
      {
        "clusterName": "EDGE6-PROXY",
        "colorMode": "Panel",
        "colors": {
          "crit": "rgba(245, 54, 54, 0.9)",
          "disable": "rgba(128, 128, 128, 0.9)",
          "ok": "rgba(50, 128, 45, 0.9)",
          "warn": "rgba(237, 129, 40, 0.9)"
        },
        "cornerRadius": null,
        "datasource": "Prometheus",
        "displayName": "EDGE6-PROXY",
        "flipCard": false,
        "flipTime": 5,
        "fontFormat": "Bold",
        "gridPos": {
          "h": 6,
          "w": 6,
          "x": 0,
          "y": 18
        },
        "id": 24,
        "isAutoScrollOnOverflow": false,
        "isGrayOnNoData": true,
        "isHideAlertsOnDisable": false,
        "isIgnoreOKColors": false,
        "links": [],
        "targets": [
          {
            "aggregation": "Last",
            "alias": "Probe Status",
            "crit": 0,
            "dateFormat": "",
            "decimals": 2,
            "displayAliasType": "Always",
            "displayType": "Regular",
            "displayValueWithAlias": "When Alias Displayed",
            "expr": "probe_success{job=\"EDGE6 Transparent Proxy\"}",
            "format": "time_series",
            "instant": false,
            "interval": "",
            "intervalFactor": 1,
            "legendFormat": "Probe Status",
            "refId": "A",
            "units": "none",
            "valueHandler": "Number Threshold"
          },
          {
            "aggregation": "Last",
            "alias": "HTTP Status Code",
            "crit": 0,
            "dateFormat": "HH:mm:ss ",
            "decimals": 2,
            "displayAliasType": "Always",
            "displayType": "Regular",
            "displayValueWithAlias": "When Alias Displayed",
            "expr": "probe_http_status_code{job=\"EDGE6 Transparent Proxy\"}",
            "format": "time_series",
            "instant": false,
            "intervalFactor": 1,
            "legendFormat": "HTTP Status Code",
            "refId": "B",
            "units": "short",
            "valueHandler": "Number Threshold"
          }
        ],
        "title": "",
        "type": "vonage-status-panel"
      },
      {
        "clusterName": "EDGE7-PROXY",
        "colorMode": "Panel",
        "colors": {
          "crit": "rgba(245, 54, 54, 0.9)",
          "disable": "rgba(128, 128, 128, 0.9)",
          "ok": "rgba(50, 128, 45, 0.9)",
          "warn": "rgba(237, 129, 40, 0.9)"
        },
        "cornerRadius": null,
        "datasource": "Prometheus",
        "displayName": "EDGE7-PROXY",
        "flipCard": false,
        "flipTime": 5,
        "fontFormat": "Bold",
        "gridPos": {
          "h": 6,
          "w": 6,
          "x": 6,
          "y": 18
        },
        "id": 25,
        "isAutoScrollOnOverflow": false,
        "isGrayOnNoData": true,
        "isHideAlertsOnDisable": false,
        "isIgnoreOKColors": false,
        "links": [],
        "targets": [
          {
            "aggregation": "Last",
            "alias": "Probe Status",
            "crit": 0,
            "dateFormat": "",
            "decimals": 2,
            "displayAliasType": "Always",
            "displayType": "Regular",
            "displayValueWithAlias": "When Alias Displayed",
            "expr": "probe_success{job=\"EDGE7 Transparent Proxy\"}",
            "format": "time_series",
            "instant": false,
            "interval": "",
            "intervalFactor": 1,
            "legendFormat": "Probe Status",
            "refId": "A",
            "units": "none",
            "valueHandler": "Number Threshold"
          },
          {
            "aggregation": "Last",
            "alias": "HTTP Status Code",
            "crit": 0,
            "dateFormat": "HH:mm:ss ",
            "decimals": 2,
            "displayAliasType": "Always",
            "displayType": "Regular",
            "displayValueWithAlias": "When Alias Displayed",
            "expr": "probe_http_status_code{job=\"EDGE7 Transparent Proxy\"}",
            "format": "time_series",
            "instant": false,
            "intervalFactor": 1,
            "legendFormat": "HTTP Status Code",
            "refId": "B",
            "units": "short",
            "valueHandler": "Number Threshold"
          }
        ],
        "title": "",
        "type": "vonage-status-panel"
      },
      {
        "clusterName": "NHSP-UKASESBPRD01-INTERFACE",
        "colorMode": "Panel",
        "colors": {
          "crit": "rgba(245, 54, 54, 0.9)",
          "disable": "rgba(128, 128, 128, 0.9)",
          "ok": "rgba(50, 128, 45, 0.9)",
          "warn": "rgba(237, 129, 40, 0.9)"
        },
        "cornerRadius": null,
        "datasource": "Prometheus",
        "displayName": "NHSP-UKASESBPRD01-INTERFACE",
        "flipCard": false,
        "flipTime": 5,
        "fontFormat": "Bold",
        "gridPos": {
          "h": 6,
          "w": 6,
          "x": 12,
          "y": 18
        },
        "id": 26,
        "isAutoScrollOnOverflow": false,
        "isGrayOnNoData": true,
        "isHideAlertsOnDisable": false,
        "isIgnoreOKColors": false,
        "links": [],
        "namePrefix": "",
        "targets": [
          {
            "aggregation": "Last",
            "alias": "Response Time",
            "crit": 10000,
            "dateFormat": "",
            "decimals": 2,
            "displayAliasType": "Always",
            "displayType": "Regular",
            "displayValueWithAlias": "When Alias Displayed",
            "expr": "wmi_textfile_nhsp_response",
            "format": "time_series",
            "instant": false,
            "interval": "",
            "intervalFactor": 1,
            "legendFormat": "Response Time",
            "refId": "A",
            "units": "ms",
            "valueHandler": "Number Threshold",
            "warn": 5000
          },
          {
            "aggregation": "Last",
            "crit": "0",
            "dateFormat": "HH:mm:ss ",
            "decimals": 2,
            "displayAliasType": "Always",
            "displayType": "Regular",
            "displayValueWithAlias": "When Alias Displayed",
            "expr": "wmi_textfile_nhsp_version",
            "format": "time_series",
            "instant": false,
            "interval": "",
            "intervalFactor": 1,
            "legendFormat": "Version",
            "refId": "B",
            "units": "short",
            "valueHandler": "Text Only"
          }
        ],
        "title": "",
        "type": "vonage-status-panel"
      },
      {
        "clusterName": "NHSP-UKASESBPRD01-MFuseConsole",
        "colorMode": "Panel",
        "colors": {
          "crit": "rgba(245, 54, 54, 0.9)",
          "disable": "rgba(128, 128, 128, 0.9)",
          "ok": "rgba(50, 128, 45, 0.9)",
          "warn": "rgba(237, 129, 40, 0.9)"
        },
        "cornerRadius": null,
        "datasource": "Prometheus",
        "displayName": "NHSP-UKASESBPRD01-MFuseConsole",
        "flipCard": false,
        "flipTime": 5,
        "fontFormat": "Bold",
        "gridPos": {
          "h": 6,
          "w": 6,
          "x": 18,
          "y": 18
        },
        "id": 27,
        "isAutoScrollOnOverflow": false,
        "isGrayOnNoData": true,
        "isHideAlertsOnDisable": false,
        "isIgnoreOKColors": false,
        "links": [],
        "targets": [
          {
            "aggregation": "Last",
            "alias": "Probe Status",
            "crit": 0,
            "dateFormat": "",
            "decimals": 2,
            "displayAliasType": "Always",
            "displayType": "Regular",
            "displayValueWithAlias": "When Alias Displayed",
            "expr": "probe_success{instance=\"http://172.16.0.73:8181/activemqweb\"}",
            "format": "time_series",
            "instant": false,
            "interval": "",
            "intervalFactor": 1,
            "legendFormat": "Probe Status",
            "refId": "A",
            "units": "none",
            "valueHandler": "Number Threshold"
          },
          {
            "aggregation": "Last",
            "alias": "HTTP Status Code",
            "crit": 0,
            "dateFormat": "HH:mm:ss ",
            "decimals": 2,
            "displayAliasType": "Always",
            "displayType": "Regular",
            "displayValueWithAlias": "When Alias Displayed",
            "expr": "probe_http_status_code{instance=\"http://172.16.0.73:8181/activemqweb\"}",
            "format": "time_series",
            "instant": false,
            "intervalFactor": 1,
            "legendFormat": "HTTP Status Code",
            "refId": "B",
            "units": "short",
            "valueHandler": "Number Threshold"
          }
        ],
        "title": "",
        "type": "vonage-status-panel"
      }
    ],
    "refresh": "5s",
    "schemaVersion": 16,
    "style": "dark",
    "tags": [],
    "templating": {
      "list": []
    },
    "time": {
      "from": "now-1m",
      "to": "now"
    },
    "timepicker": {
      "refresh_intervals": [
        "5s",
        "10s",
        "30s",
        "1m",
        "5m",
        "15m",
        "30m",
        "1h",
        "2h",
        "1d"
      ],
      "time_options": [
        "5m",
        "15m",
        "1h",
        "6h",
        "12h",
        "24h",
        "2d",
        "7d",
        "30d"
      ]
    },
    "timezone": "",
    "title": "Allocate Cloud API Health",
    "uid": "w1XW9mRmz"
  }
}
