{
  "meta": {
    "type": "db",
    "canSave": true,
    "canEdit": true,
    "canAdmin": true,
    "canStar": true,
    "slug": "amazon-rds-os-metrics",
    "url": "/d/q7QpyVxik/amazon-rds-os-metrics",
    "hasAcl": false,
    "isFolder": false,
    "folderId": 0,
    "folderTitle": "General",
    "folderUrl": "",
    "provisioned": false
  },
  "dashboard": {
    "annotations": {
      "list": [
        {
          "builtIn": 1,
          "datasource": "-- Grafana --",
          "enable": true,
          "hide": true,
          "iconColor": "rgba(0, 211, 255, 1)",
          "name": "Annotations & Alerts",
          "type": "dashboard"
        }
      ]
    },
    "description": "Visualize OS metrics for Amazon RDS instance",
    "editable": true,
    "gnetId": 702,
    "graphTooltip": 1,
    "id": 87,
    "iteration": 1539936244745,
    "links": [],
    "panels": [
      {
        "collapsed": false,
        "gridPos": {
          "h": 1,
          "w": 24,
          "x": 0,
          "y": 0
        },
        "id": 14,
        "panels": [],
        "title": "Cost",
        "type": "row"
      },
      {
        "content": "# Cost\n\nAmazon provides 1 million CloudWatch API requests each month at no additional charge. Past this, it costs $0.01 per 1,000 requests. This dashboard does 15 requests on each refresh.",
        "datasource": "AllocateCloudV3-CloudWatch",
        "editable": true,
        "error": false,
        "gridPos": {
          "h": 3,
          "w": 24,
          "x": 0,
          "y": 1
        },
        "id": 12,
        "isNew": true,
        "links": [],
        "mode": "markdown",
        "title": "",
        "transparent": true,
        "type": "text"
      },
      {
        "collapsed": false,
        "gridPos": {
          "h": 1,
          "w": 24,
          "x": 0,
          "y": 4
        },
        "id": 15,
        "panels": [],
        "title": "Row",
        "type": "row"
      },
      {
        "aliasColors": {
          "CPU": "#E24D42"
        },
        "bars": false,
        "dashLength": 10,
        "dashes": false,
        "datasource": "AllocateCloudV3-CloudWatch",
        "editable": true,
        "error": false,
        "fill": 2,
        "grid": {},
        "gridPos": {
          "h": 7,
          "w": 12,
          "x": 0,
          "y": 5
        },
        "id": 2,
        "isNew": true,
        "legend": {
          "alignAsTable": true,
          "avg": true,
          "current": false,
          "max": true,
          "min": true,
          "show": true,
          "total": false,
          "values": true
        },
        "lines": true,
        "linewidth": 2,
        "links": [],
        "nullPointMode": "null",
        "percentage": false,
        "pointradius": 5,
        "points": false,
        "renderer": "flot",
        "seriesOverrides": [],
        "spaceLength": 10,
        "stack": false,
        "steppedLine": false,
        "targets": [
          {
            "alias": "CPU",
            "dimensions": {
              "DBInstanceIdentifier": "$instance"
            },
            "expr": "",
            "intervalFactor": 2,
            "metricName": "CPUUtilization",
            "namespace": "AWS/RDS",
            "period": "60",
            "refId": "A",
            "region": "$region",
            "statistics": [
              "Average"
            ]
          }
        ],
        "thresholds": [],
        "timeFrom": null,
        "timeShift": null,
        "title": "CPU Utilization",
        "tooltip": {
          "msResolution": false,
          "shared": true,
          "sort": 0,
          "value_type": "cumulative"
        },
        "type": "graph",
        "xaxis": {
          "buckets": null,
          "mode": "time",
          "name": null,
          "show": true,
          "values": []
        },
        "yaxes": [
          {
            "format": "percent",
            "label": null,
            "logBase": 1,
            "max": null,
            "min": 0,
            "show": true
          },
          {
            "format": "short",
            "label": null,
            "logBase": 1,
            "max": null,
            "min": null,
            "show": true
          }
        ],
        "yaxis": {
          "align": false,
          "alignLevel": null
        }
      },
      {
        "aliasColors": {
          "Credits Accumulated": "#447EBC",
          "Credits Consumed": "#E0752D"
        },
        "bars": false,
        "dashLength": 10,
        "dashes": false,
        "datasource": "AllocateCloudV3-CloudWatch",
        "editable": true,
        "error": false,
        "fill": 2,
        "grid": {},
        "gridPos": {
          "h": 7,
          "w": 12,
          "x": 12,
          "y": 5
        },
        "id": 11,
        "isNew": true,
        "legend": {
          "alignAsTable": true,
          "avg": true,
          "current": false,
          "max": true,
          "min": true,
          "show": true,
          "total": false,
          "values": true
        },
        "lines": true,
        "linewidth": 2,
        "links": [],
        "nullPointMode": "null",
        "percentage": false,
        "pointradius": 5,
        "points": false,
        "renderer": "flot",
        "seriesOverrides": [],
        "spaceLength": 10,
        "stack": false,
        "steppedLine": false,
        "targets": [
          {
            "alias": "Credits Accumulated",
            "dimensions": {
              "DBInstanceIdentifier": "$instance"
            },
            "expr": "",
            "intervalFactor": 2,
            "metricName": "CPUCreditBalance",
            "namespace": "AWS/RDS",
            "period": "300",
            "refId": "B",
            "region": "$region",
            "statistics": [
              "Average"
            ]
          },
          {
            "alias": "Credits Consumed",
            "dimensions": {
              "DBInstanceIdentifier": "$instance"
            },
            "expr": "",
            "intervalFactor": 2,
            "metricName": "CPUCreditUsage",
            "namespace": "AWS/RDS",
            "period": "300",
            "refId": "C",
            "region": "$region",
            "statistics": [
              "Average"
            ]
          }
        ],
        "thresholds": [],
        "timeFrom": null,
        "timeShift": null,
        "title": "CPU Credit Usage",
        "tooltip": {
          "msResolution": false,
          "shared": true,
          "sort": 0,
          "value_type": "cumulative"
        },
        "type": "graph",
        "xaxis": {
          "buckets": null,
          "mode": "time",
          "name": null,
          "show": true,
          "values": []
        },
        "yaxes": [
          {
            "format": "none",
            "label": null,
            "logBase": 1,
            "max": null,
            "min": 0,
            "show": true
          },
          {
            "format": "short",
            "label": null,
            "logBase": 1,
            "max": null,
            "min": null,
            "show": true
          }
        ],
        "yaxis": {
          "align": false,
          "alignLevel": null
        }
      },
      {
        "collapsed": false,
        "gridPos": {
          "h": 1,
          "w": 24,
          "x": 0,
          "y": 12
        },
        "id": 16,
        "panels": [],
        "title": "New row",
        "type": "row"
      },
      {
        "aliasColors": {},
        "bars": false,
        "dashLength": 10,
        "dashes": false,
        "datasource": "AllocateCloudV3-CloudWatch",
        "editable": true,
        "error": false,
        "fill": 2,
        "grid": {},
        "gridPos": {
          "h": 7,
          "w": 12,
          "x": 0,
          "y": 13
        },
        "id": 4,
        "isNew": true,
        "legend": {
          "alignAsTable": true,
          "avg": true,
          "current": false,
          "max": true,
          "min": true,
          "show": true,
          "total": false,
          "values": true
        },
        "lines": true,
        "linewidth": 2,
        "links": [],
        "nullPointMode": "null",
        "percentage": false,
        "pointradius": 5,
        "points": false,
        "renderer": "flot",
        "seriesOverrides": [],
        "spaceLength": 10,
        "stack": false,
        "steppedLine": false,
        "targets": [
          {
            "alias": "Read",
            "dimensions": {
              "DBInstanceIdentifier": "$instance"
            },
            "expr": "",
            "intervalFactor": 2,
            "metricName": "ReadIOPS",
            "namespace": "AWS/RDS",
            "period": "60",
            "refId": "A",
            "region": "$region",
            "statistics": [
              "Average"
            ]
          },
          {
            "alias": "Write",
            "dimensions": {
              "DBInstanceIdentifier": "$instance"
            },
            "expr": "",
            "intervalFactor": 2,
            "metricName": "WriteIOPS",
            "namespace": "AWS/RDS",
            "period": "60",
            "refId": "B",
            "region": "$region",
            "statistics": [
              "Average"
            ]
          }
        ],
        "thresholds": [],
        "timeFrom": null,
        "timeShift": null,
        "title": "Disk Operations",
        "tooltip": {
          "msResolution": false,
          "shared": true,
          "sort": 0,
          "value_type": "cumulative"
        },
        "type": "graph",
        "xaxis": {
          "buckets": null,
          "mode": "time",
          "name": null,
          "show": true,
          "values": []
        },
        "yaxes": [
          {
            "format": "none",
            "label": null,
            "logBase": 1,
            "max": null,
            "min": 0,
            "show": true
          },
          {
            "format": "short",
            "label": null,
            "logBase": 1,
            "max": null,
            "min": null,
            "show": true
          }
        ],
        "yaxis": {
          "align": false,
          "alignLevel": null
        }
      },
      {
        "aliasColors": {},
        "bars": false,
        "dashLength": 10,
        "dashes": false,
        "datasource": "AllocateCloudV3-CloudWatch",
        "editable": true,
        "error": false,
        "fill": 2,
        "grid": {},
        "gridPos": {
          "h": 7,
          "w": 12,
          "x": 12,
          "y": 13
        },
        "id": 3,
        "isNew": true,
        "legend": {
          "alignAsTable": true,
          "avg": true,
          "current": false,
          "max": true,
          "min": true,
          "show": true,
          "total": false,
          "values": true
        },
        "lines": true,
        "linewidth": 2,
        "links": [],
        "nullPointMode": "null",
        "percentage": false,
        "pointradius": 5,
        "points": false,
        "renderer": "flot",
        "seriesOverrides": [],
        "spaceLength": 10,
        "stack": false,
        "steppedLine": false,
        "targets": [
          {
            "alias": "Read",
            "dimensions": {
              "DBInstanceIdentifier": "$instance"
            },
            "expr": "",
            "intervalFactor": 2,
            "metricName": "ReadLatency",
            "namespace": "AWS/RDS",
            "period": "60",
            "refId": "A",
            "region": "$region",
            "statistics": [
              "Average"
            ]
          },
          {
            "alias": "Write",
            "dimensions": {
              "DBInstanceIdentifier": "$instance"
            },
            "expr": "",
            "intervalFactor": 2,
            "metricName": "WriteLatency",
            "namespace": "AWS/RDS",
            "period": "60",
            "refId": "B",
            "region": "$region",
            "statistics": [
              "Average"
            ]
          }
        ],
        "thresholds": [],
        "timeFrom": null,
        "timeShift": null,
        "title": "Disk Latency",
        "tooltip": {
          "msResolution": false,
          "shared": true,
          "sort": 0,
          "value_type": "cumulative"
        },
        "type": "graph",
        "xaxis": {
          "buckets": null,
          "mode": "time",
          "name": null,
          "show": true,
          "values": []
        },
        "yaxes": [
          {
            "format": "s",
            "label": null,
            "logBase": 1,
            "max": null,
            "min": 0,
            "show": true
          },
          {
            "format": "short",
            "label": null,
            "logBase": 1,
            "max": null,
            "min": null,
            "show": true
          }
        ],
        "yaxis": {
          "align": false,
          "alignLevel": null
        }
      },
      {
        "collapsed": false,
        "gridPos": {
          "h": 1,
          "w": 24,
          "x": 0,
          "y": 20
        },
        "id": 17,
        "panels": [],
        "title": "New row",
        "type": "row"
      },
      {
        "aliasColors": {
          "Outstanding IO Requests": "#BA43A9"
        },
        "bars": false,
        "dashLength": 10,
        "dashes": false,
        "datasource": "AllocateCloudV3-CloudWatch",
        "editable": true,
        "error": false,
        "fill": 2,
        "grid": {},
        "gridPos": {
          "h": 7,
          "w": 12,
          "x": 0,
          "y": 21
        },
        "id": 5,
        "isNew": true,
        "legend": {
          "alignAsTable": true,
          "avg": true,
          "current": false,
          "max": true,
          "min": true,
          "show": true,
          "total": false,
          "values": true
        },
        "lines": true,
        "linewidth": 2,
        "links": [],
        "nullPointMode": "null",
        "percentage": false,
        "pointradius": 5,
        "points": false,
        "renderer": "flot",
        "seriesOverrides": [],
        "spaceLength": 10,
        "stack": false,
        "steppedLine": false,
        "targets": [
          {
            "alias": "Outstanding IO Requests",
            "dimensions": {
              "DBInstanceIdentifier": "$instance"
            },
            "expr": "",
            "intervalFactor": 2,
            "metricName": "DiskQueueDepth",
            "namespace": "AWS/RDS",
            "period": "60",
            "refId": "A",
            "region": "$region",
            "statistics": [
              "Average"
            ]
          }
        ],
        "thresholds": [],
        "timeFrom": null,
        "timeShift": null,
        "title": "Disk Queue Depth",
        "tooltip": {
          "msResolution": false,
          "shared": true,
          "sort": 0,
          "value_type": "cumulative"
        },
        "type": "graph",
        "xaxis": {
          "buckets": null,
          "mode": "time",
          "name": null,
          "show": true,
          "values": []
        },
        "yaxes": [
          {
            "format": "none",
            "label": null,
            "logBase": 1,
            "max": null,
            "min": 0,
            "show": true
          },
          {
            "format": "short",
            "label": null,
            "logBase": 1,
            "max": null,
            "min": null,
            "show": true
          }
        ],
        "yaxis": {
          "align": false,
          "alignLevel": null
        }
      },
      {
        "aliasColors": {},
        "bars": false,
        "dashLength": 10,
        "dashes": false,
        "datasource": "AllocateCloudV3-CloudWatch",
        "editable": true,
        "error": false,
        "fill": 2,
        "grid": {},
        "gridPos": {
          "h": 7,
          "w": 12,
          "x": 12,
          "y": 21
        },
        "id": 6,
        "isNew": true,
        "legend": {
          "alignAsTable": true,
          "avg": true,
          "current": false,
          "max": true,
          "min": true,
          "show": true,
          "total": false,
          "values": true
        },
        "lines": true,
        "linewidth": 2,
        "links": [],
        "nullPointMode": "null",
        "percentage": false,
        "pointradius": 5,
        "points": false,
        "renderer": "flot",
        "seriesOverrides": [],
        "spaceLength": 10,
        "stack": false,
        "steppedLine": false,
        "targets": [
          {
            "alias": "Read",
            "dimensions": {
              "DBInstanceIdentifier": "$instance"
            },
            "expr": "",
            "intervalFactor": 2,
            "metricName": "ReadThroughput",
            "namespace": "AWS/RDS",
            "period": "60",
            "refId": "A",
            "region": "$region",
            "statistics": [
              "Average"
            ]
          },
          {
            "alias": "Write",
            "dimensions": {
              "DBInstanceIdentifier": "$instance"
            },
            "expr": "",
            "intervalFactor": 2,
            "metricName": "WriteThroughput",
            "namespace": "AWS/RDS",
            "period": "60",
            "refId": "B",
            "region": "$region",
            "statistics": [
              "Average"
            ]
          }
        ],
        "thresholds": [],
        "timeFrom": null,
        "timeShift": null,
        "title": "Disk Throughput",
        "tooltip": {
          "msResolution": false,
          "shared": true,
          "sort": 0,
          "value_type": "cumulative"
        },
        "type": "graph",
        "xaxis": {
          "buckets": null,
          "mode": "time",
          "name": null,
          "show": true,
          "values": []
        },
        "yaxes": [
          {
            "format": "Bps",
            "label": null,
            "logBase": 1,
            "max": null,
            "min": 0,
            "show": true
          },
          {
            "format": "short",
            "label": null,
            "logBase": 1,
            "max": null,
            "min": null,
            "show": true
          }
        ],
        "yaxis": {
          "align": false,
          "alignLevel": null
        }
      },
      {
        "collapsed": false,
        "gridPos": {
          "h": 1,
          "w": 24,
          "x": 0,
          "y": 28
        },
        "id": 18,
        "panels": [],
        "title": "New row",
        "type": "row"
      },
      {
        "aliasColors": {},
        "bars": false,
        "dashLength": 10,
        "dashes": false,
        "datasource": "AllocateCloudV3-CloudWatch",
        "editable": true,
        "error": false,
        "fill": 2,
        "grid": {},
        "gridPos": {
          "h": 7,
          "w": 12,
          "x": 0,
          "y": 29
        },
        "id": 7,
        "isNew": true,
        "legend": {
          "alignAsTable": true,
          "avg": true,
          "current": false,
          "max": true,
          "min": true,
          "show": true,
          "total": false,
          "values": true
        },
        "lines": true,
        "linewidth": 2,
        "links": [],
        "nullPointMode": "null",
        "percentage": false,
        "pointradius": 5,
        "points": false,
        "renderer": "flot",
        "seriesOverrides": [],
        "spaceLength": 10,
        "stack": false,
        "steppedLine": false,
        "targets": [
          {
            "alias": "Available",
            "dimensions": {
              "DBInstanceIdentifier": "$instance"
            },
            "expr": "",
            "intervalFactor": 2,
            "metricName": "FreeableMemory",
            "namespace": "AWS/RDS",
            "period": "60",
            "refId": "A",
            "region": "$region",
            "statistics": [
              "Average"
            ]
          }
        ],
        "thresholds": [],
        "timeFrom": null,
        "timeShift": null,
        "title": "Memory",
        "tooltip": {
          "msResolution": false,
          "shared": true,
          "sort": 0,
          "value_type": "cumulative"
        },
        "type": "graph",
        "xaxis": {
          "buckets": null,
          "mode": "time",
          "name": null,
          "show": true,
          "values": []
        },
        "yaxes": [
          {
            "format": "bytes",
            "label": null,
            "logBase": 1,
            "max": null,
            "min": 0,
            "show": true
          },
          {
            "format": "short",
            "label": null,
            "logBase": 1,
            "max": null,
            "min": null,
            "show": true
          }
        ],
        "yaxis": {
          "align": false,
          "alignLevel": null
        }
      },
      {
        "aliasColors": {},
        "bars": false,
        "dashLength": 10,
        "dashes": false,
        "datasource": "AllocateCloudV3-CloudWatch",
        "editable": true,
        "error": false,
        "fill": 2,
        "grid": {},
        "gridPos": {
          "h": 7,
          "w": 12,
          "x": 12,
          "y": 29
        },
        "id": 8,
        "isNew": true,
        "legend": {
          "alignAsTable": true,
          "avg": true,
          "current": false,
          "max": true,
          "min": true,
          "show": true,
          "total": false,
          "values": true
        },
        "lines": true,
        "linewidth": 2,
        "links": [],
        "nullPointMode": "null",
        "percentage": false,
        "pointradius": 5,
        "points": false,
        "renderer": "flot",
        "seriesOverrides": [],
        "spaceLength": 10,
        "stack": false,
        "steppedLine": false,
        "targets": [
          {
            "alias": "Available",
            "dimensions": {
              "DBInstanceIdentifier": "$instance"
            },
            "expr": "",
            "intervalFactor": 2,
            "metricName": "FreeStorageSpace",
            "namespace": "AWS/RDS",
            "period": "60",
            "refId": "A",
            "region": "$region",
            "statistics": [
              "Average"
            ]
          }
        ],
        "thresholds": [],
        "timeFrom": null,
        "timeShift": null,
        "title": "Storage Space",
        "tooltip": {
          "msResolution": false,
          "shared": true,
          "sort": 0,
          "value_type": "cumulative"
        },
        "type": "graph",
        "xaxis": {
          "buckets": null,
          "mode": "time",
          "name": null,
          "show": true,
          "values": []
        },
        "yaxes": [
          {
            "format": "bytes",
            "label": null,
            "logBase": 1,
            "max": null,
            "min": 0,
            "show": true
          },
          {
            "format": "short",
            "label": null,
            "logBase": 1,
            "max": null,
            "min": null,
            "show": true
          }
        ],
        "yaxis": {
          "align": false,
          "alignLevel": null
        }
      },
      {
        "collapsed": false,
        "gridPos": {
          "h": 1,
          "w": 24,
          "x": 0,
          "y": 36
        },
        "id": 19,
        "panels": [],
        "title": "New row",
        "type": "row"
      },
      {
        "aliasColors": {
          "Used": "#EF843C"
        },
        "bars": false,
        "dashLength": 10,
        "dashes": false,
        "datasource": "AllocateCloudV3-CloudWatch",
        "editable": true,
        "error": false,
        "fill": 2,
        "grid": {},
        "gridPos": {
          "h": 7,
          "w": 12,
          "x": 0,
          "y": 37
        },
        "id": 9,
        "isNew": true,
        "legend": {
          "alignAsTable": true,
          "avg": true,
          "current": false,
          "max": true,
          "min": true,
          "show": true,
          "sortDesc": true,
          "total": false,
          "values": true
        },
        "lines": true,
        "linewidth": 2,
        "links": [],
        "nullPointMode": "null",
        "percentage": false,
        "pointradius": 5,
        "points": false,
        "renderer": "flot",
        "seriesOverrides": [],
        "spaceLength": 10,
        "stack": false,
        "steppedLine": false,
        "targets": [
          {
            "alias": "Used",
            "dimensions": {
              "DBInstanceIdentifier": "$instance"
            },
            "expr": "",
            "intervalFactor": 2,
            "metricName": "SwapUsage",
            "namespace": "AWS/RDS",
            "period": "60",
            "refId": "A",
            "region": "$region",
            "statistics": [
              "Average"
            ]
          }
        ],
        "thresholds": [],
        "timeFrom": null,
        "timeShift": null,
        "title": "Swap Usage",
        "tooltip": {
          "msResolution": false,
          "shared": true,
          "sort": 0,
          "value_type": "cumulative"
        },
        "type": "graph",
        "xaxis": {
          "buckets": null,
          "mode": "time",
          "name": null,
          "show": true,
          "values": []
        },
        "yaxes": [
          {
            "format": "bytes",
            "label": null,
            "logBase": 1,
            "max": null,
            "min": 0,
            "show": true
          },
          {
            "format": "short",
            "label": null,
            "logBase": 1,
            "max": null,
            "min": null,
            "show": true
          }
        ],
        "yaxis": {
          "align": false,
          "alignLevel": null
        }
      },
      {
        "aliasColors": {},
        "bars": false,
        "dashLength": 10,
        "dashes": false,
        "datasource": "AllocateCloudV3-CloudWatch",
        "editable": true,
        "error": false,
        "fill": 2,
        "grid": {},
        "gridPos": {
          "h": 7,
          "w": 12,
          "x": 12,
          "y": 37
        },
        "id": 10,
        "isNew": true,
        "legend": {
          "alignAsTable": true,
          "avg": true,
          "current": false,
          "max": true,
          "min": true,
          "show": true,
          "total": false,
          "values": true
        },
        "lines": true,
        "linewidth": 2,
        "links": [],
        "nullPointMode": "null",
        "percentage": false,
        "pointradius": 5,
        "points": false,
        "renderer": "flot",
        "seriesOverrides": [],
        "spaceLength": 10,
        "stack": false,
        "steppedLine": false,
        "targets": [
          {
            "alias": "Inbound",
            "dimensions": {
              "DBInstanceIdentifier": "$instance"
            },
            "expr": "",
            "intervalFactor": 2,
            "metricName": "NetworkReceiveThroughput",
            "namespace": "AWS/RDS",
            "period": "60",
            "refId": "A",
            "region": "$region",
            "statistics": [
              "Average"
            ]
          },
          {
            "alias": "Outbound",
            "dimensions": {
              "DBInstanceIdentifier": "$instance"
            },
            "expr": "",
            "intervalFactor": 2,
            "metricName": "NetworkTransmitThroughput",
            "namespace": "AWS/RDS",
            "period": "60",
            "refId": "B",
            "region": "$region",
            "statistics": [
              "Average"
            ]
          }
        ],
        "thresholds": [],
        "timeFrom": null,
        "timeShift": null,
        "title": "Network Traffic",
        "tooltip": {
          "msResolution": false,
          "shared": true,
          "sort": 0,
          "value_type": "cumulative"
        },
        "type": "graph",
        "xaxis": {
          "buckets": null,
          "mode": "time",
          "name": null,
          "show": true,
          "values": []
        },
        "yaxes": [
          {
            "format": "Bps",
            "label": null,
            "logBase": 1,
            "max": null,
            "min": 0,
            "show": true
          },
          {
            "format": "short",
            "label": null,
            "logBase": 1,
            "max": null,
            "min": null,
            "show": true
          }
        ],
        "yaxis": {
          "align": false,
          "alignLevel": null
        }
      },
      {
        "collapsed": true,
        "gridPos": {
          "h": 1,
          "w": 24,
          "x": 0,
          "y": 44
        },
        "id": 20,
        "panels": [
          {
            "content": "# Setup\n\nAdd CloudWatch datasource to Grafana with the name `CloudWatch`.\n\nCreate IAM user and attach the managed policy `CloudWatchReadOnlyAccess`. Then put the credentials in the file `~grafana/.aws/credentials`:\n```\n[default]\naws_access_key_id = youraccesskeyid\naws_secret_access_key = yoursecretaccesskey\n```",
            "datasource": "AllocateCloudV3-CloudWatch",
            "editable": true,
            "error": false,
            "gridPos": {
              "h": 7,
              "w": 24,
              "x": 0,
              "y": 45
            },
            "id": 13,
            "isNew": true,
            "links": [],
            "mode": "markdown",
            "title": "",
            "type": "text"
          }
        ],
        "title": "Help",
        "type": "row"
      }
    ],
    "schemaVersion": 16,
    "style": "dark",
    "tags": [
      "Percona",
      "Cloud "
    ],
    "templating": {
      "list": [
        {
          "allValue": null,
          "current": {
            "tags": [],
            "text": "eu-west-2",
            "value": "eu-west-2"
          },
          "datasource": "AllocateCloudV3-CloudWatch",
          "hide": 0,
          "includeAll": false,
          "label": "Region",
          "multi": false,
          "name": "region",
          "options": [],
          "query": "regions()",
          "refresh": 1,
          "regex": "",
          "skipUrlSync": false,
          "sort": 0,
          "tagValuesQuery": "",
          "tags": [],
          "tagsQuery": "",
          "type": "query",
          "useTags": false
        },
        {
          "allValue": "",
          "current": {
            "tags": [],
            "text": "aa18d42bykk2roo",
            "value": "aa18d42bykk2roo"
          },
          "datasource": "AllocateCloudV3-CloudWatch",
          "hide": 0,
          "includeAll": false,
          "label": "DB Instance",
          "multi": false,
          "name": "instance",
          "options": [],
          "query": "dimension_values($region,AWS/RDS,CPUUtilization,DBInstanceIdentifier)",
          "refresh": 1,
          "regex": "",
          "skipUrlSync": false,
          "sort": 0,
          "tagValuesQuery": "",
          "tags": [],
          "tagsQuery": "",
          "type": "query",
          "useTags": false
        }
      ]
    },
    "time": {
      "from": "now-1h",
      "to": "now"
    },
    "timepicker": {
      "refresh_intervals": [
        "1m",
        "5m",
        "15m",
        "30m",
        "1h"
      ],
      "time_options": [
        "5m",
        "15m",
        "1h",
        "6h",
        "12h",
        "24h",
        "2d",
        "7d",
        "30d"
      ]
    },
    "timezone": "browser",
    "title": "Amazon RDS OS Metrics",
    "uid": "q7QpyVxik"
  }
}
