{
  "meta": {
    "type": "db",
    "canSave": true,
    "canEdit": true,
    "canAdmin": true,
    "canStar": true,
    "slug": "aws-ec2",
    "url": "/d/8G4hdr6zk/aws-ec2",
    "hasAcl": false,
    "isFolder": false,
    "folderId": 32,
    "folderTitle": "AWS Dashboards",
    "folderUrl": "/dashboards/f/LR9u4a6kk/aws-dashboards",
    "provisioned": false
  },
  "dashboard": {
    "annotations": {
      "list": [
        {
          "builtIn": 1,
          "datasource": "-- Grafana --",
          "enable": true,
          "hide": true,
          "iconColor": "rgba(0, 211, 255, 1)",
          "name": "Annotations & Alerts",
          "type": "dashboard"
        }
      ]
    },
    "description": "Visualize AWS EC2 and related EBS metrics",
    "editable": true,
    "gnetId": 617,
    "graphTooltip": 0,
    "id": 35,
    "iteration": 1520253937223,
    "links": [],
    "panels": [
      {
        "aliasColors": {},
        "bars": false,
        "dashLength": 10,
        "dashes": false,
        "datasource": "AllocateCloudV3-CloudWatch",
        "editable": true,
        "error": false,
        "fill": 1,
        "grid": {},
        "gridPos": {
          "h": 7,
          "w": 24,
          "x": 0,
          "y": 0
        },
        "id": 7,
        "isNew": true,
        "legend": {
          "alignAsTable": true,
          "avg": true,
          "current": true,
          "max": true,
          "min": true,
          "show": true,
          "sort": "current",
          "sortDesc": true,
          "total": false,
          "values": true
        },
        "lines": true,
        "linewidth": 2,
        "links": [],
        "nullPointMode": "connected",
        "percentage": false,
        "pointradius": 5,
        "points": false,
        "renderer": "flot",
        "seriesOverrides": [],
        "spaceLength": 10,
        "stack": false,
        "steppedLine": false,
        "targets": [
          {
            "alias": "",
            "application": {
              "filter": ""
            },
            "dimensions": {
              "InstanceId": "$instanceid"
            },
            "functions": [],
            "group": {
              "filter": ""
            },
            "host": {
              "filter": ""
            },
            "item": {
              "filter": ""
            },
            "metricName": "CPUUtilization",
            "mode": 0,
            "namespace": "AWS/EC2",
            "options": {
              "showDisabledItems": false
            },
            "period": "",
            "refId": "A",
            "region": "$region",
            "statistics": [
              "Average"
            ]
          }
        ],
        "thresholds": [],
        "timeFrom": null,
        "timeShift": null,
        "title": "CPUUtilization",
        "tooltip": {
          "msResolution": false,
          "shared": true,
          "sort": 0,
          "value_type": "cumulative"
        },
        "type": "graph",
        "xaxis": {
          "buckets": null,
          "mode": "time",
          "name": null,
          "show": true,
          "values": []
        },
        "yaxes": [
          {
            "format": "percent",
            "label": null,
            "logBase": 1,
            "max": null,
            "min": 0,
            "show": true
          },
          {
            "format": "short",
            "label": null,
            "logBase": 1,
            "max": null,
            "min": null,
            "show": false
          }
        ]
      },
      {
        "aliasColors": {},
        "bars": false,
        "dashLength": 10,
        "dashes": false,
        "datasource": "AllocateCloudV3-CloudWatch",
        "editable": true,
        "error": false,
        "fill": 1,
        "grid": {},
        "gridPos": {
          "h": 7,
          "w": 24,
          "x": 0,
          "y": 7
        },
        "id": 8,
        "isNew": true,
        "legend": {
          "alignAsTable": true,
          "avg": true,
          "current": true,
          "max": true,
          "min": true,
          "show": true,
          "sort": "current",
          "sortDesc": true,
          "total": false,
          "values": true
        },
        "lines": true,
        "linewidth": 2,
        "links": [],
        "nullPointMode": "connected",
        "percentage": false,
        "pointradius": 5,
        "points": false,
        "renderer": "flot",
        "seriesOverrides": [],
        "spaceLength": 10,
        "stack": false,
        "steppedLine": false,
        "targets": [
          {
            "alias": "",
            "application": {
              "filter": ""
            },
            "dimensions": {
              "InstanceId": "$instanceid"
            },
            "functions": [],
            "group": {
              "filter": ""
            },
            "host": {
              "filter": ""
            },
            "item": {
              "filter": ""
            },
            "metricName": "CPUCreditUsage",
            "mode": 0,
            "namespace": "AWS/EC2",
            "options": {
              "showDisabledItems": false
            },
            "period": "",
            "refId": "A",
            "region": "$region",
            "statistics": [
              "Average"
            ]
          },
          {
            "alias": "",
            "application": {
              "filter": ""
            },
            "dimensions": {
              "InstanceId": "$instanceid"
            },
            "functions": [],
            "group": {
              "filter": ""
            },
            "host": {
              "filter": ""
            },
            "item": {
              "filter": ""
            },
            "metricName": "CPUCreditBalance",
            "mode": 0,
            "namespace": "AWS/EC2",
            "options": {
              "showDisabledItems": false
            },
            "period": "",
            "refId": "B",
            "region": "$region",
            "statistics": [
              "Average"
            ]
          }
        ],
        "thresholds": [],
        "timeFrom": null,
        "timeShift": null,
        "title": "CPUCredit",
        "tooltip": {
          "msResolution": false,
          "shared": true,
          "sort": 0,
          "value_type": "cumulative"
        },
        "type": "graph",
        "xaxis": {
          "buckets": null,
          "mode": "time",
          "name": null,
          "show": true,
          "values": []
        },
        "yaxes": [
          {
            "format": "none",
            "label": null,
            "logBase": 1,
            "max": null,
            "min": 0,
            "show": true
          },
          {
            "format": "short",
            "label": null,
            "logBase": 1,
            "max": null,
            "min": null,
            "show": false
          }
        ]
      },
      {
        "aliasColors": {},
        "bars": false,
        "dashLength": 10,
        "dashes": false,
        "datasource": "AllocateCloudV3-CloudWatch",
        "editable": true,
        "error": false,
        "fill": 1,
        "grid": {},
        "gridPos": {
          "h": 7,
          "w": 24,
          "x": 0,
          "y": 14
        },
        "id": 9,
        "isNew": true,
        "legend": {
          "alignAsTable": true,
          "avg": true,
          "current": true,
          "max": true,
          "min": true,
          "show": true,
          "sort": "current",
          "sortDesc": true,
          "total": false,
          "values": true
        },
        "lines": true,
        "linewidth": 2,
        "links": [],
        "nullPointMode": "connected",
        "percentage": false,
        "pointradius": 5,
        "points": false,
        "renderer": "flot",
        "seriesOverrides": [],
        "spaceLength": 10,
        "stack": false,
        "steppedLine": false,
        "targets": [
          {
            "alias": "",
            "application": {
              "filter": ""
            },
            "dimensions": {
              "InstanceId": "$instanceid"
            },
            "functions": [],
            "group": {
              "filter": ""
            },
            "host": {
              "filter": ""
            },
            "item": {
              "filter": ""
            },
            "metricName": "DiskReadOps",
            "mode": 0,
            "namespace": "AWS/EC2",
            "options": {
              "showDisabledItems": false
            },
            "period": "",
            "refId": "A",
            "region": "$region",
            "statistics": [
              "Average"
            ]
          },
          {
            "alias": "",
            "application": {
              "filter": ""
            },
            "dimensions": {
              "InstanceId": "$instanceid"
            },
            "functions": [],
            "group": {
              "filter": ""
            },
            "host": {
              "filter": ""
            },
            "item": {
              "filter": ""
            },
            "metricName": "DiskWriteOps",
            "mode": 0,
            "namespace": "AWS/EC2",
            "options": {
              "showDisabledItems": false
            },
            "period": "",
            "refId": "B",
            "region": "$region",
            "statistics": [
              "Average"
            ]
          }
        ],
        "thresholds": [],
        "timeFrom": null,
        "timeShift": null,
        "title": "DiskOps",
        "tooltip": {
          "msResolution": false,
          "shared": true,
          "sort": 0,
          "value_type": "cumulative"
        },
        "type": "graph",
        "xaxis": {
          "buckets": null,
          "mode": "time",
          "name": null,
          "show": true,
          "values": []
        },
        "yaxes": [
          {
            "format": "none",
            "label": null,
            "logBase": 1,
            "max": null,
            "min": 0,
            "show": true
          },
          {
            "format": "short",
            "label": null,
            "logBase": 1,
            "max": null,
            "min": null,
            "show": false
          }
        ]
      },
      {
        "aliasColors": {},
        "bars": false,
        "dashLength": 10,
        "dashes": false,
        "datasource": "AllocateCloudV3-CloudWatch",
        "editable": true,
        "error": false,
        "fill": 1,
        "grid": {},
        "gridPos": {
          "h": 7,
          "w": 24,
          "x": 0,
          "y": 21
        },
        "id": 10,
        "isNew": true,
        "legend": {
          "alignAsTable": true,
          "avg": true,
          "current": true,
          "max": true,
          "min": true,
          "show": true,
          "sort": "current",
          "sortDesc": true,
          "total": false,
          "values": true
        },
        "lines": true,
        "linewidth": 2,
        "links": [],
        "nullPointMode": "connected",
        "percentage": false,
        "pointradius": 5,
        "points": false,
        "renderer": "flot",
        "seriesOverrides": [],
        "spaceLength": 10,
        "stack": false,
        "steppedLine": false,
        "targets": [
          {
            "alias": "",
            "application": {
              "filter": ""
            },
            "dimensions": {
              "InstanceId": "$instanceid"
            },
            "functions": [],
            "group": {
              "filter": ""
            },
            "host": {
              "filter": ""
            },
            "item": {
              "filter": ""
            },
            "metricName": "DiskReadBytes",
            "mode": 0,
            "namespace": "AWS/EC2",
            "options": {
              "showDisabledItems": false
            },
            "period": "",
            "refId": "A",
            "region": "$region",
            "statistics": [
              "Average"
            ]
          },
          {
            "alias": "",
            "application": {
              "filter": ""
            },
            "dimensions": {
              "InstanceId": "$instanceid"
            },
            "functions": [],
            "group": {
              "filter": ""
            },
            "host": {
              "filter": ""
            },
            "item": {
              "filter": ""
            },
            "metricName": "DiskWriteBytes",
            "mode": 0,
            "namespace": "AWS/EC2",
            "options": {
              "showDisabledItems": false
            },
            "period": "",
            "refId": "B",
            "region": "$region",
            "statistics": [
              "Average"
            ]
          }
        ],
        "thresholds": [],
        "timeFrom": null,
        "timeShift": null,
        "title": "DiskBytes",
        "tooltip": {
          "msResolution": false,
          "shared": true,
          "sort": 0,
          "value_type": "cumulative"
        },
        "type": "graph",
        "xaxis": {
          "buckets": null,
          "mode": "time",
          "name": null,
          "show": true,
          "values": []
        },
        "yaxes": [
          {
            "format": "bytes",
            "label": null,
            "logBase": 1,
            "max": null,
            "min": 0,
            "show": true
          },
          {
            "format": "short",
            "label": null,
            "logBase": 1,
            "max": null,
            "min": null,
            "show": false
          }
        ]
      },
      {
        "aliasColors": {},
        "bars": false,
        "dashLength": 10,
        "dashes": false,
        "datasource": "AllocateCloudV3-CloudWatch",
        "editable": true,
        "error": false,
        "fill": 1,
        "grid": {},
        "gridPos": {
          "h": 7,
          "w": 24,
          "x": 0,
          "y": 28
        },
        "id": 11,
        "isNew": true,
        "legend": {
          "alignAsTable": true,
          "avg": true,
          "current": true,
          "max": true,
          "min": true,
          "show": true,
          "sort": "current",
          "sortDesc": true,
          "total": false,
          "values": true
        },
        "lines": true,
        "linewidth": 2,
        "links": [],
        "nullPointMode": "connected",
        "percentage": false,
        "pointradius": 5,
        "points": false,
        "renderer": "flot",
        "seriesOverrides": [],
        "spaceLength": 10,
        "stack": false,
        "steppedLine": false,
        "targets": [
          {
            "alias": "",
            "application": {
              "filter": ""
            },
            "dimensions": {
              "InstanceId": "$instanceid"
            },
            "functions": [],
            "group": {
              "filter": ""
            },
            "host": {
              "filter": ""
            },
            "item": {
              "filter": ""
            },
            "metricName": "NetworkIn",
            "mode": 0,
            "namespace": "AWS/EC2",
            "options": {
              "showDisabledItems": false
            },
            "period": "",
            "refId": "A",
            "region": "$region",
            "statistics": [
              "Average"
            ]
          },
          {
            "alias": "",
            "application": {
              "filter": ""
            },
            "dimensions": {
              "InstanceId": "$instanceid"
            },
            "functions": [],
            "group": {
              "filter": ""
            },
            "host": {
              "filter": ""
            },
            "item": {
              "filter": ""
            },
            "metricName": "NetworkOut",
            "mode": 0,
            "namespace": "AWS/EC2",
            "options": {
              "showDisabledItems": false
            },
            "period": "",
            "refId": "B",
            "region": "$region",
            "statistics": [
              "Average"
            ]
          }
        ],
        "thresholds": [],
        "timeFrom": null,
        "timeShift": null,
        "title": "Network",
        "tooltip": {
          "msResolution": false,
          "shared": true,
          "sort": 0,
          "value_type": "cumulative"
        },
        "type": "graph",
        "xaxis": {
          "buckets": null,
          "mode": "time",
          "name": null,
          "show": true,
          "values": []
        },
        "yaxes": [
          {
            "format": "bytes",
            "label": null,
            "logBase": 1,
            "max": null,
            "min": 0,
            "show": true
          },
          {
            "format": "short",
            "label": null,
            "logBase": 1,
            "max": null,
            "min": null,
            "show": false
          }
        ]
      },
      {
        "aliasColors": {},
        "bars": false,
        "dashLength": 10,
        "dashes": false,
        "datasource": "AllocateCloudV3-CloudWatch",
        "editable": true,
        "error": false,
        "fill": 1,
        "grid": {},
        "gridPos": {
          "h": 7,
          "w": 24,
          "x": 0,
          "y": 35
        },
        "id": 12,
        "isNew": true,
        "legend": {
          "alignAsTable": true,
          "avg": true,
          "current": true,
          "max": true,
          "min": true,
          "show": true,
          "sort": "current",
          "sortDesc": true,
          "total": false,
          "values": true
        },
        "lines": true,
        "linewidth": 2,
        "links": [],
        "nullPointMode": "connected",
        "percentage": false,
        "pointradius": 5,
        "points": false,
        "renderer": "flot",
        "seriesOverrides": [],
        "spaceLength": 10,
        "stack": false,
        "steppedLine": false,
        "targets": [
          {
            "alias": "",
            "application": {
              "filter": ""
            },
            "dimensions": {
              "InstanceId": "$instanceid"
            },
            "functions": [],
            "group": {
              "filter": ""
            },
            "host": {
              "filter": ""
            },
            "item": {
              "filter": ""
            },
            "metricName": "NetworkPacketsIn",
            "mode": 0,
            "namespace": "AWS/EC2",
            "options": {
              "showDisabledItems": false
            },
            "period": "",
            "refId": "A",
            "region": "$region",
            "statistics": [
              "Average"
            ]
          },
          {
            "alias": "",
            "application": {
              "filter": ""
            },
            "dimensions": {
              "InstanceId": "$instanceid"
            },
            "functions": [],
            "group": {
              "filter": ""
            },
            "host": {
              "filter": ""
            },
            "item": {
              "filter": ""
            },
            "metricName": "NetworkPacketsOut",
            "mode": 0,
            "namespace": "AWS/EC2",
            "options": {
              "showDisabledItems": false
            },
            "period": "",
            "refId": "B",
            "region": "$region",
            "statistics": [
              "Average"
            ]
          }
        ],
        "thresholds": [],
        "timeFrom": null,
        "timeShift": null,
        "title": "NetworkPackets",
        "tooltip": {
          "msResolution": false,
          "shared": true,
          "sort": 0,
          "value_type": "cumulative"
        },
        "type": "graph",
        "xaxis": {
          "buckets": null,
          "mode": "time",
          "name": null,
          "show": true,
          "values": []
        },
        "yaxes": [
          {
            "format": "none",
            "label": null,
            "logBase": 1,
            "max": null,
            "min": 0,
            "show": true
          },
          {
            "format": "short",
            "label": null,
            "logBase": 1,
            "max": null,
            "min": null,
            "show": false
          }
        ]
      },
      {
        "aliasColors": {},
        "bars": false,
        "dashLength": 10,
        "dashes": false,
        "datasource": "AllocateCloudV3-CloudWatch",
        "editable": true,
        "error": false,
        "fill": 1,
        "grid": {},
        "gridPos": {
          "h": 7,
          "w": 24,
          "x": 0,
          "y": 42
        },
        "id": 13,
        "isNew": true,
        "legend": {
          "alignAsTable": true,
          "avg": true,
          "current": true,
          "max": true,
          "min": true,
          "show": true,
          "sort": "current",
          "sortDesc": true,
          "total": false,
          "values": true
        },
        "lines": true,
        "linewidth": 2,
        "links": [],
        "nullPointMode": "connected",
        "percentage": false,
        "pointradius": 5,
        "points": false,
        "renderer": "flot",
        "seriesOverrides": [],
        "spaceLength": 10,
        "stack": false,
        "steppedLine": false,
        "targets": [
          {
            "alias": "",
            "application": {
              "filter": ""
            },
            "dimensions": {
              "InstanceId": "$instanceid"
            },
            "functions": [],
            "group": {
              "filter": ""
            },
            "host": {
              "filter": ""
            },
            "item": {
              "filter": ""
            },
            "metricName": "StatusCheckFailed",
            "mode": 0,
            "namespace": "AWS/EC2",
            "options": {
              "showDisabledItems": false
            },
            "period": "",
            "refId": "A",
            "region": "$region",
            "statistics": [
              "Average"
            ]
          },
          {
            "alias": "",
            "application": {
              "filter": ""
            },
            "dimensions": {
              "InstanceId": "$instanceid"
            },
            "functions": [],
            "group": {
              "filter": ""
            },
            "host": {
              "filter": ""
            },
            "item": {
              "filter": ""
            },
            "metricName": "StatusCheckFailed_Instance",
            "mode": 0,
            "namespace": "AWS/EC2",
            "options": {
              "showDisabledItems": false
            },
            "period": "",
            "refId": "B",
            "region": "$region",
            "statistics": [
              "Average"
            ]
          },
          {
            "alias": "",
            "application": {
              "filter": ""
            },
            "dimensions": {
              "InstanceId": "$instanceid"
            },
            "functions": [],
            "group": {
              "filter": ""
            },
            "host": {
              "filter": ""
            },
            "item": {
              "filter": ""
            },
            "metricName": "StatusCheckFailed_System",
            "mode": 0,
            "namespace": "AWS/EC2",
            "options": {
              "showDisabledItems": false
            },
            "period": "",
            "refId": "C",
            "region": "$region",
            "statistics": [
              "Average"
            ]
          }
        ],
        "thresholds": [],
        "timeFrom": null,
        "timeShift": null,
        "title": "StatusCheck",
        "tooltip": {
          "msResolution": false,
          "shared": true,
          "sort": 0,
          "value_type": "cumulative"
        },
        "type": "graph",
        "xaxis": {
          "buckets": null,
          "mode": "time",
          "name": null,
          "show": true,
          "values": []
        },
        "yaxes": [
          {
            "format": "none",
            "label": null,
            "logBase": 1,
            "max": null,
            "min": 0,
            "show": true
          },
          {
            "format": "short",
            "label": null,
            "logBase": 1,
            "max": null,
            "min": null,
            "show": false
          }
        ]
      },
      {
        "aliasColors": {},
        "bars": false,
        "dashLength": 10,
        "dashes": false,
        "datasource": "AllocateCloudV3-CloudWatch",
        "editable": true,
        "error": false,
        "fill": 1,
        "grid": {},
        "gridPos": {
          "h": 7,
          "w": 24,
          "x": 0,
          "y": 49
        },
        "id": 14,
        "isNew": true,
        "legend": {
          "alignAsTable": true,
          "avg": true,
          "current": true,
          "max": true,
          "min": true,
          "show": true,
          "sort": "current",
          "sortDesc": true,
          "total": false,
          "values": true
        },
        "lines": true,
        "linewidth": 2,
        "links": [],
        "nullPointMode": "connected",
        "percentage": false,
        "pointradius": 5,
        "points": false,
        "renderer": "flot",
        "seriesOverrides": [],
        "spaceLength": 10,
        "stack": false,
        "steppedLine": false,
        "targets": [
          {
            "alias": "",
            "application": {
              "filter": ""
            },
            "dimensions": {
              "VolumeId": "$volumeid"
            },
            "functions": [],
            "group": {
              "filter": ""
            },
            "host": {
              "filter": ""
            },
            "item": {
              "filter": ""
            },
            "metricName": "VolumeReadOps",
            "mode": 0,
            "namespace": "AWS/EBS",
            "options": {
              "showDisabledItems": false
            },
            "period": "",
            "refId": "A",
            "region": "$region",
            "statistics": [
              "Average"
            ]
          },
          {
            "alias": "",
            "application": {
              "filter": ""
            },
            "dimensions": {
              "VolumeId": "$volumeid"
            },
            "functions": [],
            "group": {
              "filter": ""
            },
            "host": {
              "filter": ""
            },
            "item": {
              "filter": ""
            },
            "metricName": "VolumeWriteOps",
            "mode": 0,
            "namespace": "AWS/EBS",
            "options": {
              "showDisabledItems": false
            },
            "period": "",
            "refId": "B",
            "region": "$region",
            "statistics": [
              "Average"
            ]
          }
        ],
        "thresholds": [],
        "timeFrom": null,
        "timeShift": null,
        "title": "EBS VolumeOps",
        "tooltip": {
          "msResolution": false,
          "shared": true,
          "sort": 0,
          "value_type": "cumulative"
        },
        "type": "graph",
        "xaxis": {
          "buckets": null,
          "mode": "time",
          "name": null,
          "show": true,
          "values": []
        },
        "yaxes": [
          {
            "format": "none",
            "label": null,
            "logBase": 1,
            "max": null,
            "min": 0,
            "show": true
          },
          {
            "format": "short",
            "label": null,
            "logBase": 1,
            "max": null,
            "min": null,
            "show": false
          }
        ]
      },
      {
        "aliasColors": {},
        "bars": false,
        "dashLength": 10,
        "dashes": false,
        "datasource": "AllocateCloudV3-CloudWatch",
        "editable": true,
        "error": false,
        "fill": 1,
        "grid": {},
        "gridPos": {
          "h": 7,
          "w": 24,
          "x": 0,
          "y": 56
        },
        "id": 15,
        "isNew": true,
        "legend": {
          "alignAsTable": true,
          "avg": true,
          "current": true,
          "max": true,
          "min": true,
          "show": true,
          "sort": "current",
          "sortDesc": true,
          "total": false,
          "values": true
        },
        "lines": true,
        "linewidth": 2,
        "links": [],
        "nullPointMode": "connected",
        "percentage": false,
        "pointradius": 5,
        "points": false,
        "renderer": "flot",
        "seriesOverrides": [],
        "spaceLength": 10,
        "stack": false,
        "steppedLine": false,
        "targets": [
          {
            "alias": "",
            "application": {
              "filter": ""
            },
            "dimensions": {
              "VolumeId": "$volumeid"
            },
            "functions": [],
            "group": {
              "filter": ""
            },
            "host": {
              "filter": ""
            },
            "item": {
              "filter": ""
            },
            "metricName": "VolumeReadBytes",
            "mode": 0,
            "namespace": "AWS/EBS",
            "options": {
              "showDisabledItems": false
            },
            "period": "",
            "refId": "A",
            "region": "$region",
            "statistics": [
              "Average"
            ]
          },
          {
            "alias": "",
            "application": {
              "filter": ""
            },
            "dimensions": {
              "VolumeId": "$volumeid"
            },
            "functions": [],
            "group": {
              "filter": ""
            },
            "host": {
              "filter": ""
            },
            "item": {
              "filter": ""
            },
            "metricName": "VolumeWriteBytes",
            "mode": 0,
            "namespace": "AWS/EBS",
            "options": {
              "showDisabledItems": false
            },
            "period": "",
            "refId": "B",
            "region": "$region",
            "statistics": [
              "Average"
            ]
          }
        ],
        "thresholds": [],
        "timeFrom": null,
        "timeShift": null,
        "title": "EBS VolumeBytes",
        "tooltip": {
          "msResolution": false,
          "shared": true,
          "sort": 0,
          "value_type": "cumulative"
        },
        "type": "graph",
        "xaxis": {
          "buckets": null,
          "mode": "time",
          "name": null,
          "show": true,
          "values": []
        },
        "yaxes": [
          {
            "format": "bytes",
            "label": null,
            "logBase": 1,
            "max": null,
            "min": 0,
            "show": true
          },
          {
            "format": "short",
            "label": null,
            "logBase": 1,
            "max": null,
            "min": null,
            "show": false
          }
        ]
      },
      {
        "aliasColors": {},
        "bars": false,
        "dashLength": 10,
        "dashes": false,
        "datasource": "AllocateCloudV3-CloudWatch",
        "editable": true,
        "error": false,
        "fill": 1,
        "grid": {},
        "gridPos": {
          "h": 7,
          "w": 24,
          "x": 0,
          "y": 63
        },
        "id": 16,
        "isNew": true,
        "legend": {
          "alignAsTable": true,
          "avg": true,
          "current": true,
          "max": true,
          "min": true,
          "show": true,
          "sort": "current",
          "sortDesc": true,
          "total": false,
          "values": true
        },
        "lines": true,
        "linewidth": 2,
        "links": [],
        "nullPointMode": "connected",
        "percentage": false,
        "pointradius": 5,
        "points": false,
        "renderer": "flot",
        "seriesOverrides": [
          {
            "alias": "VolumeIdleTime_Average",
            "yaxis": 2
          }
        ],
        "spaceLength": 10,
        "stack": false,
        "steppedLine": false,
        "targets": [
          {
            "alias": "",
            "application": {
              "filter": ""
            },
            "dimensions": {
              "VolumeId": "$volumeid"
            },
            "functions": [],
            "group": {
              "filter": ""
            },
            "host": {
              "filter": ""
            },
            "item": {
              "filter": ""
            },
            "metricName": "VolumeQueueLength",
            "mode": 0,
            "namespace": "AWS/EBS",
            "options": {
              "showDisabledItems": false
            },
            "period": "",
            "refId": "A",
            "region": "$region",
            "statistics": [
              "Average"
            ]
          }
        ],
        "thresholds": [],
        "timeFrom": null,
        "timeShift": null,
        "title": "EBS VolumeQueueLength",
        "tooltip": {
          "msResolution": false,
          "shared": true,
          "sort": 0,
          "value_type": "cumulative"
        },
        "type": "graph",
        "xaxis": {
          "buckets": null,
          "mode": "time",
          "name": null,
          "show": true,
          "values": []
        },
        "yaxes": [
          {
            "format": "none",
            "label": null,
            "logBase": 1,
            "max": null,
            "min": 0,
            "show": true
          },
          {
            "format": "s",
            "label": null,
            "logBase": 1,
            "max": null,
            "min": null,
            "show": false
          }
        ]
      },
      {
        "aliasColors": {},
        "bars": false,
        "dashLength": 10,
        "dashes": false,
        "datasource": "AllocateCloudV3-CloudWatch",
        "editable": true,
        "error": false,
        "fill": 1,
        "grid": {},
        "gridPos": {
          "h": 7,
          "w": 24,
          "x": 0,
          "y": 70
        },
        "id": 17,
        "isNew": true,
        "legend": {
          "alignAsTable": true,
          "avg": true,
          "current": true,
          "max": true,
          "min": true,
          "show": true,
          "sort": "current",
          "sortDesc": true,
          "total": false,
          "values": true
        },
        "lines": true,
        "linewidth": 2,
        "links": [],
        "nullPointMode": "connected",
        "percentage": false,
        "pointradius": 5,
        "points": false,
        "renderer": "flot",
        "seriesOverrides": [
          {
            "alias": "VolumeIdleTime_Average",
            "yaxis": 2
          }
        ],
        "spaceLength": 10,
        "stack": false,
        "steppedLine": false,
        "targets": [
          {
            "alias": "",
            "application": {
              "filter": ""
            },
            "dimensions": {
              "VolumeId": "$volumeid"
            },
            "functions": [],
            "group": {
              "filter": ""
            },
            "host": {
              "filter": ""
            },
            "item": {
              "filter": ""
            },
            "metricName": "VolumeTotalReadTime",
            "mode": 0,
            "namespace": "AWS/EBS",
            "options": {
              "showDisabledItems": false
            },
            "period": "",
            "refId": "A",
            "region": "$region",
            "statistics": [
              "Average"
            ]
          },
          {
            "alias": "",
            "application": {
              "filter": ""
            },
            "dimensions": {
              "VolumeId": "$volumeid"
            },
            "functions": [],
            "group": {
              "filter": ""
            },
            "host": {
              "filter": ""
            },
            "item": {
              "filter": ""
            },
            "metricName": "VolumeTotalWriteTime",
            "mode": 0,
            "namespace": "AWS/EBS",
            "options": {
              "showDisabledItems": false
            },
            "period": "",
            "refId": "B",
            "region": "$region",
            "statistics": [
              "Average"
            ]
          },
          {
            "alias": "",
            "application": {
              "filter": ""
            },
            "dimensions": {
              "VolumeId": "$volumeid"
            },
            "functions": [],
            "group": {
              "filter": ""
            },
            "host": {
              "filter": ""
            },
            "item": {
              "filter": ""
            },
            "metricName": "VolumeIdleTime",
            "mode": 0,
            "namespace": "AWS/EBS",
            "options": {
              "showDisabledItems": false
            },
            "period": "",
            "refId": "C",
            "region": "$region",
            "statistics": [
              "Average"
            ]
          }
        ],
        "thresholds": [],
        "timeFrom": null,
        "timeShift": null,
        "title": "EBS VolumeTime",
        "tooltip": {
          "msResolution": false,
          "shared": true,
          "sort": 0,
          "value_type": "cumulative"
        },
        "type": "graph",
        "xaxis": {
          "buckets": null,
          "mode": "time",
          "name": null,
          "show": true,
          "values": []
        },
        "yaxes": [
          {
            "format": "s",
            "label": null,
            "logBase": 1,
            "max": null,
            "min": 0,
            "show": true
          },
          {
            "format": "s",
            "label": null,
            "logBase": 1,
            "max": null,
            "min": null,
            "show": true
          }
        ]
      },
      {
        "aliasColors": {},
        "bars": false,
        "dashLength": 10,
        "dashes": false,
        "datasource": "AllocateCloudV3-CloudWatch",
        "editable": true,
        "error": false,
        "fill": 1,
        "grid": {},
        "gridPos": {
          "h": 7,
          "w": 24,
          "x": 0,
          "y": 77
        },
        "id": 18,
        "isNew": true,
        "legend": {
          "alignAsTable": true,
          "avg": true,
          "current": true,
          "max": true,
          "min": true,
          "show": true,
          "sort": "current",
          "sortDesc": true,
          "total": false,
          "values": true
        },
        "lines": true,
        "linewidth": 2,
        "links": [],
        "nullPointMode": "connected",
        "percentage": false,
        "pointradius": 5,
        "points": false,
        "renderer": "flot",
        "seriesOverrides": [
          {
            "alias": "VolumeIdleTime_Average",
            "yaxis": 2
          },
          {
            "alias": "VolumeConsumedReadWriteOps_Average",
            "yaxis": 2
          }
        ],
        "spaceLength": 10,
        "stack": false,
        "steppedLine": false,
        "targets": [
          {
            "alias": "",
            "application": {
              "filter": ""
            },
            "dimensions": {
              "VolumeId": "$volumeid"
            },
            "functions": [],
            "group": {
              "filter": ""
            },
            "host": {
              "filter": ""
            },
            "item": {
              "filter": ""
            },
            "metricName": "VolumeThroughputPercentage",
            "mode": 0,
            "namespace": "AWS/EBS",
            "options": {
              "showDisabledItems": false
            },
            "period": "",
            "refId": "A",
            "region": "$region",
            "statistics": [
              "Average"
            ]
          },
          {
            "alias": "",
            "application": {
              "filter": ""
            },
            "dimensions": {
              "VolumeId": "$volumeid"
            },
            "functions": [],
            "group": {
              "filter": ""
            },
            "host": {
              "filter": ""
            },
            "item": {
              "filter": ""
            },
            "metricName": "VolumeConsumedReadWriteOps",
            "mode": 0,
            "namespace": "AWS/EBS",
            "options": {
              "showDisabledItems": false
            },
            "period": "",
            "refId": "B",
            "region": "$region",
            "statistics": [
              "Average"
            ]
          }
        ],
        "thresholds": [],
        "timeFrom": null,
        "timeShift": null,
        "title": "EBS VolumeThroughputPercentage",
        "tooltip": {
          "msResolution": false,
          "shared": true,
          "sort": 0,
          "value_type": "cumulative"
        },
        "type": "graph",
        "xaxis": {
          "buckets": null,
          "mode": "time",
          "name": null,
          "show": true,
          "values": []
        },
        "yaxes": [
          {
            "format": "percent",
            "label": null,
            "logBase": 1,
            "max": null,
            "min": 0,
            "show": true
          },
          {
            "format": "none",
            "label": null,
            "logBase": 1,
            "max": null,
            "min": 0,
            "show": true
          }
        ]
      },
      {
        "aliasColors": {},
        "bars": false,
        "dashLength": 10,
        "dashes": false,
        "datasource": "AllocateCloudV3-CloudWatch",
        "editable": true,
        "error": false,
        "fill": 1,
        "grid": {},
        "gridPos": {
          "h": 7,
          "w": 24,
          "x": 0,
          "y": 84
        },
        "id": 19,
        "isNew": true,
        "legend": {
          "alignAsTable": true,
          "avg": true,
          "current": true,
          "max": true,
          "min": true,
          "show": true,
          "sort": "current",
          "sortDesc": true,
          "total": false,
          "values": true
        },
        "lines": true,
        "linewidth": 2,
        "links": [],
        "nullPointMode": "connected",
        "percentage": false,
        "pointradius": 5,
        "points": false,
        "renderer": "flot",
        "seriesOverrides": [
          {
            "alias": "VolumeIdleTime_Average",
            "yaxis": 2
          },
          {
            "alias": "VolumeConsumedReadWriteOps_Average",
            "yaxis": 2
          }
        ],
        "spaceLength": 10,
        "stack": false,
        "steppedLine": false,
        "targets": [
          {
            "alias": "",
            "application": {
              "filter": ""
            },
            "dimensions": {
              "VolumeId": "$volumeid"
            },
            "functions": [],
            "group": {
              "filter": ""
            },
            "host": {
              "filter": ""
            },
            "item": {
              "filter": ""
            },
            "metricName": "BurstBalance",
            "mode": 0,
            "namespace": "AWS/EBS",
            "options": {
              "showDisabledItems": false
            },
            "period": "",
            "refId": "A",
            "region": "$region",
            "statistics": [
              "Average"
            ]
          }
        ],
        "thresholds": [],
        "timeFrom": null,
        "timeShift": null,
        "title": "EBS BurstBalance",
        "tooltip": {
          "msResolution": false,
          "shared": true,
          "sort": 0,
          "value_type": "cumulative"
        },
        "type": "graph",
        "xaxis": {
          "buckets": null,
          "mode": "time",
          "name": null,
          "show": true,
          "values": []
        },
        "yaxes": [
          {
            "format": "percent",
            "label": null,
            "logBase": 1,
            "max": null,
            "min": 0,
            "show": true
          },
          {
            "format": "none",
            "label": null,
            "logBase": 1,
            "max": null,
            "min": 0,
            "show": false
          }
        ]
      },
      {
        "content": "<a style=\"float: right\" href=\"http://www.monitoringartist.com\" target=\"_blank\" title=\"Dashboard maintained by Monitoring Artist - DevOps / Docker / Kubernetes / AWS ECS / Google GCP / Zabbix / Zenoss / Terraform / Monitoring\"><img src=\"https://monitoringartist.github.io/monitoring-artist-logo-grafana.png\" height=\"30px\" /></a>\n<a style=\"float: left\"  target=\"_blank\" href=\"http://docs.aws.amazon.com/AmazonCloudWatch/latest/monitoring/ec2-metricscollected.html\">AWS Cloudwatch EC2 documentation, </a><a style=\"float: left\"  target=\"_blank\" href=\"http://docs.aws.amazon.com/AmazonCloudWatch/latest/monitoring/ebs-metricscollected.html\">AWS Cloudwatch EBS documentation</a><br/>\n<a style=\"float: left\"  target=\"_blank\" href=\"https://grafana.net/dashboards/617\">Installed from Grafana.net dashboards</a>\n<div style=\"clear:both; width:100%;height:0;font-size:0;\"></div>",
        "editable": true,
        "error": false,
        "gridPos": {
          "h": 3,
          "w": 24,
          "x": 0,
          "y": 91
        },
        "id": 2,
        "isNew": true,
        "links": [],
        "mode": "html",
        "title": "Documentation",
        "type": "text"
      }
    ],
    "refresh": false,
    "schemaVersion": 16,
    "style": "dark",
    "tags": [],
    "templating": {
      "list": [
        {
          "allValue": null,
          "current": {
            "tags": [],
            "text": "eu-west-2",
            "value": "eu-west-2"
          },
          "datasource": "AllocateCloudV3-CloudWatch",
          "hide": 0,
          "includeAll": false,
          "label": "Region",
          "multi": false,
          "name": "region",
          "options": [],
          "query": "regions()",
          "refresh": 1,
          "regex": "",
          "sort": 0,
          "tagValuesQuery": "",
          "tags": [],
          "tagsQuery": "",
          "type": "query",
          "useTags": false
        },
        {
          "allValue": null,
          "current": {
            "tags": [],
            "text": "i-0038df9d163b126e7",
            "value": "i-0038df9d163b126e7"
          },
          "datasource": "AllocateCloudV3-CloudWatch",
          "hide": 0,
          "includeAll": false,
          "label": "InstanceId",
          "multi": false,
          "name": "instanceid",
          "options": [],
          "query": "ec2_instance_attribute($region, InstanceId, {})",
          "refresh": 1,
          "regex": "",
          "sort": 0,
          "tagValuesQuery": "",
          "tags": [],
          "tagsQuery": "",
          "type": "query",
          "useTags": false
        },
        {
          "allValue": "*",
          "current": {
            "text": "vol-06807d6198a4eafff",
            "value": "vol-06807d6198a4eafff"
          },
          "datasource": "AllocateCloudV3-CloudWatch",
          "hide": 0,
          "includeAll": false,
          "label": "EBS volume",
          "multi": false,
          "name": "volumeid",
          "options": [],
          "query": "ebs_volume_ids($region, $instanceid)",
          "refresh": 1,
          "regex": "",
          "sort": 0,
          "tagValuesQuery": "",
          "tags": [],
          "tagsQuery": "",
          "type": "query",
          "useTags": false
        },
        {
          "allValue": "*",
          "current": {
            "text": "t2.xlarge",
            "value": "t2.xlarge"
          },
          "datasource": "AllocateCloudV3-CloudWatch",
          "hide": 0,
          "includeAll": false,
          "label": "Info InstanceType",
          "multi": false,
          "name": "instancetype",
          "options": [],
          "query": "ec2_instance_attribute($region,InstanceType, {\"instance-id\": [\"$instanceid\"]})",
          "refresh": 1,
          "regex": "",
          "sort": 0,
          "tagValuesQuery": "",
          "tags": [],
          "tagsQuery": "",
          "type": "query",
          "useTags": false
        },
        {
          "allValue": "*",
          "current": {
            "text": "ami-876074e3",
            "value": "ami-876074e3"
          },
          "datasource": "AllocateCloudV3-CloudWatch",
          "hide": 0,
          "includeAll": false,
          "label": "Info ImageId",
          "multi": false,
          "name": "imageid",
          "options": [],
          "query": "ec2_instance_attribute($region,ImageId, {\"instance-id\": [\"$instanceid\"]})",
          "refresh": 1,
          "regex": "",
          "sort": 0,
          "tagValuesQuery": "",
          "tags": [],
          "tagsQuery": "",
          "type": "query",
          "useTags": false
        }
      ]
    },
    "time": {
      "from": "now-1h",
      "to": "now"
    },
    "timepicker": {
      "refresh_intervals": [
        "5s",
        "10s",
        "30s",
        "1m",
        "5m",
        "15m",
        "30m",
        "1h",
        "2h",
        "1d"
      ],
      "time_options": [
        "5m",
        "15m",
        "1h",
        "6h",
        "12h",
        "24h",
        "2d",
        "7d",
        "30d"
      ]
    },
    "timezone": "browser",
    "title": "AWS EC2",
    "uid": "8G4hdr6zk"
  }
}
