{
  "meta": {
    "type": "db",
    "canSave": true,
    "canEdit": true,
    "canAdmin": true,
    "canStar": true,
    "slug": "aws-lambda",
    "url": "/d/BCIjItimk/aws-lambda",
    "hasAcl": false,
    "isFolder": false,
    "folderId": 32,
    "folderTitle": "AWS Dashboards",
    "folderUrl": "/dashboards/f/LR9u4a6kk/aws-dashboards",
    "provisioned": false
  },
  "dashboard": {
    "annotations": {
      "list": [
        {
          "builtIn": 1,
          "datasource": "-- Grafana --",
          "enable": true,
          "hide": true,
          "iconColor": "rgba(0, 211, 255, 1)",
          "name": "Annotations & Alerts",
          "type": "dashboard"
        }
      ]
    },
    "description": "Visualize AWS Lambda metrics",
    "editable": true,
    "gnetId": 593,
    "graphTooltip": 0,
    "id": 47,
    "iteration": 1522917867379,
    "links": [],
    "panels": [
      {
        "aliasColors": {
          "Maximum": "#e24d42"
        },
        "bars": true,
        "dashLength": 10,
        "dashes": false,
        "datasource": "AllocateCloudV3-CloudWatch",
        "decimals": 3,
        "editable": true,
        "error": false,
        "fill": 1,
        "grid": {},
        "gridPos": {
          "h": 7,
          "w": 24,
          "x": 0,
          "y": 0
        },
        "id": 1,
        "legend": {
          "alignAsTable": true,
          "avg": true,
          "current": true,
          "max": true,
          "min": true,
          "show": true,
          "sort": "current",
          "sortDesc": true,
          "total": true,
          "values": true
        },
        "lines": false,
        "linewidth": 2,
        "links": [],
        "nullPointMode": "null",
        "percentage": false,
        "pointradius": 5,
        "points": false,
        "renderer": "flot",
        "seriesOverrides": [
          {
            "alias": "Duration Maximum",
            "bars": false,
            "fill": 0,
            "lines": true,
            "yaxis": 2
          }
        ],
        "spaceLength": 10,
        "stack": false,
        "steppedLine": false,
        "targets": [
          {
            "alias": "{{metric}} {{stat}}",
            "application": {
              "filter": ""
            },
            "dimensions": {
              "FunctionName": "$functionname"
            },
            "functions": [],
            "group": {
              "filter": ""
            },
            "host": {
              "filter": ""
            },
            "item": {
              "filter": ""
            },
            "metricName": "Duration",
            "mode": 0,
            "namespace": "AWS/Lambda",
            "options": {
              "showDisabledItems": false
            },
            "period": "$agg",
            "refId": "A",
            "region": "$region",
            "statistics": [
              "Average"
            ]
          },
          {
            "alias": "{{metric}} {{stat}}",
            "application": {
              "filter": ""
            },
            "dimensions": {
              "FunctionName": "$functionname"
            },
            "functions": [],
            "group": {
              "filter": ""
            },
            "hide": false,
            "host": {
              "filter": ""
            },
            "item": {
              "filter": ""
            },
            "metricName": "Duration",
            "mode": 0,
            "namespace": "AWS/Lambda",
            "options": {
              "showDisabledItems": false
            },
            "period": "$agg",
            "refId": "B",
            "region": "$region",
            "statistics": [
              "Maximum"
            ]
          }
        ],
        "thresholds": [],
        "timeFrom": null,
        "timeShift": null,
        "title": "Duration",
        "tooltip": {
          "msResolution": false,
          "shared": true,
          "sort": 0,
          "value_type": "cumulative"
        },
        "type": "graph",
        "xaxis": {
          "buckets": null,
          "mode": "time",
          "name": null,
          "show": true,
          "values": []
        },
        "yaxes": [
          {
            "format": "ms",
            "label": null,
            "logBase": 1,
            "max": null,
            "min": 0,
            "show": true
          },
          {
            "format": "ms",
            "label": null,
            "logBase": 1,
            "max": null,
            "min": "0",
            "show": true
          }
        ]
      },
      {
        "aliasColors": {},
        "bars": true,
        "dashLength": 10,
        "dashes": false,
        "datasource": "AllocateCloudV3-CloudWatch",
        "decimals": 0,
        "editable": true,
        "error": false,
        "fill": 1,
        "grid": {},
        "gridPos": {
          "h": 7,
          "w": 24,
          "x": 0,
          "y": 7
        },
        "id": 7,
        "legend": {
          "alignAsTable": true,
          "avg": true,
          "current": true,
          "max": true,
          "min": true,
          "show": true,
          "sort": "current",
          "sortDesc": true,
          "total": true,
          "values": true
        },
        "lines": false,
        "linewidth": 2,
        "links": [],
        "nullPointMode": "null",
        "percentage": false,
        "pointradius": 5,
        "points": false,
        "renderer": "flot",
        "seriesOverrides": [],
        "spaceLength": 10,
        "stack": false,
        "steppedLine": false,
        "targets": [
          {
            "alias": "{{metric}} {{stat}}",
            "application": {
              "filter": ""
            },
            "dimensions": {
              "FunctionName": "$functionname"
            },
            "functions": [],
            "group": {
              "filter": ""
            },
            "host": {
              "filter": ""
            },
            "item": {
              "filter": ""
            },
            "metricName": "Invocations",
            "mode": 0,
            "namespace": "AWS/Lambda",
            "options": {
              "showDisabledItems": false
            },
            "period": "$agg",
            "refId": "A",
            "region": "$region",
            "statistics": [
              "Sum"
            ]
          }
        ],
        "thresholds": [],
        "timeFrom": null,
        "timeShift": null,
        "title": "Invocations",
        "tooltip": {
          "msResolution": false,
          "shared": true,
          "sort": 0,
          "value_type": "cumulative"
        },
        "type": "graph",
        "xaxis": {
          "buckets": null,
          "mode": "time",
          "name": null,
          "show": true,
          "values": []
        },
        "yaxes": [
          {
            "format": "none",
            "label": null,
            "logBase": 1,
            "max": null,
            "min": 0,
            "show": true
          },
          {
            "format": "short",
            "label": null,
            "logBase": 1,
            "max": null,
            "min": null,
            "show": false
          }
        ]
      },
      {
        "aliasColors": {
          "Errors Sum": "#e24d42",
          "Errors_Average": "#BF1B00",
          "Errors_Sum": "#BF1B00"
        },
        "bars": true,
        "dashLength": 10,
        "dashes": false,
        "datasource": "AllocateCloudV3-CloudWatch",
        "editable": true,
        "error": false,
        "fill": 1,
        "grid": {},
        "gridPos": {
          "h": 7,
          "w": 24,
          "x": 0,
          "y": 14
        },
        "id": 8,
        "legend": {
          "alignAsTable": true,
          "avg": true,
          "current": true,
          "max": true,
          "min": true,
          "show": true,
          "sort": "current",
          "sortDesc": true,
          "total": true,
          "values": true
        },
        "lines": false,
        "linewidth": 2,
        "links": [],
        "nullPointMode": "null",
        "percentage": false,
        "pointradius": 5,
        "points": false,
        "renderer": "flot",
        "seriesOverrides": [],
        "spaceLength": 10,
        "stack": false,
        "steppedLine": false,
        "targets": [
          {
            "alias": "{{metric}} {{stat}}",
            "application": {
              "filter": ""
            },
            "dimensions": {
              "FunctionName": "$functionname"
            },
            "functions": [],
            "group": {
              "filter": ""
            },
            "host": {
              "filter": ""
            },
            "item": {
              "filter": ""
            },
            "metricName": "Errors",
            "mode": 0,
            "namespace": "AWS/Lambda",
            "options": {
              "showDisabledItems": false
            },
            "period": "$agg",
            "refId": "A",
            "region": "$region",
            "statistics": [
              "Sum"
            ]
          }
        ],
        "thresholds": [],
        "timeFrom": null,
        "timeShift": null,
        "title": "Errors",
        "tooltip": {
          "msResolution": false,
          "shared": true,
          "sort": 0,
          "value_type": "cumulative"
        },
        "type": "graph",
        "xaxis": {
          "buckets": null,
          "mode": "time",
          "name": null,
          "show": true,
          "values": []
        },
        "yaxes": [
          {
            "format": "none",
            "label": null,
            "logBase": 1,
            "max": null,
            "min": 0,
            "show": true
          },
          {
            "format": "short",
            "label": null,
            "logBase": 1,
            "max": null,
            "min": null,
            "show": false
          }
        ]
      },
      {
        "aliasColors": {
          "Throttles Sum": "#e24d42",
          "Throttles_Average": "#EAB839",
          "Throttles_Sum": "#EAB839"
        },
        "bars": true,
        "dashLength": 10,
        "dashes": false,
        "datasource": "AllocateCloudV3-CloudWatch",
        "editable": true,
        "error": false,
        "fill": 1,
        "grid": {},
        "gridPos": {
          "h": 7,
          "w": 24,
          "x": 0,
          "y": 21
        },
        "id": 9,
        "legend": {
          "alignAsTable": true,
          "avg": true,
          "current": true,
          "max": true,
          "min": true,
          "show": true,
          "sort": "current",
          "sortDesc": true,
          "total": true,
          "values": true
        },
        "lines": false,
        "linewidth": 2,
        "links": [],
        "nullPointMode": "null",
        "percentage": false,
        "pointradius": 5,
        "points": false,
        "renderer": "flot",
        "seriesOverrides": [
          {
            "alias": "Dead Letter Error Sum",
            "yaxis": 2
          }
        ],
        "spaceLength": 10,
        "stack": false,
        "steppedLine": false,
        "targets": [
          {
            "alias": "{{metric}} {{stat}}",
            "application": {
              "filter": ""
            },
            "dimensions": {
              "FunctionName": "$functionname"
            },
            "functions": [],
            "group": {
              "filter": ""
            },
            "host": {
              "filter": ""
            },
            "item": {
              "filter": ""
            },
            "metricName": "Throttles",
            "mode": 0,
            "namespace": "AWS/Lambda",
            "options": {
              "showDisabledItems": false
            },
            "period": "$agg",
            "refId": "A",
            "region": "$region",
            "statistics": [
              "Sum"
            ]
          },
          {
            "alias": "{{metric}} {{stat}}",
            "application": {
              "filter": ""
            },
            "dimensions": {
              "FunctionName": "$functionname"
            },
            "functions": [],
            "group": {
              "filter": ""
            },
            "host": {
              "filter": ""
            },
            "item": {
              "filter": ""
            },
            "metricName": "Dead Letter Error",
            "mode": 0,
            "namespace": "AWS/Lambda",
            "options": {
              "showDisabledItems": false
            },
            "period": "$agg",
            "refId": "B",
            "region": "$region",
            "statistics": [
              "Sum"
            ]
          }
        ],
        "thresholds": [],
        "timeFrom": null,
        "timeShift": null,
        "title": "Throttles",
        "tooltip": {
          "msResolution": false,
          "shared": true,
          "sort": 0,
          "value_type": "cumulative"
        },
        "type": "graph",
        "xaxis": {
          "buckets": null,
          "mode": "time",
          "name": null,
          "show": true,
          "values": []
        },
        "yaxes": [
          {
            "format": "none",
            "label": null,
            "logBase": 1,
            "max": null,
            "min": 0,
            "show": true
          },
          {
            "format": "none",
            "label": null,
            "logBase": 1,
            "max": null,
            "min": "0",
            "show": true
          }
        ]
      },
      {
        "aliasColors": {
          "Throttles Sum": "#e24d42",
          "Throttles_Average": "#EAB839",
          "Throttles_Sum": "#EAB839"
        },
        "bars": false,
        "dashLength": 10,
        "dashes": false,
        "datasource": "AllocateCloudV3-CloudWatch",
        "editable": true,
        "error": false,
        "fill": 1,
        "grid": {},
        "gridPos": {
          "h": 7,
          "w": 24,
          "x": 0,
          "y": 28
        },
        "id": 10,
        "legend": {
          "alignAsTable": true,
          "avg": true,
          "current": true,
          "max": true,
          "min": true,
          "show": true,
          "sort": "current",
          "sortDesc": true,
          "total": true,
          "values": true
        },
        "lines": true,
        "linewidth": 2,
        "links": [],
        "nullPointMode": "null",
        "percentage": false,
        "pointradius": 5,
        "points": false,
        "renderer": "flot",
        "seriesOverrides": [
          {
            "alias": "UnreservedConcurrentExecutions Average",
            "yaxis": 2
          }
        ],
        "spaceLength": 10,
        "stack": false,
        "steppedLine": false,
        "targets": [
          {
            "alias": "{{metric}} {{stat}}",
            "application": {
              "filter": ""
            },
            "dimensions": {},
            "functions": [],
            "group": {
              "filter": ""
            },
            "host": {
              "filter": ""
            },
            "item": {
              "filter": ""
            },
            "metricName": "ConcurrentExecutions",
            "mode": 0,
            "namespace": "AWS/Lambda",
            "options": {
              "showDisabledItems": false
            },
            "period": "$agg",
            "refId": "A",
            "region": "$region",
            "statistics": [
              "Average"
            ]
          },
          {
            "alias": "{{metric}} {{stat}}",
            "application": {
              "filter": ""
            },
            "dimensions": {},
            "functions": [],
            "group": {
              "filter": ""
            },
            "host": {
              "filter": ""
            },
            "item": {
              "filter": ""
            },
            "metricName": "UnreservedConcurrentExecutions",
            "mode": 0,
            "namespace": "AWS/Lambda",
            "options": {
              "showDisabledItems": false
            },
            "period": "$agg",
            "refId": "B",
            "region": "$region",
            "statistics": [
              "Average"
            ]
          }
        ],
        "thresholds": [],
        "timeFrom": null,
        "timeShift": null,
        "title": "Global Concurrent Executions",
        "tooltip": {
          "msResolution": false,
          "shared": true,
          "sort": 0,
          "value_type": "cumulative"
        },
        "type": "graph",
        "xaxis": {
          "buckets": null,
          "mode": "time",
          "name": null,
          "show": true,
          "values": []
        },
        "yaxes": [
          {
            "format": "none",
            "label": null,
            "logBase": 1,
            "max": null,
            "min": 0,
            "show": true
          },
          {
            "format": "none",
            "label": null,
            "logBase": 1,
            "max": null,
            "min": "0",
            "show": true
          }
        ]
      },
      {
        "content": "<a style=\"float: right\" href=\"http://www.monitoringartist.com\" target=\"_blank\" title=\"Dashboard maintained by Monitoring Artist - DevOps / Docker / Kubernetes / AWS ECS / Google GCP / Zabbix / Zenoss / Terraform / Monitoring\"><img src=\"https://monitoringartist.github.io/monitoring-artist-logo-grafana.png\" height=\"30px\" /></a>\n<a style=\"float: left\"  target=\"_blank\" href=\"http://docs.aws.amazon.com/AmazonCloudWatch/latest/monitoring/lam-metricscollected.html\">AWS CloudWatch Lambda documentation</a><br/>\n<a style=\"float: left\"  target=\"_blank\" href=\"https://grafana.net/dashboards/593\">Installed from Grafana.net dashboards</a>\n<div style=\"clear:both; width:100%;height:0;font-size:0;\"></div>",
        "editable": true,
        "error": false,
        "gridPos": {
          "h": 3,
          "w": 24,
          "x": 0,
          "y": 35
        },
        "id": 2,
        "links": [],
        "mode": "html",
        "title": "Documentation",
        "type": "text"
      }
    ],
    "refresh": false,
    "schemaVersion": 16,
    "style": "dark",
    "tags": [
      "monitoringartist",
      "cloudwatch"
    ],
    "templating": {
      "list": [
        {
          "auto": true,
          "auto_count": 30,
          "auto_min": "10s",
          "current": {
            "text": "auto",
            "value": "$__auto_interval_agg"
          },
          "hide": 0,
          "label": "Aggregation",
          "name": "agg",
          "options": [
            {
              "selected": true,
              "text": "auto",
              "value": "$__auto_interval_agg"
            },
            {
              "selected": false,
              "text": "1s",
              "value": "1s"
            },
            {
              "selected": false,
              "text": "5s",
              "value": "5s"
            },
            {
              "selected": false,
              "text": "10s",
              "value": "10s"
            },
            {
              "selected": false,
              "text": "30s",
              "value": "30s"
            },
            {
              "selected": false,
              "text": "1m",
              "value": "1m"
            },
            {
              "selected": false,
              "text": "5m",
              "value": "5m"
            },
            {
              "selected": false,
              "text": "15m",
              "value": "15m"
            },
            {
              "selected": false,
              "text": "1h",
              "value": "1h"
            },
            {
              "selected": false,
              "text": "6h",
              "value": "6h"
            },
            {
              "selected": false,
              "text": "1d",
              "value": "1d"
            },
            {
              "selected": false,
              "text": "7d",
              "value": "7d"
            },
            {
              "selected": false,
              "text": "30d",
              "value": "30d"
            }
          ],
          "query": "1s,5s,10s,30s,1m,5m,15m,1h,6h,1d,7d,30d",
          "refresh": 2,
          "type": "interval"
        },
        {
          "allValue": null,
          "current": {
            "tags": [],
            "text": "eu-west-2",
            "value": "eu-west-2"
          },
          "datasource": "AllocateCloudV3-CloudWatch",
          "hide": 0,
          "includeAll": false,
          "label": "Region",
          "multi": false,
          "name": "region",
          "options": [],
          "query": "regions()",
          "refresh": 1,
          "regex": "",
          "sort": 1,
          "tagValuesQuery": "",
          "tags": [],
          "tagsQuery": "",
          "type": "query",
          "useTags": false
        },
        {
          "allValue": null,
          "current": {
            "tags": [],
            "text": "ec2Snapshots",
            "value": "ec2Snapshots"
          },
          "datasource": "AllocateCloudV3-CloudWatch",
          "hide": 0,
          "includeAll": false,
          "label": "FunctionName",
          "multi": false,
          "name": "functionname",
          "options": [],
          "query": "dimension_values($region,AWS/Lambda,Duration,FunctionName)",
          "refresh": 1,
          "regex": "",
          "sort": 1,
          "tagValuesQuery": "",
          "tags": [],
          "tagsQuery": "",
          "type": "query",
          "useTags": false
        }
      ]
    },
    "time": {
      "from": "now-24h",
      "to": "now"
    },
    "timepicker": {
      "refresh_intervals": [
        "5s",
        "10s",
        "30s",
        "1m",
        "5m",
        "15m",
        "30m",
        "1h",
        "2h",
        "1d"
      ],
      "time_options": [
        "5m",
        "15m",
        "1h",
        "6h",
        "12h",
        "24h",
        "2d",
        "7d",
        "30d"
      ]
    },
    "timezone": "browser",
    "title": "AWS Lambda",
    "uid": "BCIjItimk"
  }
}
