{
  "meta": {
    "type": "db",
    "canSave": true,
    "canEdit": true,
    "canAdmin": true,
    "canStar": true,
    "slug": "aws-cloudwatch-browser",
    "url": "/d/000000022/aws-cloudwatch-browser",
    "hasAcl": false,
    "isFolder": false,
    "folderId": 32,
    "folderTitle": "AWS Dashboards",
    "folderUrl": "/dashboards/f/LR9u4a6kk/aws-dashboards",
    "provisioned": false
  },
  "dashboard": {
    "annotations": {
      "list": [
        {
          "builtIn": 1,
          "datasource": "-- Grafana --",
          "enable": true,
          "hide": true,
          "iconColor": "rgba(0, 211, 255, 1)",
          "name": "Annotations & Alerts",
          "type": "dashboard"
        },
        {
          "datasource": "AllocateCloudV3-CloudWatch",
          "dimensions": {
            "$dimension": "$dimensionvalue"
          },
          "enable": true,
          "iconColor": "rgba(255, 96, 96, 1)",
          "metricName": "$metric",
          "name": "Alarms",
          "namespace": "$namespace",
          "period": "",
          "prefixMatching": false,
          "region": "$region",
          "statistics": [
            "Average"
          ]
        }
      ]
    },
    "description": "Browse and visualize available AWS Cloudwatch metrics and filters",
    "editable": true,
    "gnetId": 590,
    "graphTooltip": 0,
    "id": 22,
    "links": [],
    "panels": [
      {
        "aliasColors": {},
        "bars": false,
        "dashLength": 10,
        "dashes": false,
        "datasource": "AllocateCloudV3-CloudWatch",
        "editable": true,
        "error": false,
        "fill": 1,
        "grid": {},
        "gridPos": {
          "h": 7,
          "w": 24,
          "x": 0,
          "y": 0
        },
        "id": 7,
        "legend": {
          "alignAsTable": true,
          "avg": true,
          "current": true,
          "max": true,
          "min": true,
          "show": true,
          "sort": "current",
          "sortDesc": true,
          "total": false,
          "values": true
        },
        "lines": true,
        "linewidth": 2,
        "links": [],
        "nullPointMode": "connected",
        "percentage": false,
        "pointradius": 5,
        "points": false,
        "renderer": "flot",
        "seriesOverrides": [],
        "spaceLength": 10,
        "stack": false,
        "steppedLine": false,
        "targets": [
          {
            "alias": "",
            "application": {
              "filter": ""
            },
            "dimensions": {
              "$dimension": "$dimensionvalue"
            },
            "functions": [],
            "group": {
              "filter": ""
            },
            "host": {
              "filter": ""
            },
            "item": {
              "filter": ""
            },
            "metricName": "$metric",
            "mode": 0,
            "namespace": "$namespace",
            "options": {
              "showDisabledItems": false
            },
            "period": "",
            "refId": "A",
            "region": "$region",
            "statistics": [
              "Average"
            ]
          }
        ],
        "thresholds": [],
        "timeFrom": null,
        "timeShift": null,
        "title": "Metric",
        "tooltip": {
          "msResolution": false,
          "shared": true,
          "sort": 0,
          "value_type": "cumulative"
        },
        "type": "graph",
        "xaxis": {
          "buckets": null,
          "mode": "time",
          "name": null,
          "show": true,
          "values": []
        },
        "yaxes": [
          {
            "format": "none",
            "label": null,
            "logBase": 1,
            "max": null,
            "min": 0,
            "show": true
          },
          {
            "format": "short",
            "label": null,
            "logBase": 1,
            "max": null,
            "min": null,
            "show": false
          }
        ]
      },
      {
        "content": "<a style=\"float: right\" href=\"http://www.monitoringartist.com\" target=\"_blank\" title=\"Dashboard maintained by Monitoring Artist - DevOps / Docker / Kubernetes / AWS ECS / Google GCP / Zabbix / Zenoss / Terraform / Monitoring\"><img src=\"https://monitoringartist.github.io/monitoring-artist-logo-grafana.png\" height=\"30px\" /></a>\n<a style=\"float: left\"  target=\"_blank\" href=\"http://docs.aws.amazon.com/AmazonCloudWatch/latest/monitoring/CW_Support_For_AWS.html\">Amazon CloudWatch Namespaces, Dimensions, and Metrics Reference </a>&nbsp;Note: some metrics may need more dimensions.<br/>\n<a style=\"float: left\"  target=\"_blank\" href=\"https://grafana.net/dashboards/590\">Installed from Grafana.net dashboards</a>\n<div style=\"clear:both; width:100%;height:0;font-size:0;\"></div>",
        "editable": true,
        "error": false,
        "gridPos": {
          "h": 3,
          "w": 24,
          "x": 0,
          "y": 7
        },
        "id": 2,
        "links": [],
        "mode": "html",
        "title": "Documentation",
        "type": "text"
      }
    ],
    "refresh": false,
    "schemaVersion": 16,
    "style": "dark",
    "tags": [],
    "templating": {
      "list": [
        {
          "allValue": null,
          "current": {
            "tags": [],
            "text": "eu-west-2",
            "value": "eu-west-2"
          },
          "datasource": "AllocateCloudV3-CloudWatch",
          "hide": 0,
          "includeAll": false,
          "label": "Region",
          "multi": false,
          "name": "region",
          "options": [],
          "query": "regions()",
          "refresh": 1,
          "regex": "",
          "sort": 0,
          "tagValuesQuery": "",
          "tags": [],
          "tagsQuery": "",
          "type": "query",
          "useTags": false
        },
        {
          "allValue": "*",
          "current": {
            "tags": [],
            "text": "AWS/EC2",
            "value": "AWS/EC2"
          },
          "datasource": "AllocateCloudV3-CloudWatch",
          "hide": 0,
          "includeAll": false,
          "label": "Namespace",
          "multi": false,
          "name": "namespace",
          "options": [],
          "query": "namespaces()",
          "refresh": 1,
          "regex": "",
          "sort": 0,
          "tagValuesQuery": "",
          "tags": [],
          "tagsQuery": "",
          "type": "query",
          "useTags": false
        },
        {
          "allValue": "*",
          "current": {
            "tags": [],
            "text": "CPUCreditUsage",
            "value": "CPUCreditUsage"
          },
          "datasource": "AllocateCloudV3-CloudWatch",
          "hide": 0,
          "includeAll": false,
          "label": "Metric",
          "multi": false,
          "name": "metric",
          "options": [],
          "query": "metrics($namespace)",
          "refresh": 1,
          "regex": "",
          "sort": 0,
          "tagValuesQuery": "",
          "tags": [],
          "tagsQuery": "",
          "type": "query",
          "useTags": false
        },
        {
          "allValue": null,
          "current": {
            "tags": [],
            "text": "InstanceId",
            "value": "InstanceId"
          },
          "datasource": "AllocateCloudV3-CloudWatch",
          "hide": 0,
          "includeAll": false,
          "label": "Dimenson key",
          "multi": false,
          "name": "dimension",
          "options": [],
          "query": "dimension_keys($namespace)",
          "refresh": 1,
          "regex": "",
          "sort": 0,
          "tagValuesQuery": "",
          "tags": [],
          "tagsQuery": "",
          "type": "query",
          "useTags": false
        },
        {
          "allValue": null,
          "current": {
            "text": "i-00020aa475a4623c4",
            "value": "i-00020aa475a4623c4"
          },
          "datasource": "AllocateCloudV3-CloudWatch",
          "hide": 0,
          "includeAll": false,
          "label": "Dimenson value",
          "multi": false,
          "name": "dimensionvalue",
          "options": [],
          "query": "dimension_values($region, $namespace, $metric, $dimension)",
          "refresh": 1,
          "regex": "",
          "sort": 0,
          "tagValuesQuery": "",
          "tags": [],
          "tagsQuery": "",
          "type": "query",
          "useTags": false
        }
      ]
    },
    "time": {
      "from": "now-6h",
      "to": "now"
    },
    "timepicker": {
      "refresh_intervals": [
        "5s",
        "10s",
        "30s",
        "1m",
        "5m",
        "15m",
        "30m",
        "1h",
        "2h",
        "1d"
      ],
      "time_options": [
        "5m",
        "15m",
        "1h",
        "6h",
        "12h",
        "24h",
        "2d",
        "7d",
        "30d"
      ]
    },
    "timezone": "browser",
    "title": "AWS Cloudwatch Browser",
    "uid": "000000022"
  }
}
