{
  "meta": {
    "type": "db",
    "canSave": true,
    "canEdit": true,
    "canAdmin": true,
    "canStar": true,
    "slug": "aws-billing",
    "url": "/d/000000021/aws-billing",
    "hasAcl": false,
    "isFolder": false,
    "folderId": 32,
    "folderTitle": "AWS Dashboards",
    "folderUrl": "/dashboards/f/LR9u4a6kk/aws-dashboards",
    "provisioned": false
  },
  "dashboard": {
    "annotations": {
      "list": [
        {
          "builtIn": 1,
          "datasource": "-- Grafana --",
          "enable": true,
          "hide": true,
          "iconColor": "rgba(0, 211, 255, 1)",
          "name": "Annotations & Alerts",
          "type": "dashboard"
        }
      ]
    },
    "description": "Visualize estimated AWS charges per AWS resource (EC2, S3, ...) for current month",
    "editable": true,
    "gnetId": 139,
    "graphTooltip": 0,
    "id": 21,
    "links": [],
    "panels": [
      {
        "alert": {
          "conditions": [
            {
              "evaluator": {
                "params": [
                  100000
                ],
                "type": "gt"
              },
              "operator": {
                "type": "and"
              },
              "query": {
                "params": [
                  "A",
                  "12h",
                  "now"
                ]
              },
              "reducer": {
                "params": [],
                "type": "avg"
              },
              "type": "query"
            }
          ],
          "executionErrorState": "keep_state",
          "for": "0m",
          "frequency": "12h",
          "handler": 1,
          "message": "Please check AWS Billing Console",
          "name": "AWS Spend Alert",
          "noDataState": "keep_state",
          "notifications": []
        },
        "aliasColors": {},
        "bars": false,
        "dashLength": 10,
        "dashes": false,
        "datasource": "AllocateCloudV3-CloudWatch",
        "editable": true,
        "error": false,
        "fill": 1,
        "grid": {},
        "gridPos": {
          "h": 18,
          "w": 24,
          "x": 0,
          "y": 0
        },
        "id": 1,
        "legend": {
          "alignAsTable": true,
          "avg": true,
          "current": true,
          "max": true,
          "min": true,
          "show": true,
          "sort": "current",
          "sortDesc": true,
          "total": false,
          "values": true
        },
        "lines": true,
        "linewidth": 2,
        "links": [],
        "nullPointMode": "connected",
        "paceLength": 10,
        "percentage": false,
        "pointradius": 5,
        "points": false,
        "renderer": "flot",
        "seriesOverrides": [],
        "spaceLength": 10,
        "stack": false,
        "steppedLine": false,
        "targets": [
          {
            "alias": "Total",
            "application": {
              "filter": ""
            },
            "dimensions": {
              "Currency": "USD"
            },
            "expression": "",
            "functions": [],
            "group": {
              "filter": ""
            },
            "highResolution": false,
            "host": {
              "filter": ""
            },
            "id": "",
            "item": {
              "filter": ""
            },
            "metricName": "EstimatedCharges",
            "mode": 0,
            "namespace": "AWS/Billing",
            "options": {
              "showDisabledItems": false
            },
            "period": "",
            "refId": "A",
            "region": "us-east-1",
            "returnData": false,
            "statistics": [
              "Average"
            ]
          },
          {
            "alias": "AmazonEC2",
            "application": {
              "filter": ""
            },
            "dimensions": {
              "Currency": "USD",
              "ServiceName": "AmazonEC2"
            },
            "expression": "",
            "functions": [],
            "group": {
              "filter": ""
            },
            "highResolution": false,
            "host": {
              "filter": ""
            },
            "id": "",
            "item": {
              "filter": ""
            },
            "metricName": "EstimatedCharges",
            "mode": 0,
            "namespace": "AWS/Billing",
            "options": {
              "showDisabledItems": false
            },
            "period": "",
            "refId": "B",
            "region": "us-east-1",
            "returnData": false,
            "statistics": [
              "Average"
            ]
          },
          {
            "alias": "AmazonRDS",
            "application": {
              "filter": ""
            },
            "dimensions": {
              "Currency": "USD",
              "ServiceName": "AmazonRDS"
            },
            "expression": "",
            "functions": [],
            "group": {
              "filter": ""
            },
            "highResolution": false,
            "host": {
              "filter": ""
            },
            "id": "",
            "item": {
              "filter": ""
            },
            "metricName": "EstimatedCharges",
            "mode": 0,
            "namespace": "AWS/Billing",
            "options": {
              "showDisabledItems": false
            },
            "period": "",
            "refId": "C",
            "region": "us-east-1",
            "returnData": false,
            "statistics": [
              "Average"
            ]
          },
          {
            "alias": "AmazonS3",
            "application": {
              "filter": ""
            },
            "dimensions": {
              "Currency": "USD",
              "ServiceName": "AmazonS3"
            },
            "expression": "",
            "functions": [],
            "group": {
              "filter": ""
            },
            "highResolution": false,
            "host": {
              "filter": ""
            },
            "id": "",
            "item": {
              "filter": ""
            },
            "metricName": "EstimatedCharges",
            "mode": 0,
            "namespace": "AWS/Billing",
            "options": {
              "showDisabledItems": false
            },
            "period": "",
            "refId": "D",
            "region": "us-east-1",
            "returnData": false,
            "statistics": [
              "Average"
            ]
          },
          {
            "alias": "AmazonCloudWatch",
            "application": {
              "filter": ""
            },
            "dimensions": {
              "Currency": "USD",
              "ServiceName": "AmazonCloudWatch"
            },
            "expression": "",
            "functions": [],
            "group": {
              "filter": ""
            },
            "highResolution": false,
            "host": {
              "filter": ""
            },
            "id": "",
            "item": {
              "filter": ""
            },
            "metricName": "EstimatedCharges",
            "mode": 0,
            "namespace": "AWS/Billing",
            "options": {
              "showDisabledItems": false
            },
            "period": "",
            "refId": "E",
            "region": "us-east-1",
            "returnData": false,
            "statistics": [
              "Average"
            ]
          },
          {
            "alias": "AmazonDynamoDB",
            "application": {
              "filter": ""
            },
            "dimensions": {
              "Currency": "USD",
              "ServiceName": "AmazonDynamoDB"
            },
            "expression": "",
            "functions": [],
            "group": {
              "filter": ""
            },
            "highResolution": false,
            "host": {
              "filter": ""
            },
            "id": "",
            "item": {
              "filter": ""
            },
            "metricName": "EstimatedCharges",
            "mode": 0,
            "namespace": "AWS/Billing",
            "options": {
              "showDisabledItems": false
            },
            "period": "",
            "refId": "F",
            "region": "us-east-1",
            "returnData": false,
            "statistics": [
              "Average"
            ]
          },
          {
            "alias": "ElasticMapReduce",
            "application": {
              "filter": ""
            },
            "dimensions": {
              "Currency": "USD",
              "ServiceName": "ElasticMapReduce"
            },
            "expression": "",
            "functions": [],
            "group": {
              "filter": ""
            },
            "highResolution": false,
            "host": {
              "filter": ""
            },
            "id": "",
            "item": {
              "filter": ""
            },
            "metricName": "EstimatedCharges",
            "mode": 0,
            "namespace": "AWS/Billing",
            "options": {
              "showDisabledItems": false
            },
            "period": "",
            "refId": "G",
            "region": "us-east-1",
            "returnData": false,
            "statistics": [
              "Average"
            ]
          },
          {
            "alias": "AWSDataTransfer",
            "application": {
              "filter": ""
            },
            "dimensions": {
              "Currency": "USD",
              "ServiceName": "AWSDataTransfer"
            },
            "expression": "",
            "functions": [],
            "group": {
              "filter": ""
            },
            "highResolution": false,
            "host": {
              "filter": ""
            },
            "id": "",
            "item": {
              "filter": ""
            },
            "metricName": "EstimatedCharges",
            "mode": 0,
            "namespace": "AWS/Billing",
            "options": {
              "showDisabledItems": false
            },
            "period": "",
            "refId": "H",
            "region": "us-east-1",
            "returnData": false,
            "statistics": [
              "Average"
            ]
          },
          {
            "alias": "AmazonECR",
            "application": {
              "filter": ""
            },
            "dimensions": {
              "Currency": "USD",
              "ServiceName": "AmazonECR"
            },
            "expression": "",
            "functions": [],
            "group": {
              "filter": ""
            },
            "highResolution": false,
            "host": {
              "filter": ""
            },
            "id": "",
            "item": {
              "filter": ""
            },
            "metricName": "EstimatedCharges",
            "mode": 0,
            "namespace": "AWS/Billing",
            "options": {
              "showDisabledItems": false
            },
            "period": "",
            "refId": "I",
            "region": "us-east-1",
            "returnData": false,
            "statistics": [
              "Average"
            ]
          },
          {
            "alias": "AmazonRoute53",
            "application": {
              "filter": ""
            },
            "dimensions": {
              "Currency": "USD",
              "ServiceName": "AmazonRoute53"
            },
            "expression": "",
            "functions": [],
            "group": {
              "filter": ""
            },
            "highResolution": false,
            "host": {
              "filter": ""
            },
            "id": "",
            "item": {
              "filter": ""
            },
            "metricName": "EstimatedCharges",
            "mode": 0,
            "namespace": "AWS/Billing",
            "options": {
              "showDisabledItems": false
            },
            "period": "",
            "refId": "J",
            "region": "us-east-1",
            "returnData": false,
            "statistics": [
              "Average"
            ]
          },
          {
            "alias": "AWSQueueService",
            "application": {
              "filter": ""
            },
            "dimensions": {
              "Currency": "USD",
              "ServiceName": "AWSQueueService"
            },
            "expression": "",
            "functions": [],
            "group": {
              "filter": ""
            },
            "highResolution": false,
            "host": {
              "filter": ""
            },
            "id": "",
            "item": {
              "filter": ""
            },
            "metricName": "EstimatedCharges",
            "mode": 0,
            "namespace": "AWS/Billing",
            "options": {
              "showDisabledItems": false
            },
            "period": "",
            "refId": "K",
            "region": "us-east-1",
            "returnData": false,
            "statistics": [
              "Average"
            ]
          },
          {
            "alias": "AmazonES",
            "application": {
              "filter": ""
            },
            "dimensions": {
              "Currency": "USD",
              "ServiceName": "AmazonES"
            },
            "expression": "",
            "functions": [],
            "group": {
              "filter": ""
            },
            "highResolution": false,
            "host": {
              "filter": ""
            },
            "id": "",
            "item": {
              "filter": ""
            },
            "metricName": "EstimatedCharges",
            "mode": 0,
            "namespace": "AWS/Billing",
            "options": {
              "showDisabledItems": false
            },
            "period": "",
            "refId": "L",
            "region": "us-east-1",
            "returnData": false,
            "statistics": [
              "Average"
            ]
          },
          {
            "alias": "AmazonKinesis",
            "application": {
              "filter": ""
            },
            "dimensions": {
              "Currency": "USD",
              "ServiceName": "AmazonKinesis"
            },
            "expression": "",
            "functions": [],
            "group": {
              "filter": ""
            },
            "highResolution": false,
            "host": {
              "filter": ""
            },
            "id": "",
            "item": {
              "filter": ""
            },
            "metricName": "EstimatedCharges",
            "mode": 0,
            "namespace": "AWS/Billing",
            "options": {
              "showDisabledItems": false
            },
            "period": "",
            "refId": "M",
            "region": "us-east-1",
            "returnData": false,
            "statistics": [
              "Average"
            ]
          },
          {
            "alias": "awskms",
            "application": {
              "filter": ""
            },
            "dimensions": {
              "Currency": "USD",
              "ServiceName": "awskms"
            },
            "expression": "",
            "functions": [],
            "group": {
              "filter": ""
            },
            "highResolution": false,
            "host": {
              "filter": ""
            },
            "id": "",
            "item": {
              "filter": ""
            },
            "metricName": "EstimatedCharges",
            "mode": 0,
            "namespace": "AWS/Billing",
            "options": {
              "showDisabledItems": false
            },
            "period": "",
            "refId": "N",
            "region": "us-east-1",
            "returnData": false,
            "statistics": [
              "Average"
            ]
          },
          {
            "alias": "AWSLambda",
            "application": {
              "filter": ""
            },
            "dimensions": {
              "Currency": "USD",
              "ServiceName": "AWSLambda"
            },
            "expression": "",
            "functions": [],
            "group": {
              "filter": ""
            },
            "highResolution": false,
            "host": {
              "filter": ""
            },
            "id": "",
            "item": {
              "filter": ""
            },
            "metricName": "EstimatedCharges",
            "mode": 0,
            "namespace": "AWS/Billing",
            "options": {
              "showDisabledItems": false
            },
            "period": "",
            "refId": "O",
            "region": "us-east-1",
            "returnData": false,
            "statistics": [
              "Average"
            ]
          },
          {
            "alias": "AWSCloudTrail",
            "application": {
              "filter": ""
            },
            "dimensions": {
              "Currency": "USD",
              "ServiceName": "AWSCloudTrail"
            },
            "expression": "",
            "functions": [],
            "group": {
              "filter": ""
            },
            "highResolution": false,
            "host": {
              "filter": ""
            },
            "id": "",
            "item": {
              "filter": ""
            },
            "metricName": "EstimatedCharges",
            "mode": 0,
            "namespace": "AWS/Billing",
            "options": {
              "showDisabledItems": false
            },
            "period": "",
            "refId": "P",
            "region": "us-east-1",
            "returnData": false,
            "statistics": [
              "Average"
            ]
          },
          {
            "alias": "AWSDirectConnect",
            "application": {
              "filter": ""
            },
            "dimensions": {
              "Currency": "USD",
              "ServiceName": "AWSDirectConnect"
            },
            "expression": "",
            "functions": [],
            "group": {
              "filter": ""
            },
            "highResolution": false,
            "host": {
              "filter": ""
            },
            "id": "",
            "item": {
              "filter": ""
            },
            "metricName": "EstimatedCharges",
            "mode": 0,
            "namespace": "AWS/Billing",
            "options": {
              "showDisabledItems": false
            },
            "period": "",
            "refId": "Q",
            "region": "us-east-1",
            "returnData": false,
            "statistics": [
              "Average"
            ]
          },
          {
            "alias": "AmazonSNS",
            "application": {
              "filter": ""
            },
            "dimensions": {
              "Currency": "USD",
              "ServiceName": "AmazonSNS"
            },
            "expression": "",
            "functions": [],
            "group": {
              "filter": ""
            },
            "highResolution": false,
            "host": {
              "filter": ""
            },
            "id": "",
            "item": {
              "filter": ""
            },
            "metricName": "EstimatedCharges",
            "mode": 0,
            "namespace": "AWS/Billing",
            "options": {
              "showDisabledItems": false
            },
            "period": "",
            "refId": "R",
            "region": "us-east-1",
            "returnData": false,
            "statistics": [
              "Average"
            ]
          },
          {
            "alias": "AmazonVPC",
            "application": {
              "filter": ""
            },
            "dimensions": {
              "Currency": "USD",
              "ServiceName": "AmazonVPC"
            },
            "expression": "",
            "functions": [],
            "group": {
              "filter": ""
            },
            "highResolution": false,
            "host": {
              "filter": ""
            },
            "id": "",
            "item": {
              "filter": ""
            },
            "metricName": "EstimatedCharges",
            "mode": 0,
            "namespace": "AWS/Billing",
            "options": {
              "showDisabledItems": false
            },
            "period": "",
            "refId": "S",
            "region": "us-east-1",
            "returnData": false,
            "statistics": [
              "Average"
            ]
          },
          {
            "alias": "AWSIoT",
            "application": {
              "filter": ""
            },
            "dimensions": {
              "Currency": "USD",
              "ServiceName": "AWSIoT"
            },
            "expression": "",
            "functions": [],
            "group": {
              "filter": ""
            },
            "highResolution": false,
            "host": {
              "filter": ""
            },
            "id": "",
            "item": {
              "filter": ""
            },
            "metricName": "EstimatedCharges",
            "mode": 0,
            "namespace": "AWS/Billing",
            "options": {
              "showDisabledItems": false
            },
            "period": "",
            "refId": "T",
            "region": "us-east-1",
            "returnData": false,
            "statistics": [
              "Average"
            ]
          },
          {
            "alias": "AmazonEFS",
            "application": {
              "filter": ""
            },
            "dimensions": {
              "Currency": "USD",
              "ServiceName": "AmazonEFS"
            },
            "expression": "",
            "functions": [],
            "group": {
              "filter": ""
            },
            "highResolution": false,
            "host": {
              "filter": ""
            },
            "id": "",
            "item": {
              "filter": ""
            },
            "metricName": "EstimatedCharges",
            "mode": 0,
            "namespace": "AWS/Billing",
            "options": {
              "showDisabledItems": false
            },
            "period": "",
            "refId": "U",
            "region": "us-east-1",
            "returnData": false,
            "statistics": [
              "Average"
            ]
          },
          {
            "alias": "AmazonElastiCache",
            "application": {
              "filter": ""
            },
            "dimensions": {
              "Currency": "USD",
              "ServiceName": "AmazonElastiCache"
            },
            "expression": "",
            "functions": [],
            "group": {
              "filter": ""
            },
            "highResolution": false,
            "host": {
              "filter": ""
            },
            "id": "",
            "item": {
              "filter": ""
            },
            "metricName": "EstimatedCharges",
            "mode": 0,
            "namespace": "AWS/Billing",
            "options": {
              "showDisabledItems": false
            },
            "period": "",
            "refId": "V",
            "region": "us-east-1",
            "returnData": false,
            "statistics": [
              "Average"
            ]
          },
          {
            "alias": "AmazonSimpleDB",
            "application": {
              "filter": ""
            },
            "dimensions": {
              "Currency": "USD",
              "ServiceName": "AmazonSimpleDB"
            },
            "expression": "",
            "functions": [],
            "group": {
              "filter": ""
            },
            "highResolution": false,
            "host": {
              "filter": ""
            },
            "id": "",
            "item": {
              "filter": ""
            },
            "metricName": "EstimatedCharges",
            "mode": 0,
            "namespace": "AWS/Billing",
            "options": {
              "showDisabledItems": false
            },
            "period": "",
            "refId": "W",
            "region": "us-east-1",
            "returnData": false,
            "statistics": [
              "Average"
            ]
          }
        ],
        "thresholds": [
          {
            "colorMode": "critical",
            "fill": true,
            "line": true,
            "op": "gt",
            "value": 100000
          }
        ],
        "timeFrom": null,
        "timeRegions": [],
        "timeShift": null,
        "title": "Estimated charges",
        "tooltip": {
          "msResolution": false,
          "shared": true,
          "sort": 0,
          "value_type": "cumulative"
        },
        "type": "graph",
        "xaxis": {
          "buckets": null,
          "mode": "time",
          "name": null,
          "show": true,
          "values": []
        },
        "yaxes": [
          {
            "format": "none",
            "label": null,
            "logBase": 1,
            "max": null,
            "min": 0,
            "show": true
          },
          {
            "format": "short",
            "label": null,
            "logBase": 1,
            "max": null,
            "min": null,
            "show": true
          }
        ],
        "yaxis": {
          "align": false,
          "alignLevel": null
        }
      },
      {
        "content": "<a style=\"float: right\" href=\"http://www.monitoringartist.com\" target=\"_blank\" title=\"Dashboard maintained by Monitoring Artist - DevOps / Docker / Kubernetes / AWS ECS / Google GCP / Zabbix / Zenoss / Terraform / Monitoring\"><img src=\"https://monitoringartist.github.io/monitoring-artist-logo-grafana.png\" height=\"30px\" /></a>\n<a style=\"float: left\"  target=\"_blank\" href=\"http://docs.aws.amazon.com/AmazonCloudWatch/latest/DeveloperGuide/billing-metricscollected.html\">AWS CloudWatch billing documentation</a><br/>\n<a style=\"float: left\"  target=\"_blank\" href=\"https://grafana.com/dashboards/139\">Installed from Grafana.com dashboards</a>\n<div style=\"clear:both; width:100%;height:0;font-size:0;\"></div>",
        "editable": true,
        "error": false,
        "gridPos": {
          "h": 3,
          "w": 24,
          "x": 0,
          "y": 18
        },
        "id": 2,
        "links": [],
        "mode": "html",
        "title": "Documentation",
        "type": "text"
      }
    ],
    "refresh": "30s",
    "schemaVersion": 17,
    "style": "dark",
    "tags": [],
    "templating": {
      "list": []
    },
    "time": {
      "from": "now-14d",
      "to": "now"
    },
    "timepicker": {
      "refresh_intervals": [
        "5s",
        "10s",
        "30s",
        "1m",
        "5m",
        "15m",
        "30m",
        "1h",
        "2h",
        "1d"
      ],
      "time_options": [
        "5m",
        "15m",
        "1h",
        "6h",
        "12h",
        "24h",
        "2d",
        "7d",
        "30d"
      ]
    },
    "timezone": "browser",
    "title": "AWS Billing",
    "uid": "000000021"
  }
}
