{
  "meta": {
    "type": "db",
    "canSave": true,
    "canEdit": true,
    "canAdmin": true,
    "canStar": true,
    "slug": "aws-vpn",
    "url": "/d/000000024/aws-vpn",
    "hasAcl": false,
    "isFolder": false,
    "folderId": 32,
    "folderTitle": "AWS Dashboards",
    "folderUrl": "/dashboards/f/LR9u4a6kk/aws-dashboards",
    "provisioned": false
  },
  "dashboard": {
    "annotations": {
      "list": [
        {
          "builtIn": 1,
          "datasource": "-- Grafana --",
          "enable": true,
          "hide": true,
          "iconColor": "rgba(0, 211, 255, 1)",
          "name": "Annotations & Alerts",
          "type": "dashboard"
        }
      ]
    },
    "description": "Visualize AWS VPN metrics",
    "editable": true,
    "gnetId": 2969,
    "graphTooltip": 0,
    "id": 24,
    "links": [],
    "panels": [
      {
        "aliasColors": {},
        "bars": false,
        "dashLength": 10,
        "dashes": false,
        "datasource": "AllocateCloudV3-CloudWatch",
        "editable": true,
        "error": false,
        "fill": 1,
        "grid": {},
        "gridPos": {
          "h": 7,
          "w": 24,
          "x": 0,
          "y": 0
        },
        "id": 7,
        "legend": {
          "alignAsTable": true,
          "avg": true,
          "current": true,
          "max": true,
          "min": true,
          "show": true,
          "sort": "current",
          "sortDesc": true,
          "total": false,
          "values": true
        },
        "lines": true,
        "linewidth": 2,
        "links": [],
        "nullPointMode": "null as zero",
        "percentage": false,
        "pointradius": 5,
        "points": false,
        "renderer": "flot",
        "seriesOverrides": [
          {
            "alias": "Latency_Average",
            "yaxis": 2
          },
          {
            "alias": "TargetResponseTime_Average",
            "yaxis": 2
          },
          {
            "alias": "ClientConnections_Sum",
            "yaxis": 2
          }
        ],
        "spaceLength": 10,
        "stack": false,
        "steppedLine": false,
        "targets": [
          {
            "alias": "",
            "application": {
              "filter": ""
            },
            "dimensions": {
              "VpnId": "$vpnid"
            },
            "functions": [],
            "group": {
              "filter": ""
            },
            "host": {
              "filter": ""
            },
            "item": {
              "filter": ""
            },
            "metricName": "TunnelDataIn",
            "mode": 0,
            "namespace": "AWS/VPN",
            "options": {
              "showDisabledItems": false
            },
            "period": "",
            "refId": "A",
            "region": "$region",
            "statistics": [
              "Average"
            ]
          },
          {
            "alias": "",
            "application": {
              "filter": ""
            },
            "dimensions": {
              "VpnId": "$vpnid"
            },
            "functions": [],
            "group": {
              "filter": ""
            },
            "host": {
              "filter": ""
            },
            "item": {
              "filter": ""
            },
            "metricName": "TunnelDataOut",
            "mode": 0,
            "namespace": "AWS/VPN",
            "options": {
              "showDisabledItems": false
            },
            "period": "",
            "refId": "B",
            "region": "$region",
            "statistics": [
              "Average"
            ]
          }
        ],
        "thresholds": [],
        "timeFrom": null,
        "timeShift": null,
        "title": "TunnelDataIn / TunnelDataOut",
        "tooltip": {
          "msResolution": false,
          "shared": true,
          "sort": 0,
          "value_type": "cumulative"
        },
        "type": "graph",
        "xaxis": {
          "buckets": null,
          "mode": "time",
          "name": null,
          "show": true,
          "values": []
        },
        "yaxes": [
          {
            "format": "bytes",
            "label": null,
            "logBase": 1,
            "max": null,
            "min": 0,
            "show": true
          },
          {
            "format": "none",
            "label": null,
            "logBase": 1,
            "max": null,
            "min": 0,
            "show": true
          }
        ]
      },
      {
        "aliasColors": {},
        "bars": false,
        "dashLength": 10,
        "dashes": false,
        "datasource": "AllocateCloudV3-CloudWatch",
        "editable": true,
        "error": false,
        "fill": 1,
        "grid": {},
        "gridPos": {
          "h": 7,
          "w": 24,
          "x": 0,
          "y": 7
        },
        "id": 12,
        "legend": {
          "alignAsTable": true,
          "avg": true,
          "current": true,
          "max": true,
          "min": true,
          "show": true,
          "sort": "current",
          "sortDesc": true,
          "total": false,
          "values": true
        },
        "lines": true,
        "linewidth": 2,
        "links": [],
        "nullPointMode": "connected",
        "percentage": false,
        "pointradius": 5,
        "points": false,
        "renderer": "flot",
        "seriesOverrides": [
          {
            "alias": "Latency_Average",
            "yaxis": 2
          },
          {
            "alias": "TargetResponseTime_Average",
            "yaxis": 2
          },
          {
            "alias": "PermittedThroughput_Average",
            "yaxis": 2
          }
        ],
        "spaceLength": 10,
        "stack": false,
        "steppedLine": false,
        "targets": [
          {
            "alias": "",
            "application": {
              "filter": ""
            },
            "dimensions": {
              "VpnId": "$vpnid"
            },
            "functions": [],
            "group": {
              "filter": ""
            },
            "host": {
              "filter": ""
            },
            "item": {
              "filter": ""
            },
            "metricName": "TunnelState",
            "mode": 0,
            "namespace": "AWS/VPN",
            "options": {
              "showDisabledItems": false
            },
            "period": "",
            "refId": "A",
            "region": "$region",
            "statistics": [
              "Average"
            ]
          }
        ],
        "thresholds": [],
        "timeFrom": null,
        "timeShift": null,
        "title": "TunnelState",
        "tooltip": {
          "msResolution": false,
          "shared": true,
          "sort": 0,
          "value_type": "cumulative"
        },
        "type": "graph",
        "xaxis": {
          "buckets": null,
          "mode": "time",
          "name": null,
          "show": true,
          "values": []
        },
        "yaxes": [
          {
            "format": "short",
            "label": null,
            "logBase": 1,
            "max": null,
            "min": 0,
            "show": true
          },
          {
            "format": "Bps",
            "label": null,
            "logBase": 1,
            "max": null,
            "min": 0,
            "show": false
          }
        ]
      },
      {
        "content": "<a style=\"float: right\" href=\"http://www.monitoringartist.com\" target=\"_blank\" title=\"Dashboard maintained by Monitoring Artist - DevOps / Docker / Kubernetes / AWS ECS / Google GCP / Zabbix / Zenoss / Terraform / Monitoring\"><img src=\"https://monitoringartist.github.io/monitoring-artist-logo-grafana.png\" height=\"30px\" /></a>\n<a style=\"float: left\"  target=\"_blank\" href=\"http://docs.aws.amazon.com/AmazonVPC/latest/UserGuide/monitoring-cloudwatch-vpn.html\">AWS CloudWatch VPN documentation</a><br/>\n<a style=\"float: left\"  target=\"_blank\" href=\"https://grafana.com/dashboards/2969\">Installed from Grafana.com dashboards</a>\n<div style=\"clear:both; width:100%;height:0;font-size:0;\"></div>",
        "editable": true,
        "error": false,
        "gridPos": {
          "h": 3,
          "w": 24,
          "x": 0,
          "y": 14
        },
        "id": 2,
        "links": [],
        "mode": "html",
        "title": "Documentation",
        "type": "text"
      }
    ],
    "refresh": "30s",
    "schemaVersion": 16,
    "style": "dark",
    "tags": [],
    "templating": {
      "list": [
        {
          "allValue": null,
          "current": {
            "text": "eu-west-2",
            "value": "eu-west-2"
          },
          "datasource": "AllocateCloudV3-CloudWatch",
          "hide": 0,
          "includeAll": false,
          "label": "Region",
          "multi": false,
          "name": "region",
          "options": [],
          "query": "regions()",
          "refresh": 1,
          "regex": "",
          "sort": 0,
          "tagValuesQuery": "",
          "tags": [],
          "tagsQuery": "",
          "type": "query",
          "useTags": false
        },
        {
          "allValue": null,
          "current": {
            "tags": [],
            "text": "vpn-c56ba3f2",
            "value": "vpn-c56ba3f2"
          },
          "datasource": "AllocateCloudV3-CloudWatch",
          "hide": 0,
          "includeAll": false,
          "label": "VpnId",
          "multi": false,
          "name": "vpnid",
          "options": [],
          "query": "dimension_values($region,AWS/VPN,TunnelState, VpnId)",
          "refresh": 1,
          "regex": "",
          "sort": 0,
          "tagValuesQuery": "",
          "tags": [],
          "tagsQuery": "",
          "type": "query",
          "useTags": false
        }
      ]
    },
    "time": {
      "from": "now-1h",
      "to": "now"
    },
    "timepicker": {
      "refresh_intervals": [
        "5s",
        "10s",
        "30s",
        "1m",
        "5m",
        "15m",
        "30m",
        "1h",
        "2h",
        "1d"
      ],
      "time_options": [
        "5m",
        "15m",
        "1h",
        "6h",
        "12h",
        "24h",
        "2d",
        "7d",
        "30d"
      ]
    },
    "timezone": "browser",
    "title": "AWS VPN",
    "uid": "000000024"
  }
}
