{
  "meta": {
    "type": "db",
    "canSave": true,
    "canEdit": true,
    "canAdmin": true,
    "canStar": true,
    "slug": "datagather-dashboard",
    "url": "/d/tMpMdpYiz/datagather-dashboard",
    "hasAcl": false,
    "isFolder": false,
    "folderId": 0,
    "folderTitle": "General",
    "folderUrl": "",
    "provisioned": false
  },
  "dashboard": {
    "annotations": {
      "list": [
        {
          "builtIn": 1,
          "datasource": "-- Grafana --",
          "enable": true,
          "hide": true,
          "iconColor": "rgba(0, 211, 255, 1)",
          "name": "Annotations & Alerts",
          "type": "dashboard"
        }
      ]
    },
    "editable": true,
    "gnetId": null,
    "graphTooltip": 0,
    "id": 103,
    "iteration": 1543403277410,
    "links": [],
    "panels": [
      {
        "aliasColors": {},
        "bars": false,
        "dashLength": 10,
        "dashes": false,
        "datasource": null,
        "fill": 1,
        "gridPos": {
          "h": 9,
          "w": 24,
          "x": 0,
          "y": 0
        },
        "id": 2,
        "legend": {
          "avg": false,
          "current": false,
          "max": false,
          "min": false,
          "show": true,
          "total": false,
          "values": false
        },
        "lines": true,
        "linewidth": 1,
        "links": [],
        "nullPointMode": "null",
        "percentage": false,
        "pointradius": 5,
        "points": false,
        "renderer": "flot",
        "repeat": "server",
        "repeatDirection": "h",
        "scopedVars": {
          "server": {
            "selected": true,
            "text": "UKASAPP02.Allocate-Cloud.com",
            "value": "UKASAPP02.Allocate-Cloud.com"
          }
        },
        "seriesOverrides": [],
        "spaceLength": 10,
        "stack": false,
        "steppedLine": false,
        "targets": [
          {
            "expr": "(avg by (process) (irate(wmi_process_cpu_time_total{instance=~\"$server\",process=~\"MSW.MAPS.RosterPerform.DataGatherer\"}[5m])) * 100)",
            "format": "time_series",
            "interval": "",
            "intervalFactor": 1,
            "legendFormat": "{{process}}",
            "refId": "A"
          }
        ],
        "thresholds": [],
        "timeFrom": null,
        "timeShift": null,
        "title": "$server",
        "tooltip": {
          "shared": true,
          "sort": 0,
          "value_type": "individual"
        },
        "type": "graph",
        "xaxis": {
          "buckets": null,
          "mode": "time",
          "name": null,
          "show": true,
          "values": []
        },
        "yaxes": [
          {
            "format": "short",
            "label": null,
            "logBase": 1,
            "max": null,
            "min": null,
            "show": true
          },
          {
            "format": "short",
            "label": null,
            "logBase": 1,
            "max": null,
            "min": null,
            "show": true
          }
        ],
        "yaxis": {
          "align": false,
          "alignLevel": null
        }
      }
    ],
    "refresh": false,
    "schemaVersion": 16,
    "style": "dark",
    "tags": [],
    "templating": {
      "list": [
        {
          "allValue": null,
          "current": {
            "text": "ap-southeast-2",
            "value": "ap-southeast-2"
          },
          "datasource": "Prometheus",
          "hide": 0,
          "includeAll": false,
          "label": "Region",
          "multi": false,
          "name": "region",
          "options": [],
          "query": "label_values(wmi_exporter_build_info, region)",
          "refresh": 1,
          "regex": "",
          "skipUrlSync": false,
          "sort": 0,
          "tagValuesQuery": "",
          "tags": [],
          "tagsQuery": "",
          "type": "query",
          "useTags": false
        },
        {
          "allValue": ".*",
          "current": {
            "text": "AUASSQL001.Allocate-Cloud.com.au",
            "value": "AUASSQL001.Allocate-Cloud.com.au"
          },
          "datasource": "Prometheus",
          "hide": 0,
          "includeAll": true,
          "label": "Server",
          "multi": false,
          "name": "server",
          "options": [],
          "query": "label_values(wmi_exporter_build_info{region=\"$region\"}, instance)",
          "refresh": 1,
          "regex": "",
          "skipUrlSync": false,
          "sort": 0,
          "tagValuesQuery": "",
          "tags": [],
          "tagsQuery": "",
          "type": "query",
          "useTags": false
        }
      ]
    },
    "time": {
      "from": "now-6h",
      "to": "now"
    },
    "timepicker": {
      "refresh_intervals": [
        "5s",
        "10s",
        "30s",
        "1m",
        "5m",
        "15m",
        "30m",
        "1h",
        "2h",
        "1d"
      ],
      "time_options": [
        "5m",
        "15m",
        "1h",
        "6h",
        "12h",
        "24h",
        "2d",
        "7d",
        "30d"
      ]
    },
    "timezone": "",
    "title": "DataGather Dashboard",
    "uid": "tMpMdpYiz"
  }
}
