{
  "meta": {
    "type": "db",
    "canSave": true,
    "canEdit": true,
    "canAdmin": true,
    "canStar": true,
    "slug": "eexpenses",
    "url": "/d/4v6Sv9-mk/eexpenses",
    "hasAcl": false,
    "isFolder": false,
    "folderId": 84,
    "folderTitle": "Allocate Products",
    "folderUrl": "/dashboards/f/zSnZt4xmz/allocate-products",
    "provisioned": false
  },
  "dashboard": {
    "annotations": {
      "list": [
        {
          "builtIn": 1,
          "datasource": "-- Grafana --",
          "enable": true,
          "hide": true,
          "iconColor": "rgba(0, 211, 255, 1)",
          "name": "Annotations & Alerts",
          "type": "dashboard"
        }
      ]
    },
    "editable": true,
    "gnetId": null,
    "graphTooltip": 0,
    "id": 93,
    "iteration": 1549645223986,
    "links": [],
    "panels": [
      {
        "cacheTimeout": null,
        "colorBackground": true,
        "colorPrefix": false,
        "colorValue": false,
        "colors": [
          "#d44a3a",
          "#e24d42",
          "#299c46"
        ],
        "format": "none",
        "gauge": {
          "maxValue": 100,
          "minValue": 0,
          "show": false,
          "thresholdLabels": false,
          "thresholdMarkers": true
        },
        "gridPos": {
          "h": 3,
          "w": 3,
          "x": 0,
          "y": 0
        },
        "id": 23,
        "interval": null,
        "links": [],
        "mappingType": 1,
        "mappingTypes": [
          {
            "name": "value to text",
            "value": 1
          },
          {
            "name": "range to text",
            "value": 2
          }
        ],
        "maxDataPoints": 100,
        "nullPointMode": "connected",
        "nullText": null,
        "postfix": "",
        "postfixFontSize": "50%",
        "prefix": "",
        "prefixFontSize": "50%",
        "rangeMaps": [
          {
            "from": "null",
            "text": "N/A",
            "to": "null"
          }
        ],
        "sparkline": {
          "fillColor": "rgba(31, 118, 189, 0.18)",
          "full": false,
          "lineColor": "rgb(31, 120, 193)",
          "show": false
        },
        "tableColumn": "",
        "targets": [
          {
            "expr": "canary_status_item{region=\"$region\",instance=\"$applicationserver\",application=\"eExpenses\",exported_instance=\"$ApplicationInstance\",key=\"IsAllOk\"}",
            "format": "time_series",
            "instant": true,
            "interval": "",
            "intervalFactor": 1,
            "legendFormat": "",
            "refId": "A"
          }
        ],
        "thresholds": "0,1",
        "title": "ExpensesDB Health",
        "type": "singlestat",
        "valueFontSize": "80%",
        "valueMaps": [
          {
            "op": "=",
            "text": "Unhealthy",
            "value": "0"
          },
          {
            "op": "=",
            "text": "Healthy",
            "value": "1"
          },
          {
            "op": "=",
            "text": "No Data",
            "value": "null"
          }
        ],
        "valueName": "current"
      },
      {
        "cacheTimeout": null,
        "colorBackground": true,
        "colorPostfix": false,
        "colorPrefix": false,
        "colorValue": false,
        "colors": [
          "#d44a3a",
          "rgba(237, 129, 40, 0.89)",
          "#299c46"
        ],
        "format": "none",
        "gauge": {
          "maxValue": 100,
          "minValue": 0,
          "show": false,
          "thresholdLabels": false,
          "thresholdMarkers": true
        },
        "gridPos": {
          "h": 3,
          "w": 3,
          "x": 3,
          "y": 0
        },
        "id": 6,
        "interval": null,
        "links": [],
        "mappingType": 1,
        "mappingTypes": [
          {
            "name": "value to text",
            "value": 1
          },
          {
            "name": "range to text",
            "value": 2
          }
        ],
        "maxDataPoints": 100,
        "nullPointMode": "connected",
        "nullText": null,
        "postfix": "",
        "postfixFontSize": "50%",
        "prefix": "",
        "prefixFontSize": "50%",
        "rangeMaps": [
          {
            "from": "null",
            "text": "N/A",
            "to": "null"
          }
        ],
        "sparkline": {
          "fillColor": "rgba(31, 118, 189, 0.18)",
          "full": false,
          "lineColor": "rgb(31, 120, 193)",
          "show": false
        },
        "tableColumn": "",
        "targets": [
          {
            "expr": "canary_statusresponse{region=\"$region\",instance=\"$applicationserver\",application=\"eExpenses\",exported_instance=\"$ApplicationInstance\"}",
            "format": "time_series",
            "instant": true,
            "intervalFactor": 1,
            "legendFormat": "",
            "refId": "A"
          }
        ],
        "thresholds": "0,200,400",
        "title": "Canary API Status Response",
        "type": "singlestat",
        "valueFontSize": "80%",
        "valueMaps": [
          {
            "op": "=",
            "text": "N/A",
            "value": "null"
          }
        ],
        "valueName": "avg"
      },
      {
        "cacheTimeout": null,
        "colorBackground": true,
        "colorPrefix": false,
        "colorValue": false,
        "colors": [
          "#d44a3a",
          "#e24d42",
          "#299c46"
        ],
        "format": "none",
        "gauge": {
          "maxValue": 100,
          "minValue": 0,
          "show": false,
          "thresholdLabels": false,
          "thresholdMarkers": true
        },
        "gridPos": {
          "h": 3,
          "w": 3,
          "x": 6,
          "y": 0
        },
        "id": 24,
        "interval": null,
        "links": [],
        "mappingType": 1,
        "mappingTypes": [
          {
            "name": "value to text",
            "value": 1
          },
          {
            "name": "range to text",
            "value": 2
          }
        ],
        "maxDataPoints": 100,
        "nullPointMode": "connected",
        "nullText": null,
        "postfix": "",
        "postfixFontSize": "50%",
        "prefix": "",
        "prefixFontSize": "50%",
        "rangeMaps": [
          {
            "from": "null",
            "text": "N/A",
            "to": "null"
          }
        ],
        "sparkline": {
          "fillColor": "rgba(31, 118, 189, 0.18)",
          "full": false,
          "lineColor": "rgb(31, 120, 193)",
          "show": false
        },
        "tableColumn": "",
        "targets": [
          {
            "expr": "canary_status_item{region=\"$region\",instance=\"$applicationserver\",application=\"eExpenses\",exported_instance=\"$ApplicationInstance\",key=\"HealthRoster\"}",
            "format": "time_series",
            "instant": true,
            "interval": "",
            "intervalFactor": 1,
            "legendFormat": "",
            "refId": "A"
          }
        ],
        "thresholds": "0,1",
        "title": "Connection to HealthRoster",
        "type": "singlestat",
        "valueFontSize": "80%",
        "valueMaps": [
          {
            "op": "=",
            "text": "Unhealthy",
            "value": "0"
          },
          {
            "op": "=",
            "text": "Healthy",
            "value": "1"
          },
          {
            "op": "=",
            "text": "No Data",
            "value": "null"
          }
        ],
        "valueName": "current"
      },
      {
        "cacheTimeout": null,
        "colorBackground": true,
        "colorPrefix": false,
        "colorValue": false,
        "colors": [
          "#d44a3a",
          "#e24d42",
          "#299c46"
        ],
        "format": "none",
        "gauge": {
          "maxValue": 100,
          "minValue": 0,
          "show": false,
          "thresholdLabels": false,
          "thresholdMarkers": true
        },
        "gridPos": {
          "h": 3,
          "w": 3,
          "x": 9,
          "y": 0
        },
        "id": 25,
        "interval": null,
        "links": [],
        "mappingType": 1,
        "mappingTypes": [
          {
            "name": "value to text",
            "value": 1
          },
          {
            "name": "range to text",
            "value": 2
          }
        ],
        "maxDataPoints": 100,
        "nullPointMode": "connected",
        "nullText": null,
        "postfix": "",
        "postfixFontSize": "50%",
        "prefix": "",
        "prefixFontSize": "50%",
        "rangeMaps": [
          {
            "from": "null",
            "text": "N/A",
            "to": "null"
          }
        ],
        "sparkline": {
          "fillColor": "rgba(31, 118, 189, 0.18)",
          "full": false,
          "lineColor": "rgb(31, 120, 193)",
          "show": false
        },
        "tableColumn": "",
        "targets": [
          {
            "expr": "canary_status_item{region=\"$region\",instance=\"$applicationserver\",application=\"eExpenses\",exported_instance=\"$ApplicationInstance\",key=\"ExpensesPCA\"}",
            "format": "time_series",
            "instant": true,
            "interval": "",
            "intervalFactor": 1,
            "legendFormat": "",
            "refId": "A"
          }
        ],
        "thresholds": "0,1",
        "title": "Post Code Anywhere Status",
        "type": "singlestat",
        "valueFontSize": "80%",
        "valueMaps": [
          {
            "op": "=",
            "text": "Unhealthy",
            "value": "0"
          },
          {
            "op": "=",
            "text": "Healthy",
            "value": "1"
          },
          {
            "op": "=",
            "text": "No Data",
            "value": "null"
          }
        ],
        "valueName": "current"
      },
      {
        "cacheTimeout": null,
        "colorBackground": false,
        "colorValue": false,
        "colors": [
          "#299c46",
          "rgba(237, 129, 40, 0.89)",
          "#d44a3a"
        ],
        "format": "none",
        "gauge": {
          "maxValue": 100,
          "minValue": 0,
          "show": false,
          "thresholdLabels": false,
          "thresholdMarkers": true
        },
        "gridPos": {
          "h": 3,
          "w": 4,
          "x": 20,
          "y": 0
        },
        "id": 8,
        "interval": null,
        "links": [],
        "mappingType": 1,
        "mappingTypes": [
          {
            "name": "value to text",
            "value": 1
          },
          {
            "name": "range to text",
            "value": 2
          }
        ],
        "maxDataPoints": 100,
        "nullPointMode": "connected",
        "nullText": null,
        "postfix": "",
        "postfixFontSize": "50%",
        "prefix": "",
        "prefixFontSize": "50%",
        "rangeMaps": [
          {
            "from": "null",
            "text": "N/A",
            "to": "null"
          }
        ],
        "sparkline": {
          "fillColor": "rgba(31, 118, 189, 0.18)",
          "full": false,
          "lineColor": "rgb(31, 120, 193)",
          "show": false
        },
        "tableColumn": "",
        "targets": [
          {
            "expr": "canary_version{region=\"$region\",instance=\"$applicationserver\",application=\"eExpenses\",exported_instance=\"$ApplicationInstance\"}",
            "format": "time_series",
            "instant": true,
            "interval": "",
            "intervalFactor": 1,
            "legendFormat": "{{version}}",
            "refId": "A"
          }
        ],
        "thresholds": "",
        "title": "eExpenses Version",
        "type": "singlestat",
        "valueFontSize": "80%",
        "valueMaps": [
          {
            "op": "=",
            "text": "N/A",
            "value": "null"
          }
        ],
        "valueName": "name"
      },
      {
        "columns": [],
        "fontSize": "100%",
        "gridPos": {
          "h": 5,
          "w": 24,
          "x": 0,
          "y": 3
        },
        "id": 27,
        "links": [],
        "pageSize": null,
        "scroll": true,
        "showHeader": true,
        "sort": {
          "col": 10,
          "desc": false
        },
        "styles": [
          {
            "alias": "Time",
            "dateFormat": "YYYY-MM-DD HH:mm:ss",
            "pattern": "Time",
            "type": "hidden"
          },
          {
            "alias": "",
            "colorMode": null,
            "colors": [
              "rgba(245, 54, 54, 0.9)",
              "rgba(237, 129, 40, 0.89)",
              "rgba(50, 172, 45, 0.97)"
            ],
            "dateFormat": "YYYY-MM-DD HH:mm:ss",
            "decimals": 2,
            "mappingType": 1,
            "pattern": "instance",
            "thresholds": [],
            "type": "hidden",
            "unit": "short"
          },
          {
            "alias": "",
            "colorMode": null,
            "colors": [
              "rgba(245, 54, 54, 0.9)",
              "rgba(237, 129, 40, 0.89)",
              "rgba(50, 172, 45, 0.97)"
            ],
            "dateFormat": "YYYY-MM-DD HH:mm:ss",
            "decimals": 2,
            "mappingType": 1,
            "pattern": "job",
            "thresholds": [],
            "type": "hidden",
            "unit": "short"
          },
          {
            "alias": "Scheduled Task",
            "colorMode": null,
            "colors": [
              "rgba(245, 54, 54, 0.9)",
              "rgba(237, 129, 40, 0.89)",
              "rgba(50, 172, 45, 0.97)"
            ],
            "dateFormat": "YYYY-MM-DD HH:mm:ss",
            "decimals": 2,
            "mappingType": 1,
            "pattern": "name",
            "thresholds": [],
            "type": "number",
            "unit": "short"
          },
          {
            "alias": "",
            "colorMode": null,
            "colors": [
              "rgba(245, 54, 54, 0.9)",
              "rgba(237, 129, 40, 0.89)",
              "rgba(50, 172, 45, 0.97)"
            ],
            "dateFormat": "YYYY-MM-DD HH:mm:ss",
            "decimals": 2,
            "mappingType": 1,
            "pattern": "__name__",
            "thresholds": [],
            "type": "hidden",
            "unit": "short"
          },
          {
            "alias": "",
            "colorMode": null,
            "colors": [
              "rgba(245, 54, 54, 0.9)",
              "rgba(237, 129, 40, 0.89)",
              "rgba(50, 172, 45, 0.97)"
            ],
            "dateFormat": "YYYY-MM-DD HH:mm:ss",
            "decimals": 2,
            "mappingType": 1,
            "pattern": "region",
            "thresholds": [],
            "type": "hidden",
            "unit": "short"
          },
          {
            "alias": "Location",
            "colorMode": null,
            "colors": [
              "rgba(245, 54, 54, 0.9)",
              "rgba(237, 129, 40, 0.89)",
              "rgba(50, 172, 45, 0.97)"
            ],
            "dateFormat": "YYYY-MM-DD HH:mm:ss",
            "decimals": 2,
            "mappingType": 1,
            "pattern": "taskpath",
            "thresholds": [],
            "type": "number",
            "unit": "short"
          },
          {
            "alias": "Success",
            "colorMode": "row",
            "colors": [
              "#d44a3a",
              "#d44a3a",
              "#299c46"
            ],
            "dateFormat": "YYYY-MM-DD HH:mm:ss",
            "decimals": 0,
            "mappingType": 1,
            "pattern": "Value",
            "thresholds": [
              "0",
              "1"
            ],
            "type": "number",
            "unit": "none"
          },
          {
            "alias": "",
            "colorMode": null,
            "colors": [
              "rgba(245, 54, 54, 0.9)",
              "rgba(237, 129, 40, 0.89)",
              "rgba(50, 172, 45, 0.97)"
            ],
            "decimals": 2,
            "pattern": "/.*/",
            "thresholds": [],
            "type": "number",
            "unit": "short"
          }
        ],
        "targets": [
          {
            "expr": "coalmine_scheduled_task{instance=\"$applicationserver\",taskpath=~\".*eExpenses.*\",name=~\".*$ApplicationInstance.*\"}",
            "format": "table",
            "instant": true,
            "intervalFactor": 1,
            "legendFormat": "",
            "refId": "A"
          }
        ],
        "title": "eExpenses Scheduled Tasks",
        "transform": "table",
        "type": "table"
      }
    ],
    "refresh": "30s",
    "schemaVersion": 17,
    "style": "dark",
    "tags": [],
    "templating": {
      "list": [
        {
          "allValue": null,
          "current": {
            "tags": [],
            "text": "hg1-allocate",
            "value": "hg1-allocate"
          },
          "datasource": "Prometheus",
          "definition": "",
          "hide": 0,
          "includeAll": false,
          "label": "Region",
          "multi": false,
          "name": "region",
          "options": [],
          "query": "label_values(canary_version, region)",
          "refresh": 1,
          "regex": "",
          "skipUrlSync": false,
          "sort": 1,
          "tagValuesQuery": "",
          "tags": [],
          "tagsQuery": "",
          "type": "query",
          "useTags": false
        },
        {
          "allValue": null,
          "current": {
            "tags": [],
            "text": "UKASAPP47.Allocate-Cloud.com",
            "value": "UKASAPP47.Allocate-Cloud.com"
          },
          "datasource": "Prometheus",
          "definition": "",
          "hide": 0,
          "includeAll": false,
          "label": "Application Server",
          "multi": false,
          "name": "applicationserver",
          "options": [],
          "query": "label_values(canary_version{region=\"$region\",application=\"eExpenses\"}, instance)",
          "refresh": 1,
          "regex": "",
          "skipUrlSync": false,
          "sort": 1,
          "tagValuesQuery": "",
          "tags": [],
          "tagsQuery": "",
          "type": "query",
          "useTags": false
        },
        {
          "allValue": null,
          "current": {
            "text": "FIVEBPPREPROD",
            "value": "FIVEBPPREPROD"
          },
          "datasource": "Prometheus",
          "definition": "",
          "hide": 0,
          "includeAll": false,
          "label": "Application Instance",
          "multi": false,
          "name": "ApplicationInstance",
          "options": [],
          "query": "label_values(canary_version{application=\"eExpenses\",instance=\"$applicationserver\"},exported_instance)",
          "refresh": 1,
          "regex": "",
          "skipUrlSync": false,
          "sort": 1,
          "tagValuesQuery": "",
          "tags": [],
          "tagsQuery": "",
          "type": "query",
          "useTags": false
        }
      ]
    },
    "time": {
      "from": "now-6h",
      "to": "now"
    },
    "timepicker": {
      "refresh_intervals": [
        "5s",
        "10s",
        "30s",
        "1m",
        "5m",
        "15m",
        "30m",
        "1h",
        "2h",
        "1d"
      ],
      "time_options": [
        "5m",
        "15m",
        "1h",
        "6h",
        "12h",
        "24h",
        "2d",
        "7d",
        "30d"
      ]
    },
    "timezone": "",
    "title": "eExpenses",
    "uid": "4v6Sv9-mk"
  }
}
