{
  "meta": {
    "type": "db",
    "canSave": true,
    "canEdit": true,
    "canAdmin": true,
    "canStar": true,
    "slug": "event-logs-draft",
    "url": "/d/-QCHdaXmz/event-logs-draft",
    "hasAcl": false,
    "isFolder": false,
    "folderId": 81,
    "folderTitle": "Draft",
    "folderUrl": "/dashboards/f/oacl5PJik/draft",
    "provisioned": false
  },
  "dashboard": {
    "annotations": {
      "list": [
        {
          "builtIn": 1,
          "datasource": "-- Grafana --",
          "enable": true,
          "hide": true,
          "iconColor": "rgba(0, 211, 255, 1)",
          "name": "Annotations & Alerts",
          "type": "dashboard"
        }
      ]
    },
    "editable": true,
    "gnetId": null,
    "graphTooltip": 0,
    "id": 122,
    "iteration": 1549966633412,
    "links": [],
    "panels": [
      {
        "columns": [
          {
            "text": "log_name",
            "value": "log_name"
          },
          {
            "text": "meta.cloud.region",
            "value": "meta.cloud.region"
          },
          {
            "text": "source_name",
            "value": "source_name"
          },
          {
            "text": "beat.hostname",
            "value": "beat.hostname"
          },
          {
            "text": "level",
            "value": "level"
          },
          {
            "text": "message",
            "value": "message"
          },
          {
            "text": "@timestamp",
            "value": "@timestamp"
          }
        ],
        "datasource": "Elasticsearch",
        "fontSize": "100%",
        "gridPos": {
          "h": 17,
          "w": 24,
          "x": 0,
          "y": 0
        },
        "id": 2,
        "links": [],
        "pageSize": null,
        "scroll": true,
        "showHeader": true,
        "sort": {
          "col": 0,
          "desc": true
        },
        "styles": [
          {
            "alias": "Time",
            "dateFormat": "YYYY-MM-DD HH:mm:ss",
            "pattern": "Time",
            "type": "date"
          },
          {
            "alias": "",
            "colorMode": null,
            "colors": [
              "rgba(245, 54, 54, 0.9)",
              "rgba(237, 129, 40, 0.89)",
              "rgba(50, 172, 45, 0.97)"
            ],
            "decimals": 2,
            "pattern": "/.*/",
            "thresholds": [],
            "type": "number",
            "unit": "short"
          }
        ],
        "targets": [
          {
            "bucketAggs": [],
            "metrics": [
              {
                "field": "select field",
                "id": "1",
                "meta": {},
                "settings": {
                  "size": 500
                },
                "type": "raw_document"
              }
            ],
            "query": "",
            "refId": "A",
            "timeField": "@timestamp"
          }
        ],
        "timeFrom": null,
        "timeShift": null,
        "title": "Panel Title",
        "transform": "json",
        "type": "table"
      }
    ],
    "refresh": false,
    "schemaVersion": 17,
    "style": "dark",
    "tags": [],
    "templating": {
      "list": [
        {
          "datasource": "Elasticsearch",
          "filters": [],
          "hide": 1,
          "label": null,
          "name": "Filter",
          "skipUrlSync": false,
          "type": "adhoc"
        }
      ]
    },
    "time": {
      "from": "now-24h",
      "to": "now"
    },
    "timepicker": {
      "refresh_intervals": [
        "5s",
        "10s",
        "30s",
        "1m",
        "5m",
        "15m",
        "30m",
        "1h",
        "2h",
        "1d"
      ],
      "time_options": [
        "5m",
        "15m",
        "1h",
        "6h",
        "12h",
        "24h",
        "2d",
        "7d",
        "30d"
      ]
    },
    "timezone": "",
    "title": "Event Logs Draft",
    "uid": "-QCHdaXmz"
  }
}
