{
  "meta": {
    "type": "db",
    "canSave": true,
    "canEdit": true,
    "canAdmin": true,
    "canStar": true,
    "slug": "linux-server-overview",
    "url": "/d/000000018/linux-server-overview",
    "hasAcl": false,
    "isFolder": false,
    "folderId": 81,
    "folderTitle": "Draft",
    "folderUrl": "/dashboards/f/oacl5PJik/draft",
    "provisioned": false
  },
  "dashboard": {
    "annotations": {
      "list": [
        {
          "builtIn": 1,
          "datasource": "-- Grafana --",
          "enable": true,
          "hide": true,
          "iconColor": "rgba(0, 211, 255, 1)",
          "name": "Annotations & Alerts",
          "type": "dashboard"
        }
      ]
    },
    "description": "Dashboard to get an overview of one Linux server.\r\n",
    "editable": true,
    "gnetId": 3297,
    "graphTooltip": 0,
    "id": 18,
    "iteration": 1542284179720,
    "links": [],
    "panels": [
      {
        "collapsed": false,
        "gridPos": {
          "h": 1,
          "w": 24,
          "x": 0,
          "y": 0
        },
        "id": 17,
        "panels": [],
        "repeat": null,
        "title": "New row",
        "type": "row"
      },
      {
        "cacheTimeout": null,
        "colorBackground": false,
        "colorValue": false,
        "colors": [
          "rgba(245, 54, 54, 0.9)",
          "rgba(237, 129, 40, 0.89)",
          "rgba(50, 172, 45, 0.97)"
        ],
        "datasource": "Prometheus",
        "decimals": null,
        "editable": true,
        "error": false,
        "format": "percent",
        "gauge": {
          "maxValue": 100,
          "minValue": 0,
          "show": true,
          "thresholdLabels": true,
          "thresholdMarkers": true
        },
        "gridPos": {
          "h": 7,
          "w": 6,
          "x": 0,
          "y": 1
        },
        "id": 13,
        "interval": null,
        "links": [],
        "mappingType": 1,
        "mappingTypes": [
          {
            "name": "value to text",
            "value": 1
          },
          {
            "name": "range to text",
            "value": 2
          }
        ],
        "maxDataPoints": 100,
        "nullPointMode": "connected",
        "nullText": null,
        "postfix": "",
        "postfixFontSize": "50%",
        "prefix": "",
        "prefixFontSize": "50%",
        "rangeMaps": [
          {
            "from": "null",
            "text": "N/A",
            "to": "null"
          }
        ],
        "sparkline": {
          "fillColor": "rgba(31, 118, 189, 0.18)",
          "full": true,
          "lineColor": "rgb(193, 60, 31)",
          "show": false
        },
        "tableColumn": "",
        "targets": [
          {
            "expr": "100*(node_memory_MemFree{instance=~\"$server\"}+node_memory_Buffers{instance=~\"$server\"}+node_memory_Cached{instance=~\"$server\"})/node_memory_MemTotal{instance=~\"$server\"}",
            "format": "time_series",
            "intervalFactor": 2,
            "legendFormat": "",
            "refId": "B",
            "step": 30
          }
        ],
        "thresholds": "10, 20",
        "title": "Free memory",
        "type": "singlestat",
        "valueFontSize": "50%",
        "valueMaps": [
          {
            "op": "=",
            "text": "N/A",
            "value": "null"
          }
        ],
        "valueName": "current"
      },
      {
        "cacheTimeout": null,
        "colorBackground": false,
        "colorValue": false,
        "colors": [
          "rgba(245, 54, 54, 0.9)",
          "rgba(237, 129, 40, 0.89)",
          "rgba(50, 172, 45, 0.97)"
        ],
        "datasource": "Prometheus",
        "editable": true,
        "error": false,
        "format": "percent",
        "gauge": {
          "maxValue": 100,
          "minValue": 0,
          "show": true,
          "thresholdLabels": true,
          "thresholdMarkers": true
        },
        "gridPos": {
          "h": 7,
          "w": 6,
          "x": 6,
          "y": 1
        },
        "id": 14,
        "interval": null,
        "links": [],
        "mappingType": 1,
        "mappingTypes": [
          {
            "name": "value to text",
            "value": 1
          },
          {
            "name": "range to text",
            "value": 2
          }
        ],
        "maxDataPoints": 100,
        "nullPointMode": "connected",
        "nullText": null,
        "postfix": "",
        "postfixFontSize": "50%",
        "prefix": "",
        "prefixFontSize": "50%",
        "rangeMaps": [
          {
            "from": "null",
            "text": "N/A",
            "to": "null"
          }
        ],
        "sparkline": {
          "fillColor": "rgba(31, 118, 189, 0.18)",
          "full": false,
          "lineColor": "rgb(31, 120, 193)",
          "show": false
        },
        "tableColumn": "",
        "targets": [
          {
            "expr": "100*min(node_filesystem_free{fstype !~ \"nfs|rpc_pipefs\",device!=\"/etc/auto.misc\",mountpoint !~ \"/boot|/net|/selinux\",instance=\"$server\"}/node_filesystem_size{fstype !~ \"nfs|rpc_pipefs\",device!=\"/etc/auto.misc\",mountpoint !~ \"/boot|/net|/selinux\",instance=\"$server\"})",
            "intervalFactor": 2,
            "legendFormat": "",
            "refId": "A",
            "step": 30
          }
        ],
        "thresholds": "5, 10",
        "title": "Min Free disk space",
        "type": "singlestat",
        "valueFontSize": "50%",
        "valueMaps": [
          {
            "op": "=",
            "text": "N/A",
            "value": "null"
          }
        ],
        "valueName": "current"
      },
      {
        "aliasColors": {},
        "bars": false,
        "dashLength": 10,
        "dashes": false,
        "datasource": "Prometheus",
        "editable": true,
        "error": false,
        "fill": 1,
        "grid": {},
        "gridPos": {
          "h": 7,
          "w": 12,
          "x": 12,
          "y": 1
        },
        "id": 15,
        "legend": {
          "alignAsTable": true,
          "avg": true,
          "current": true,
          "max": true,
          "min": false,
          "show": true,
          "total": false,
          "values": true
        },
        "lines": true,
        "linewidth": 2,
        "links": [],
        "nullPointMode": "connected",
        "percentage": false,
        "pointradius": 5,
        "points": false,
        "renderer": "flot",
        "seriesOverrides": [],
        "spaceLength": 10,
        "stack": false,
        "steppedLine": false,
        "targets": [
          {
            "expr": "node_load1{instance=~\"$server\"}(node_cpu{instance=\"$server\",mode=\"user\"})",
            "format": "time_series",
            "instant": false,
            "intervalFactor": 4,
            "legendFormat": "1m",
            "refId": "A",
            "step": 8,
            "target": ""
          },
          {
            "expr": "node_load5{instance=~\"$server\"}(node_cpu{instance=\"$server\",mode=\"user\"})",
            "format": "time_series",
            "intervalFactor": 4,
            "legendFormat": "5m",
            "refId": "B",
            "step": 8,
            "target": ""
          },
          {
            "expr": "node_load15{instance=~\"$server\"}/count_scalar(node_cpu{instance=\"$server\",mode=\"user\"})",
            "format": "time_series",
            "intervalFactor": 4,
            "legendFormat": "15m",
            "refId": "C",
            "step": 8,
            "target": ""
          }
        ],
        "thresholds": [],
        "timeFrom": null,
        "timeShift": null,
        "title": "System load normalized",
        "tooltip": {
          "msResolution": false,
          "shared": true,
          "sort": 0,
          "value_type": "cumulative"
        },
        "type": "graph",
        "xaxis": {
          "buckets": null,
          "mode": "time",
          "name": null,
          "show": true,
          "values": []
        },
        "yaxes": [
          {
            "format": "short",
            "label": null,
            "logBase": 1,
            "max": null,
            "min": null,
            "show": true
          },
          {
            "format": "short",
            "label": null,
            "logBase": 1,
            "max": null,
            "min": null,
            "show": true
          }
        ],
        "yaxis": {
          "align": false,
          "alignLevel": null
        }
      },
      {
        "collapsed": false,
        "gridPos": {
          "h": 1,
          "w": 24,
          "x": 0,
          "y": 8
        },
        "id": 18,
        "panels": [],
        "repeat": null,
        "title": "New row",
        "type": "row"
      },
      {
        "aliasColors": {},
        "bars": false,
        "dashLength": 10,
        "dashes": false,
        "datasource": "Prometheus",
        "editable": true,
        "error": false,
        "fill": 0,
        "grid": {},
        "gridPos": {
          "h": 9,
          "w": 12,
          "x": 0,
          "y": 9
        },
        "id": 4,
        "legend": {
          "avg": false,
          "current": false,
          "max": false,
          "min": false,
          "show": true,
          "total": false,
          "values": false
        },
        "lines": true,
        "linewidth": 2,
        "links": [],
        "nullPointMode": "connected",
        "percentage": false,
        "pointradius": 5,
        "points": false,
        "renderer": "flot",
        "seriesOverrides": [
          {
            "alias": "node_memory_SwapFree{instance=\"172.17.0.1:9100\",job=\"prometheus\"}",
            "yaxis": 2
          }
        ],
        "spaceLength": 10,
        "stack": false,
        "steppedLine": false,
        "targets": [
          {
            "expr": "node_memory_MemTotal{instance=~\"$server\"} ",
            "intervalFactor": 2,
            "legendFormat": "Total Memory",
            "metric": "memo",
            "refId": "A",
            "step": 4,
            "target": ""
          },
          {
            "expr": "node_memory_MemFree{instance=~\"$server\"}+node_memory_Buffers{instance=~\"$server\"}+node_memory_Cached{instance=~\"$server\"}",
            "intervalFactor": 2,
            "legendFormat": "MemFree",
            "metric": "Free",
            "refId": "C",
            "step": 4
          }
        ],
        "thresholds": [],
        "timeFrom": null,
        "timeShift": null,
        "title": "Free memory",
        "tooltip": {
          "msResolution": false,
          "shared": true,
          "sort": 0,
          "value_type": "cumulative"
        },
        "type": "graph",
        "xaxis": {
          "buckets": null,
          "mode": "time",
          "name": null,
          "show": true,
          "values": []
        },
        "yaxes": [
          {
            "format": "bytes",
            "label": null,
            "logBase": 1,
            "max": null,
            "min": null,
            "show": true
          },
          {
            "format": "short",
            "label": null,
            "logBase": 1,
            "max": null,
            "min": null,
            "show": true
          }
        ],
        "yaxis": {
          "align": false,
          "alignLevel": null
        }
      },
      {
        "aliasColors": {},
        "bars": false,
        "dashLength": 10,
        "dashes": false,
        "datasource": "Prometheus",
        "editable": true,
        "error": false,
        "fill": 1,
        "grid": {},
        "gridPos": {
          "h": 9,
          "w": 12,
          "x": 12,
          "y": 9
        },
        "id": 3,
        "legend": {
          "avg": false,
          "current": false,
          "max": false,
          "min": false,
          "show": true,
          "total": false,
          "values": false
        },
        "lines": true,
        "linewidth": 2,
        "links": [],
        "nullPointMode": "connected",
        "percentage": false,
        "pointradius": 5,
        "points": false,
        "renderer": "flot",
        "seriesOverrides": [],
        "spaceLength": 10,
        "stack": false,
        "steppedLine": false,
        "targets": [
          {
            "expr": "100 - (avg by (cpu) (irate(node_cpu{mode=\"idle\", instance=~\"$server\"}[1m])) * 100)",
            "hide": false,
            "intervalFactor": 10,
            "legendFormat": "{{cpu}}",
            "refId": "A",
            "step": 20
          }
        ],
        "thresholds": [],
        "timeFrom": null,
        "timeShift": null,
        "title": "cpu busy %",
        "tooltip": {
          "msResolution": false,
          "shared": true,
          "sort": 0,
          "value_type": "cumulative"
        },
        "type": "graph",
        "xaxis": {
          "buckets": null,
          "mode": "time",
          "name": null,
          "show": true,
          "values": []
        },
        "yaxes": [
          {
            "format": "percent",
            "label": "cpu usage",
            "logBase": 1,
            "max": 100,
            "min": 0,
            "show": true
          },
          {
            "format": "short",
            "label": null,
            "logBase": 1,
            "max": null,
            "min": null,
            "show": true
          }
        ],
        "yaxis": {
          "align": false,
          "alignLevel": null
        }
      },
      {
        "collapsed": false,
        "gridPos": {
          "h": 1,
          "w": 24,
          "x": 0,
          "y": 18
        },
        "id": 19,
        "panels": [],
        "repeat": null,
        "title": "New row",
        "type": "row"
      },
      {
        "aliasColors": {},
        "bars": false,
        "dashLength": 10,
        "dashes": false,
        "datasource": "Prometheus",
        "editable": true,
        "error": false,
        "fill": 1,
        "grid": {},
        "gridPos": {
          "h": 9,
          "w": 12,
          "x": 0,
          "y": 19
        },
        "id": 10,
        "legend": {
          "alignAsTable": true,
          "avg": true,
          "current": true,
          "max": true,
          "min": false,
          "show": true,
          "total": false,
          "values": true
        },
        "lines": true,
        "linewidth": 2,
        "links": [],
        "nullPointMode": "connected",
        "percentage": false,
        "pointradius": 5,
        "points": false,
        "renderer": "flot",
        "seriesOverrides": [
          {
            "alias": "read",
            "yaxis": 1
          },
          {
            "alias": "{instance=\"172.17.0.1:9100\"}",
            "yaxis": 2
          },
          {
            "alias": "io time",
            "yaxis": 2
          }
        ],
        "spaceLength": 10,
        "stack": false,
        "steppedLine": false,
        "targets": [
          {
            "expr": "irate(node_disk_io_time_ms{instance=~\"$server\"}[1m])/(irate(node_disk_reads_completed{instance=~\"$server\"}[1m])+irate(node_disk_writes_completed{instance=~\"$server\"}[1m]))",
            "intervalFactor": 4,
            "legendFormat": "{{device}}",
            "refId": "C",
            "step": 8
          }
        ],
        "thresholds": [],
        "timeFrom": null,
        "timeShift": null,
        "title": "IO Latency per device",
        "tooltip": {
          "msResolution": false,
          "shared": true,
          "sort": 0,
          "value_type": "cumulative"
        },
        "type": "graph",
        "xaxis": {
          "buckets": null,
          "mode": "time",
          "name": null,
          "show": true,
          "values": []
        },
        "yaxes": [
          {
            "format": "ms",
            "label": null,
            "logBase": 1,
            "max": null,
            "min": null,
            "show": true
          },
          {
            "format": "ms",
            "label": null,
            "logBase": 1,
            "max": null,
            "min": null,
            "show": true
          }
        ],
        "yaxis": {
          "align": false,
          "alignLevel": null
        }
      },
      {
        "aliasColors": {},
        "bars": false,
        "dashLength": 10,
        "dashes": false,
        "datasource": "Prometheus",
        "fill": 1,
        "gridPos": {
          "h": 9,
          "w": 12,
          "x": 12,
          "y": 19
        },
        "id": 11,
        "legend": {
          "avg": false,
          "current": false,
          "max": false,
          "min": false,
          "show": true,
          "total": false,
          "values": false
        },
        "lines": true,
        "linewidth": 1,
        "links": [],
        "nullPointMode": "null",
        "percentage": false,
        "pointradius": 5,
        "points": false,
        "renderer": "flot",
        "seriesOverrides": [],
        "spaceLength": 10,
        "stack": false,
        "steppedLine": false,
        "targets": [
          {
            "expr": "100*(min by (mountpoint) (node_filesystem_avail{fstype !~ \"rpc_pipefs\",device!=\"/etc/auto.misc\",mountpoint !~ \"/boot|/net|/selinux\",instance=~\"$server\"}/node_filesystem_size{fstype !~ \"rpc_pipefs\",device!=\"/etc/auto.misc\",mountpoint !~ \"/boot|/net|/selinux\",instance=~\"$server\"}))",
            "format": "time_series",
            "hide": false,
            "intervalFactor": 2,
            "legendFormat": "{{mountpoint}}",
            "refId": "A",
            "step": 4
          }
        ],
        "thresholds": [
          {
            "colorMode": "warning",
            "fill": true,
            "line": true,
            "op": "lt",
            "value": 10
          },
          {
            "colorMode": "critical",
            "fill": true,
            "line": true,
            "op": "lt",
            "value": 3
          }
        ],
        "timeFrom": null,
        "timeShift": null,
        "title": "Disk Space available, %",
        "tooltip": {
          "msResolution": false,
          "shared": true,
          "sort": 0,
          "value_type": "individual"
        },
        "type": "graph",
        "xaxis": {
          "buckets": null,
          "mode": "time",
          "name": null,
          "show": true,
          "values": []
        },
        "yaxes": [
          {
            "format": "percent",
            "label": null,
            "logBase": 1,
            "max": null,
            "min": null,
            "show": true
          },
          {
            "format": "percent",
            "label": null,
            "logBase": 1,
            "max": null,
            "min": null,
            "show": true
          }
        ],
        "yaxis": {
          "align": false,
          "alignLevel": null
        }
      },
      {
        "collapsed": false,
        "gridPos": {
          "h": 1,
          "w": 24,
          "x": 0,
          "y": 28
        },
        "id": 20,
        "panels": [],
        "repeat": null,
        "title": "Dashboard Row",
        "type": "row"
      },
      {
        "aliasColors": {},
        "bars": false,
        "dashLength": 10,
        "dashes": false,
        "datasource": "Prometheus",
        "editable": true,
        "error": false,
        "fill": 1,
        "grid": {},
        "gridPos": {
          "h": 7,
          "w": 12,
          "x": 0,
          "y": 29
        },
        "id": 6,
        "legend": {
          "alignAsTable": true,
          "avg": true,
          "current": true,
          "max": true,
          "min": false,
          "show": true,
          "total": false,
          "values": true
        },
        "lines": true,
        "linewidth": 2,
        "links": [],
        "nullPointMode": "connected",
        "percentage": false,
        "pointradius": 5,
        "points": false,
        "renderer": "flot",
        "seriesOverrides": [
          {
            "alias": "read",
            "yaxis": 1
          },
          {
            "alias": "{instance=\"172.17.0.1:9100\"}",
            "yaxis": 2
          },
          {
            "alias": "io time",
            "yaxis": 2
          }
        ],
        "spaceLength": 10,
        "stack": false,
        "steppedLine": false,
        "targets": [
          {
            "expr": "sum by (device) (rate(node_disk_bytes_read{instance=~\"$server\"}[1m]))",
            "hide": false,
            "intervalFactor": 1,
            "legendFormat": "{{device}} bytes read",
            "refId": "A",
            "step": 2,
            "target": ""
          },
          {
            "expr": "sum by (device) (rate(node_disk_bytes_written{instance=~\"$server\"}[1m]))",
            "intervalFactor": 1,
            "legendFormat": "{{device}} bytes written",
            "refId": "B",
            "step": 2
          },
          {
            "expr": "sum by (device) (rate(node_disk_io_time_weighted{instance=~\"$server\"}[1m]))",
            "intervalFactor": 1,
            "legendFormat": "{{device}} weighted time spent in IO, ms",
            "refId": "C",
            "step": 2
          }
        ],
        "thresholds": [],
        "timeFrom": null,
        "timeShift": null,
        "title": "Disk I/O per minute",
        "tooltip": {
          "msResolution": false,
          "shared": true,
          "sort": 0,
          "value_type": "cumulative"
        },
        "type": "graph",
        "xaxis": {
          "buckets": null,
          "mode": "time",
          "name": null,
          "show": true,
          "values": []
        },
        "yaxes": [
          {
            "format": "bytes",
            "label": null,
            "logBase": 1,
            "max": null,
            "min": null,
            "show": true
          },
          {
            "format": "ms",
            "label": null,
            "logBase": 1,
            "max": null,
            "min": null,
            "show": true
          }
        ],
        "yaxis": {
          "align": false,
          "alignLevel": null
        }
      },
      {
        "aliasColors": {},
        "bars": false,
        "dashLength": 10,
        "dashes": false,
        "datasource": "Prometheus",
        "editable": true,
        "error": false,
        "fill": 1,
        "grid": {},
        "gridPos": {
          "h": 7,
          "w": 12,
          "x": 12,
          "y": 29
        },
        "id": 8,
        "legend": {
          "avg": false,
          "current": false,
          "max": false,
          "min": false,
          "show": true,
          "total": false,
          "values": false
        },
        "lines": true,
        "linewidth": 2,
        "links": [],
        "nullPointMode": "connected",
        "percentage": false,
        "pointradius": 5,
        "points": false,
        "renderer": "flot",
        "seriesOverrides": [
          {
            "alias": "transmitted ",
            "yaxis": 2
          }
        ],
        "spaceLength": 10,
        "stack": false,
        "steppedLine": false,
        "targets": [
          {
            "expr": "irate(node_network_receive_bytes{instance=~\"$server\",device!~\"lo\"}[5m])",
            "hide": false,
            "intervalFactor": 2,
            "legendFormat": "received {{device}}",
            "refId": "A",
            "step": 4,
            "target": ""
          },
          {
            "expr": "irate(node_network_transmit_bytes{instance=~\"$server\",device!~\"lo\"}[5m])",
            "hide": false,
            "intervalFactor": 2,
            "legendFormat": "transmitted  {{device}}",
            "refId": "B",
            "step": 4,
            "target": ""
          }
        ],
        "thresholds": [],
        "timeFrom": null,
        "timeShift": null,
        "title": "Data transfer by NIC",
        "tooltip": {
          "msResolution": false,
          "shared": true,
          "sort": 0,
          "value_type": "cumulative"
        },
        "type": "graph",
        "xaxis": {
          "buckets": null,
          "mode": "time",
          "name": null,
          "show": true,
          "values": []
        },
        "yaxes": [
          {
            "format": "bytes",
            "label": null,
            "logBase": 1,
            "max": null,
            "min": null,
            "show": true
          },
          {
            "format": "bytes",
            "label": null,
            "logBase": 1,
            "max": null,
            "min": null,
            "show": true
          }
        ],
        "yaxis": {
          "align": false,
          "alignLevel": null
        }
      },
      {
        "collapsed": true,
        "gridPos": {
          "h": 1,
          "w": 24,
          "x": 0,
          "y": 36
        },
        "id": 21,
        "panels": [],
        "repeat": null,
        "title": "Dashboard Row",
        "type": "row"
      },
      {
        "collapsed": false,
        "gridPos": {
          "h": 1,
          "w": 24,
          "x": 0,
          "y": 37
        },
        "id": 22,
        "panels": [],
        "repeat": null,
        "title": "Dashboard Row",
        "type": "row"
      },
      {
        "aliasColors": {},
        "bars": false,
        "dashLength": 10,
        "dashes": false,
        "datasource": "Prometheus",
        "editable": true,
        "error": false,
        "fill": 1,
        "grid": {},
        "gridPos": {
          "h": 7,
          "w": 12,
          "x": 0,
          "y": 38
        },
        "id": 9,
        "legend": {
          "alignAsTable": true,
          "avg": true,
          "current": true,
          "max": true,
          "min": false,
          "show": true,
          "total": false,
          "values": true
        },
        "lines": true,
        "linewidth": 2,
        "links": [],
        "nullPointMode": "connected",
        "percentage": false,
        "pointradius": 5,
        "points": false,
        "renderer": "flot",
        "seriesOverrides": [],
        "spaceLength": 10,
        "stack": false,
        "steppedLine": false,
        "targets": [
          {
            "expr": "node_load1{instance=~\"$server\"}",
            "intervalFactor": 4,
            "legendFormat": "load 1m",
            "refId": "A",
            "step": 8,
            "target": ""
          },
          {
            "expr": "node_load5{instance=~\"$server\"}",
            "intervalFactor": 4,
            "legendFormat": "load 5m",
            "refId": "B",
            "step": 8,
            "target": ""
          },
          {
            "expr": "node_load15{instance=~\"$server\"}",
            "intervalFactor": 4,
            "legendFormat": "load 15m",
            "refId": "C",
            "step": 8,
            "target": ""
          }
        ],
        "thresholds": [],
        "timeFrom": null,
        "timeShift": null,
        "title": "System load",
        "tooltip": {
          "msResolution": false,
          "shared": true,
          "sort": 0,
          "value_type": "cumulative"
        },
        "type": "graph",
        "xaxis": {
          "buckets": null,
          "mode": "time",
          "name": null,
          "show": true,
          "values": []
        },
        "yaxes": [
          {
            "format": "short",
            "label": null,
            "logBase": 1,
            "max": null,
            "min": null,
            "show": true
          },
          {
            "format": "short",
            "label": null,
            "logBase": 1,
            "max": null,
            "min": null,
            "show": true
          }
        ],
        "yaxis": {
          "align": false,
          "alignLevel": null
        }
      },
      {
        "aliasColors": {},
        "bars": false,
        "dashLength": 10,
        "dashes": false,
        "datasource": "Prometheus",
        "fill": 1,
        "gridPos": {
          "h": 7,
          "w": 12,
          "x": 12,
          "y": 38
        },
        "id": 12,
        "legend": {
          "avg": false,
          "current": false,
          "max": false,
          "min": false,
          "show": true,
          "total": false,
          "values": false
        },
        "lines": true,
        "linewidth": 1,
        "links": [],
        "nullPointMode": "null",
        "percentage": false,
        "pointradius": 5,
        "points": false,
        "renderer": "flot",
        "seriesOverrides": [],
        "spaceLength": 10,
        "stack": false,
        "steppedLine": false,
        "targets": [
          {
            "expr": "min by (mountpoint) (node_filesystem_avail{fstype !~ \"nfs|rpc_pipefs\",device!=\"/etc/auto.misc\",mountpoint !~ \"/boot|/net|/selinux\",instance=~\"$server\"})",
            "format": "time_series",
            "hide": false,
            "intervalFactor": 2,
            "legendFormat": "{{mountpoint}}",
            "refId": "A",
            "step": 4
          }
        ],
        "thresholds": [],
        "timeFrom": null,
        "timeShift": null,
        "title": "Disk Space available",
        "tooltip": {
          "msResolution": false,
          "shared": true,
          "sort": 0,
          "value_type": "individual"
        },
        "type": "graph",
        "xaxis": {
          "buckets": null,
          "mode": "time",
          "name": null,
          "show": true,
          "values": []
        },
        "yaxes": [
          {
            "format": "decbytes",
            "label": null,
            "logBase": 1,
            "max": null,
            "min": null,
            "show": true
          },
          {
            "format": "decbytes",
            "label": null,
            "logBase": 1,
            "max": null,
            "min": null,
            "show": true
          }
        ],
        "yaxis": {
          "align": false,
          "alignLevel": null
        }
      },
      {
        "collapsed": false,
        "gridPos": {
          "h": 1,
          "w": 24,
          "x": 0,
          "y": 45
        },
        "id": 23,
        "panels": [],
        "repeat": null,
        "title": "Dashboard Row",
        "type": "row"
      },
      {
        "columns": [
          {
            "text": "Current",
            "value": "current"
          }
        ],
        "datasource": null,
        "editable": true,
        "error": false,
        "fontSize": "100%",
        "gridPos": {
          "h": 7,
          "w": 12,
          "x": 0,
          "y": 46
        },
        "id": 16,
        "links": [],
        "pageSize": null,
        "scroll": true,
        "showHeader": true,
        "sort": {
          "col": null,
          "desc": false
        },
        "styles": [
          {
            "dateFormat": "YYYY-MM-DD HH:mm:ss",
            "pattern": "Time",
            "type": "date"
          },
          {
            "colorMode": null,
            "colors": [
              "rgba(245, 54, 54, 0.9)",
              "rgba(237, 129, 40, 0.89)",
              "rgba(50, 172, 45, 0.97)"
            ],
            "dateFormat": "YYYY-MM-DD HH:mm:ss",
            "decimals": 2,
            "pattern": "/.*/",
            "thresholds": [],
            "type": "number",
            "unit": "short"
          }
        ],
        "targets": [
          {
            "expr": "count(count(node_cpu{instance=\"$server\",job=\"db_nodes\"}) without (mode)) without (cpu)",
            "hide": false,
            "interval": "1h",
            "intervalFactor": 2,
            "legendFormat": "cpu_count",
            "metric": "node_cpu",
            "refId": "A",
            "step": 7200
          },
          {
            "expr": "node_memory_MemTotal{instance=\"$server\",job=\"db_nodes\"}/1024/1024/1024",
            "hide": false,
            "interval": "1h",
            "intervalFactor": 2,
            "legendFormat": "mem_total, GB",
            "metric": "node_memory_MemTotal",
            "refId": "B",
            "step": 7200
          },
          {
            "expr": "(time()-node_boot_time{instance=\"$server\",job=\"db_nodes\"})/3600/24",
            "interval": "",
            "intervalFactor": 2,
            "legendFormat": "days_up",
            "metric": "node_boot_time",
            "refId": "C",
            "step": 4
          }
        ],
        "timeFrom": null,
        "timeShift": null,
        "title": "General Information",
        "transform": "timeseries_aggregations",
        "type": "table"
      }
    ],
    "refresh": "30s",
    "schemaVersion": 16,
    "style": "dark",
    "tags": [],
    "templating": {
      "list": [
        {
          "allValue": null,
          "current": {
            "text": "DEASPROM01.Allocate-Cloud.de",
            "value": "DEASPROM01.Allocate-Cloud.de"
          },
          "datasource": "Prometheus",
          "hide": 0,
          "includeAll": false,
          "label": null,
          "multi": false,
          "name": "server",
          "options": [],
          "query": "label_values(node_boot_time, instance)",
          "refresh": 1,
          "regex": "",
          "skipUrlSync": false,
          "sort": 1,
          "tagValuesQuery": "",
          "tags": [],
          "tagsQuery": "",
          "type": "query",
          "useTags": false
        }
      ]
    },
    "time": {
      "from": "now-1h",
      "to": "now-1m"
    },
    "timepicker": {
      "nowDelay": "1m",
      "refresh_intervals": [
        "5s",
        "10s",
        "30s",
        "1m",
        "5m",
        "15m",
        "30m",
        "1h",
        "2h",
        "1d",
        "2d"
      ],
      "time_options": [
        "5m",
        "15m",
        "1h",
        "6h",
        "12h",
        "24h",
        "2d",
        "7d",
        "30d"
      ]
    },
    "timezone": "browser",
    "title": "Linux Server Overview",
    "uid": "000000018"
  }
}
