{
  "meta": {
    "type": "db",
    "canSave": true,
    "canEdit": true,
    "canAdmin": true,
    "canStar": true,
    "slug": "monitored-targets",
    "url": "/d/x5lNuQRmz/monitored-targets",
    "hasAcl": false,
    "isFolder": false,
    "folderId": 82,
    "folderTitle": "Alert Dashboards",
    "folderUrl": "/dashboards/f/juSr5EJik/alert-dashboards",
    "provisioned": false
  },
  "dashboard": {
    "annotations": {
      "list": [
        {
          "builtIn": 1,
          "datasource": "-- Grafana --",
          "enable": true,
          "hide": true,
          "iconColor": "rgba(0, 211, 255, 1)",
          "name": "Annotations & Alerts",
          "type": "dashboard"
        }
      ]
    },
    "editable": true,
    "gnetId": null,
    "graphTooltip": 0,
    "id": 42,
    "links": [],
    "panels": [
      {
        "cacheTimeout": null,
        "colorBackground": true,
        "colorValue": false,
        "colors": [
          "#508642",
          "#508642",
          "#d44a3a"
        ],
        "format": "none",
        "gauge": {
          "maxValue": 100,
          "minValue": 0,
          "show": false,
          "thresholdLabels": false,
          "thresholdMarkers": true
        },
        "gridPos": {
          "h": 5,
          "w": 12,
          "x": 0,
          "y": 0
        },
        "id": 6,
        "interval": null,
        "links": [],
        "mappingType": 1,
        "mappingTypes": [
          {
            "name": "value to text",
            "value": 1
          },
          {
            "name": "range to text",
            "value": 2
          }
        ],
        "maxDataPoints": 100,
        "nullPointMode": "connected",
        "nullText": null,
        "postfix": "",
        "postfixFontSize": "50%",
        "prefix": "",
        "prefixFontSize": "50%",
        "rangeMaps": [
          {
            "from": "null",
            "text": "N/A",
            "to": "null"
          }
        ],
        "sparkline": {
          "fillColor": "rgba(31, 118, 189, 0.18)",
          "full": false,
          "lineColor": "rgb(31, 120, 193)",
          "show": false
        },
        "tableColumn": "Value",
        "targets": [
          {
            "expr": "count(up{job!~\"Coalmine|vm-vmware_export\"})",
            "format": "table",
            "instant": false,
            "intervalFactor": 1,
            "legendFormat": "",
            "refId": "A"
          }
        ],
        "thresholds": "",
        "title": "Online Targets",
        "type": "singlestat",
        "valueFontSize": "200%",
        "valueMaps": [
          {
            "op": "=",
            "text": "N/A",
            "value": "null"
          }
        ],
        "valueName": "current"
      },
      {
        "cacheTimeout": null,
        "colorBackground": true,
        "colorValue": false,
        "colors": [
          "#299c46",
          "#d44a3a",
          "#d44a3a"
        ],
        "format": "none",
        "gauge": {
          "maxValue": 100,
          "minValue": 0,
          "show": false,
          "thresholdLabels": false,
          "thresholdMarkers": true
        },
        "gridPos": {
          "h": 5,
          "w": 12,
          "x": 12,
          "y": 0
        },
        "id": 10,
        "interval": null,
        "links": [],
        "mappingType": 1,
        "mappingTypes": [
          {
            "name": "value to text",
            "value": 1
          },
          {
            "name": "range to text",
            "value": 2
          }
        ],
        "maxDataPoints": 100,
        "nullPointMode": "connected",
        "nullText": null,
        "postfix": "",
        "postfixFontSize": "50%",
        "prefix": "",
        "prefixFontSize": "50%",
        "rangeMaps": [
          {
            "from": "null",
            "text": "N/A",
            "to": "null"
          }
        ],
        "sparkline": {
          "fillColor": "rgba(31, 118, 189, 0.18)",
          "full": false,
          "lineColor": "rgb(31, 120, 193)",
          "show": false
        },
        "tableColumn": "Value",
        "targets": [
          {
            "expr": "count(up{job!=\"Coalmine\"} <1 )",
            "format": "time_series",
            "instant": true,
            "intervalFactor": 1,
            "legendFormat": "",
            "refId": "A"
          }
        ],
        "thresholds": "",
        "title": "Offline Targets",
        "type": "singlestat",
        "valueFontSize": "200%",
        "valueMaps": [
          {
            "op": "=",
            "text": "N/A",
            "value": "null"
          }
        ],
        "valueName": "avg"
      },
      {
        "columns": [],
        "fontSize": "100%",
        "gridPos": {
          "h": 19,
          "w": 12,
          "x": 0,
          "y": 5
        },
        "id": 8,
        "links": [],
        "pageSize": null,
        "scroll": true,
        "showHeader": true,
        "sort": {
          "col": 0,
          "desc": true
        },
        "styles": [
          {
            "alias": "Time",
            "dateFormat": "YYYY-MM-DD HH:mm:ss",
            "pattern": "Time",
            "type": "hidden"
          },
          {
            "alias": "",
            "colorMode": null,
            "colors": [
              "rgba(245, 54, 54, 0.9)",
              "rgba(237, 129, 40, 0.89)",
              "rgba(50, 172, 45, 0.97)"
            ],
            "dateFormat": "YYYY-MM-DD HH:mm:ss",
            "decimals": 2,
            "pattern": "__name__",
            "thresholds": [],
            "type": "hidden",
            "unit": "short"
          },
          {
            "alias": "",
            "colorMode": null,
            "colors": [
              "rgba(245, 54, 54, 0.9)",
              "rgba(237, 129, 40, 0.89)",
              "rgba(50, 172, 45, 0.97)"
            ],
            "dateFormat": "YYYY-MM-DD HH:mm:ss",
            "decimals": 2,
            "pattern": "Value",
            "thresholds": [],
            "type": "hidden",
            "unit": "short"
          },
          {
            "alias": "Role",
            "colorMode": null,
            "colors": [
              "rgba(245, 54, 54, 0.9)",
              "rgba(237, 129, 40, 0.89)",
              "rgba(50, 172, 45, 0.97)"
            ],
            "dateFormat": "YYYY-MM-DD HH:mm:ss",
            "decimals": 2,
            "pattern": "job",
            "thresholds": [],
            "type": "string",
            "unit": "short"
          },
          {
            "alias": "Instance",
            "colorMode": null,
            "colors": [
              "rgba(245, 54, 54, 0.9)",
              "rgba(237, 129, 40, 0.89)",
              "rgba(50, 172, 45, 0.97)"
            ],
            "dateFormat": "YYYY-MM-DD HH:mm:ss",
            "decimals": 2,
            "link": true,
            "linkTooltip": "View Detailed Dashboard ",
            "linkUrl": "https://monitor.allocate-cloud.co.uk/d/000000003/windows-server-overview?refresh=30s&orgId=1&var-interval=5m&var-server=$__cell",
            "pattern": "instance",
            "thresholds": [],
            "type": "string",
            "unit": "short"
          },
          {
            "alias": "Region",
            "colorMode": null,
            "colors": [
              "rgba(245, 54, 54, 0.9)",
              "rgba(237, 129, 40, 0.89)",
              "rgba(50, 172, 45, 0.97)"
            ],
            "dateFormat": "YYYY-MM-DD HH:mm:ss",
            "decimals": 2,
            "mappingType": 1,
            "pattern": "region",
            "thresholds": [],
            "type": "number",
            "unit": "short"
          },
          {
            "alias": "",
            "colorMode": null,
            "colors": [
              "rgba(245, 54, 54, 0.9)",
              "rgba(237, 129, 40, 0.89)",
              "rgba(50, 172, 45, 0.97)"
            ],
            "decimals": 2,
            "link": true,
            "linkTargetBlank": true,
            "linkTooltip": "",
            "linkUrl": "https://monitor.allocate-cloud.co.uk/d/000000003/windows-server-overview?refresh=30s&orgId=1&var-interval=5m&var-server=$__cell",
            "pattern": "/.*/",
            "thresholds": [],
            "type": "number",
            "unit": "short"
          }
        ],
        "targets": [
          {
            "expr": "up{job!=\"Coalmine\"} > 0",
            "format": "table",
            "instant": true,
            "intervalFactor": 1,
            "legendFormat": "count(up{job!=\"Coalmine\"} <1 )",
            "refId": "A"
          }
        ],
        "title": "Online Targets",
        "transform": "table",
        "type": "table"
      },
      {
        "columns": [],
        "fontSize": "100%",
        "gridPos": {
          "h": 19,
          "w": 12,
          "x": 12,
          "y": 5
        },
        "id": 2,
        "links": [],
        "pageSize": null,
        "scroll": true,
        "showHeader": true,
        "sort": {
          "col": 0,
          "desc": true
        },
        "styles": [
          {
            "alias": "Time",
            "dateFormat": "YYYY-MM-DD HH:mm:ss",
            "pattern": "Time",
            "type": "hidden"
          },
          {
            "alias": "",
            "colorMode": null,
            "colors": [
              "rgba(245, 54, 54, 0.9)",
              "rgba(237, 129, 40, 0.89)",
              "rgba(50, 172, 45, 0.97)"
            ],
            "dateFormat": "YYYY-MM-DD HH:mm:ss",
            "decimals": 2,
            "pattern": "__name__",
            "thresholds": [],
            "type": "hidden",
            "unit": "short"
          },
          {
            "alias": "",
            "colorMode": null,
            "colors": [
              "rgba(245, 54, 54, 0.9)",
              "rgba(237, 129, 40, 0.89)",
              "rgba(50, 172, 45, 0.97)"
            ],
            "dateFormat": "YYYY-MM-DD HH:mm:ss",
            "decimals": 2,
            "pattern": "Value",
            "thresholds": [],
            "type": "hidden",
            "unit": "short"
          },
          {
            "alias": "Role",
            "colorMode": null,
            "colors": [
              "rgba(245, 54, 54, 0.9)",
              "rgba(237, 129, 40, 0.89)",
              "rgba(50, 172, 45, 0.97)"
            ],
            "dateFormat": "YYYY-MM-DD HH:mm:ss",
            "decimals": 2,
            "pattern": "job",
            "thresholds": [],
            "type": "string",
            "unit": "short"
          },
          {
            "alias": "Instance",
            "colorMode": null,
            "colors": [
              "rgba(245, 54, 54, 0.9)",
              "rgba(237, 129, 40, 0.89)",
              "rgba(50, 172, 45, 0.97)"
            ],
            "dateFormat": "YYYY-MM-DD HH:mm:ss",
            "decimals": 2,
            "link": true,
            "linkTooltip": "View Detailed Dashboard ",
            "linkUrl": "https://monitor.allocate-cloud.co.uk/d/000000003/windows-server-overview?refresh=30s&orgId=1&var-interval=5m&var-server=$__cell",
            "pattern": "instance",
            "thresholds": [],
            "type": "string",
            "unit": "short"
          },
          {
            "alias": "Region",
            "colorMode": null,
            "colors": [
              "rgba(245, 54, 54, 0.9)",
              "rgba(237, 129, 40, 0.89)",
              "rgba(50, 172, 45, 0.97)"
            ],
            "dateFormat": "YYYY-MM-DD HH:mm:ss",
            "decimals": 2,
            "mappingType": 1,
            "pattern": "region",
            "thresholds": [],
            "type": "number",
            "unit": "short"
          },
          {
            "alias": "",
            "colorMode": null,
            "colors": [
              "rgba(245, 54, 54, 0.9)",
              "rgba(237, 129, 40, 0.89)",
              "rgba(50, 172, 45, 0.97)"
            ],
            "decimals": 2,
            "link": true,
            "linkTargetBlank": true,
            "linkTooltip": "",
            "linkUrl": "https://monitor.allocate-cloud.co.uk/d/000000003/windows-server-overview?refresh=30s&orgId=1&var-interval=5m&var-server=$__cell",
            "pattern": "/.*/",
            "thresholds": [],
            "type": "number",
            "unit": "short"
          }
        ],
        "targets": [
          {
            "expr": "up{job!=\"Coalmine\"} < 1",
            "format": "table",
            "instant": true,
            "intervalFactor": 1,
            "legendFormat": "",
            "refId": "A"
          }
        ],
        "title": "Offline Targets",
        "transform": "table",
        "type": "table"
      }
    ],
    "refresh": "5s",
    "schemaVersion": 17,
    "style": "dark",
    "tags": [],
    "templating": {
      "list": []
    },
    "time": {
      "from": "now-5m",
      "to": "now"
    },
    "timepicker": {
      "refresh_intervals": [
        "5s",
        "10s",
        "30s",
        "1m",
        "5m",
        "15m",
        "30m",
        "1h",
        "2h",
        "1d"
      ],
      "time_options": [
        "5m",
        "15m",
        "1h",
        "6h",
        "12h",
        "24h",
        "2d",
        "7d",
        "30d"
      ]
    },
    "timezone": "",
    "title": "Monitored Targets",
    "uid": "x5lNuQRmz"
  }
}
