{
  "meta": {
    "type": "db",
    "canSave": true,
    "canEdit": true,
    "canAdmin": true,
    "canStar": true,
    "slug": "nginx-vts-stats",
    "url": "/d/R4FG-jAik/nginx-vts-stats",
    "hasAcl": false,
    "isFolder": false,
    "folderId": 81,
    "folderTitle": "Draft",
    "folderUrl": "/dashboards/f/oacl5PJik/draft",
    "provisioned": false
  },
  "dashboard": {
    "annotations": {
      "list": [
        {
          "builtIn": 1,
          "datasource": "-- Grafana --",
          "enable": true,
          "hide": true,
          "iconColor": "rgba(0, 211, 255, 1)",
          "name": "Annotations & Alerts",
          "type": "dashboard"
        }
      ]
    },
    "description": "Show stats from the hnlq715/nginx-vts-exporter.",
    "editable": true,
    "gnetId": 2949,
    "graphTooltip": 0,
    "id": 78,
    "links": [],
    "panels": [
      {
        "aliasColors": {},
        "bars": false,
        "dashLength": 10,
        "dashes": false,
        "datasource": "Prometheus",
        "fill": 1,
        "gridPos": {
          "h": 7,
          "w": 12,
          "x": 0,
          "y": 0
        },
        "id": 1,
        "legend": {
          "avg": false,
          "current": false,
          "max": false,
          "min": false,
          "show": true,
          "total": false,
          "values": false
        },
        "lines": true,
        "linewidth": 1,
        "links": [],
        "nullPointMode": "null",
        "percentage": false,
        "pointradius": 5,
        "points": false,
        "renderer": "flot",
        "seriesOverrides": [],
        "spaceLength": 10,
        "stack": false,
        "steppedLine": false,
        "targets": [
          {
            "expr": "nginx_server_connections{instance=~\"$Instance\", status=~\"active|writing|reading|waiting\"}",
            "format": "time_series",
            "intervalFactor": 2,
            "legendFormat": "{{status}}",
            "refId": "B"
          }
        ],
        "thresholds": [],
        "timeFrom": null,
        "timeShift": null,
        "title": "Server Connections",
        "tooltip": {
          "msResolution": false,
          "shared": true,
          "sort": 0,
          "value_type": "individual"
        },
        "type": "graph",
        "xaxis": {
          "buckets": null,
          "mode": "time",
          "name": null,
          "show": true,
          "values": []
        },
        "yaxes": [
          {
            "format": "short",
            "label": null,
            "logBase": 1,
            "max": null,
            "min": null,
            "show": true
          },
          {
            "format": "short",
            "label": null,
            "logBase": 1,
            "max": null,
            "min": null,
            "show": true
          }
        ]
      },
      {
        "aliasColors": {},
        "bars": false,
        "dashLength": 10,
        "dashes": false,
        "datasource": "Prometheus",
        "fill": 1,
        "gridPos": {
          "h": 7,
          "w": 12,
          "x": 12,
          "y": 0
        },
        "id": 4,
        "legend": {
          "avg": false,
          "current": false,
          "max": false,
          "min": false,
          "show": true,
          "total": false,
          "values": false
        },
        "lines": true,
        "linewidth": 1,
        "links": [],
        "nullPointMode": "null",
        "percentage": false,
        "pointradius": 5,
        "points": false,
        "renderer": "flot",
        "seriesOverrides": [],
        "spaceLength": 10,
        "stack": false,
        "steppedLine": false,
        "targets": [
          {
            "expr": "sum(irate(nginx_server_cache{instance=~\"$Instance\", host=~\"^$Host$\"}[5m])) by (status)",
            "format": "time_series",
            "interval": "",
            "intervalFactor": 2,
            "legendFormat": "{{ status }}",
            "metric": "nginx_server_cache",
            "refId": "A",
            "step": 240
          }
        ],
        "thresholds": [],
        "timeFrom": null,
        "timeShift": null,
        "title": "Server Cache",
        "tooltip": {
          "msResolution": false,
          "shared": true,
          "sort": 0,
          "value_type": "individual"
        },
        "type": "graph",
        "xaxis": {
          "buckets": null,
          "mode": "time",
          "name": null,
          "show": true,
          "values": []
        },
        "yaxes": [
          {
            "format": "short",
            "label": null,
            "logBase": 1,
            "max": null,
            "min": "0",
            "show": true
          },
          {
            "format": "short",
            "label": null,
            "logBase": 1,
            "max": null,
            "min": null,
            "show": true
          }
        ]
      },
      {
        "aliasColors": {},
        "bars": false,
        "dashLength": 10,
        "dashes": false,
        "datasource": "Prometheus",
        "fill": 1,
        "gridPos": {
          "h": 7,
          "w": 12,
          "x": 0,
          "y": 7
        },
        "id": 3,
        "legend": {
          "avg": false,
          "current": false,
          "max": false,
          "min": false,
          "show": true,
          "total": false,
          "values": false
        },
        "lines": true,
        "linewidth": 1,
        "links": [],
        "nullPointMode": "null",
        "percentage": false,
        "pointradius": 5,
        "points": false,
        "renderer": "flot",
        "seriesOverrides": [],
        "spaceLength": 10,
        "stack": false,
        "steppedLine": false,
        "targets": [
          {
            "expr": "sum(irate(nginx_server_requests{instance=~\"$Instance\", code!=\"total\"}[5m])) by (code)",
            "format": "time_series",
            "interval": "",
            "intervalFactor": 2,
            "legendFormat": "{{ code }}",
            "metric": "nginx_server_requests",
            "refId": "A",
            "step": 240
          }
        ],
        "thresholds": [],
        "timeFrom": null,
        "timeShift": null,
        "title": "Server Requests",
        "tooltip": {
          "msResolution": false,
          "shared": true,
          "sort": 0,
          "value_type": "individual"
        },
        "type": "graph",
        "xaxis": {
          "buckets": null,
          "mode": "time",
          "name": null,
          "show": true,
          "values": []
        },
        "yaxes": [
          {
            "format": "short",
            "label": null,
            "logBase": 1,
            "max": null,
            "min": null,
            "show": true
          },
          {
            "format": "short",
            "label": null,
            "logBase": 1,
            "max": null,
            "min": null,
            "show": true
          }
        ]
      },
      {
        "aliasColors": {},
        "bars": false,
        "dashLength": 10,
        "dashes": false,
        "datasource": "Prometheus",
        "fill": 1,
        "gridPos": {
          "h": 7,
          "w": 12,
          "x": 12,
          "y": 7
        },
        "id": 2,
        "legend": {
          "avg": false,
          "current": false,
          "max": false,
          "min": false,
          "show": true,
          "total": false,
          "values": false
        },
        "lines": true,
        "linewidth": 1,
        "links": [],
        "nullPointMode": "null",
        "percentage": false,
        "pointradius": 5,
        "points": false,
        "renderer": "flot",
        "seriesOverrides": [],
        "spaceLength": 10,
        "stack": false,
        "steppedLine": false,
        "targets": [
          {
            "expr": "sum(irate(nginx_server_bytes{instance=~\"$Instance\", host=~\"^$Host$\"}[5m])) by (direction)",
            "format": "time_series",
            "intervalFactor": 2,
            "legendFormat": "{{ direction }}",
            "metric": "nginx_server_bytes",
            "refId": "A",
            "step": 240
          }
        ],
        "thresholds": [],
        "timeFrom": null,
        "timeShift": null,
        "title": "Server Bytes",
        "tooltip": {
          "msResolution": false,
          "shared": true,
          "sort": 0,
          "value_type": "individual"
        },
        "type": "graph",
        "xaxis": {
          "buckets": null,
          "mode": "time",
          "name": null,
          "show": true,
          "values": []
        },
        "yaxes": [
          {
            "format": "bytes",
            "label": null,
            "logBase": 1,
            "max": null,
            "min": "0",
            "show": true
          },
          {
            "format": "short",
            "label": null,
            "logBase": 1,
            "max": null,
            "min": null,
            "show": true
          }
        ]
      },
      {
        "aliasColors": {},
        "bars": false,
        "dashLength": 10,
        "dashes": false,
        "datasource": "Prometheus",
        "description": "This one is providing aggregated error codes, but it's still possible to graph these per upstream.",
        "fill": 1,
        "gridPos": {
          "h": 7,
          "w": 12,
          "x": 0,
          "y": 14
        },
        "id": 6,
        "legend": {
          "avg": false,
          "current": false,
          "max": false,
          "min": false,
          "show": true,
          "total": false,
          "values": false
        },
        "lines": true,
        "linewidth": 1,
        "links": [],
        "nullPointMode": "null",
        "percentage": false,
        "pointradius": 5,
        "points": false,
        "renderer": "flot",
        "seriesOverrides": [],
        "spaceLength": 10,
        "stack": false,
        "steppedLine": false,
        "targets": [
          {
            "expr": "sum(irate(nginx_upstream_requests{instance=~\"$Instance\", upstream=~\"^$Upstream$\",code!=\"total\"}[5m])) by (code)",
            "format": "time_series",
            "interval": "",
            "intervalFactor": 2,
            "legendFormat": "{{ code }}",
            "metric": "nginx_upstream_requests",
            "refId": "A",
            "step": 240
          }
        ],
        "thresholds": [],
        "timeFrom": null,
        "timeShift": null,
        "title": "Upstream Requests",
        "tooltip": {
          "msResolution": false,
          "shared": true,
          "sort": 0,
          "value_type": "individual"
        },
        "type": "graph",
        "xaxis": {
          "buckets": null,
          "mode": "time",
          "name": null,
          "show": true,
          "values": []
        },
        "yaxes": [
          {
            "format": "short",
            "label": null,
            "logBase": 1,
            "max": null,
            "min": null,
            "show": true
          },
          {
            "format": "short",
            "label": null,
            "logBase": 1,
            "max": null,
            "min": null,
            "show": true
          }
        ]
      },
      {
        "aliasColors": {},
        "bars": false,
        "dashLength": 10,
        "dashes": false,
        "datasource": "Prometheus",
        "fill": 1,
        "gridPos": {
          "h": 7,
          "w": 12,
          "x": 12,
          "y": 14
        },
        "id": 5,
        "legend": {
          "avg": false,
          "current": false,
          "max": false,
          "min": false,
          "show": true,
          "total": false,
          "values": false
        },
        "lines": true,
        "linewidth": 1,
        "links": [],
        "nullPointMode": "null",
        "percentage": false,
        "pointradius": 5,
        "points": false,
        "renderer": "flot",
        "seriesOverrides": [],
        "spaceLength": 10,
        "stack": false,
        "steppedLine": false,
        "targets": [
          {
            "expr": "sum(irate(nginx_upstream_bytes{instance=~\"$Instance\", upstream=~\"^$Upstream$\"}[5m])) by (direction)",
            "format": "time_series",
            "interval": "",
            "intervalFactor": 2,
            "legendFormat": "{{ direction }}",
            "metric": "nginx_upstream_bytes",
            "refId": "A",
            "step": 240
          }
        ],
        "thresholds": [],
        "timeFrom": null,
        "timeShift": null,
        "title": "Upstream Bytes",
        "tooltip": {
          "msResolution": false,
          "shared": true,
          "sort": 0,
          "value_type": "individual"
        },
        "type": "graph",
        "xaxis": {
          "buckets": null,
          "mode": "time",
          "name": null,
          "show": true,
          "values": []
        },
        "yaxes": [
          {
            "format": "short",
            "label": null,
            "logBase": 1,
            "max": null,
            "min": null,
            "show": true
          },
          {
            "format": "short",
            "label": null,
            "logBase": 1,
            "max": null,
            "min": null,
            "show": true
          }
        ]
      },
      {
        "aliasColors": {},
        "bars": false,
        "dashLength": 10,
        "dashes": false,
        "datasource": "Prometheus",
        "fill": 1,
        "gridPos": {
          "h": 7,
          "w": 24,
          "x": 0,
          "y": 21
        },
        "id": 7,
        "legend": {
          "avg": false,
          "current": false,
          "max": false,
          "min": false,
          "show": true,
          "total": false,
          "values": false
        },
        "lines": true,
        "linewidth": 1,
        "links": [],
        "nullPointMode": "null",
        "percentage": false,
        "pointradius": 5,
        "points": false,
        "renderer": "flot",
        "seriesOverrides": [],
        "spaceLength": 10,
        "stack": false,
        "steppedLine": false,
        "targets": [
          {
            "expr": "sum(nginx_upstream_responseMsec{instance=~\"$Instance\", upstream=~\"^$Upstream$\"}) by (backend)",
            "format": "time_series",
            "interval": "",
            "intervalFactor": 2,
            "legendFormat": "{{ backend }}",
            "metric": "nginx_upstream_response",
            "refId": "A",
            "step": 120
          }
        ],
        "thresholds": [],
        "timeFrom": null,
        "timeShift": null,
        "title": "Upstream Backend Response",
        "tooltip": {
          "msResolution": false,
          "shared": true,
          "sort": 0,
          "value_type": "individual"
        },
        "type": "graph",
        "xaxis": {
          "buckets": null,
          "mode": "time",
          "name": null,
          "show": true,
          "values": []
        },
        "yaxes": [
          {
            "format": "short",
            "label": null,
            "logBase": 1,
            "max": null,
            "min": null,
            "show": true
          },
          {
            "format": "short",
            "label": null,
            "logBase": 1,
            "max": null,
            "min": null,
            "show": true
          }
        ]
      }
    ],
    "schemaVersion": 16,
    "style": "dark",
    "tags": [
      "prometheus",
      "nginx"
    ],
    "templating": {
      "list": [
        {
          "allValue": null,
          "current": {},
          "datasource": "Prometheus",
          "hide": 0,
          "includeAll": true,
          "label": null,
          "multi": false,
          "name": "Instance",
          "options": [],
          "query": "label_values(nginx_server_bytes, instance)",
          "refresh": 1,
          "regex": "",
          "sort": 0,
          "tagValuesQuery": "",
          "tags": [],
          "tagsQuery": "",
          "type": "query",
          "useTags": false
        },
        {
          "allValue": null,
          "current": {},
          "datasource": "Prometheus",
          "hide": 0,
          "includeAll": true,
          "label": null,
          "multi": false,
          "name": "Host",
          "options": [],
          "query": "label_values(nginx_server_bytes{instance=~\"$Instance\"}, host)",
          "refresh": 1,
          "regex": "",
          "sort": 0,
          "tagValuesQuery": "",
          "tags": [],
          "tagsQuery": "",
          "type": "query",
          "useTags": false
        },
        {
          "allValue": ".*",
          "current": {},
          "datasource": "Prometheus",
          "hide": 0,
          "includeAll": true,
          "label": null,
          "multi": false,
          "name": "Upstream",
          "options": [],
          "query": "label_values(nginx_upstream_bytes{instance=~\"$Instance\"}, upstream)",
          "refresh": 1,
          "regex": "",
          "sort": 0,
          "tagValuesQuery": "",
          "tags": [],
          "tagsQuery": "",
          "type": "query",
          "useTags": false
        }
      ]
    },
    "time": {
      "from": "now-3h",
      "to": "now"
    },
    "timepicker": {
      "refresh_intervals": [
        "5s",
        "10s",
        "30s",
        "1m",
        "5m",
        "15m",
        "30m",
        "1h",
        "2h",
        "1d"
      ],
      "time_options": [
        "5m",
        "15m",
        "1h",
        "6h",
        "12h",
        "24h",
        "2d",
        "7d",
        "30d"
      ]
    },
    "timezone": "browser",
    "title": "Nginx VTS Stats",
    "uid": "R4FG-jAik"
  }
}
