{
  "meta": {
    "type": "db",
    "canSave": true,
    "canEdit": true,
    "canAdmin": true,
    "canStar": true,
    "slug": "nhsp-interface-queue-dashboard",
    "url": "/d/x3IqXaezk/nhsp-interface-queue-dashboard",
    "hasAcl": true,
    "isFolder": false,
    "folderId": 34,
    "folderTitle": "NHSP Dashboards",
    "folderUrl": "/dashboards/f/BX498L6zk/nhsp-dashboards",
    "provisioned": false
  },
  "dashboard": {
    "annotations": {
      "list": [
        {
          "builtIn": 1,
          "datasource": "-- Grafana --",
          "enable": true,
          "hide": true,
          "iconColor": "rgba(0, 211, 255, 1)",
          "name": "Annotations & Alerts",
          "type": "dashboard"
        }
      ]
    },
    "editable": true,
    "gnetId": null,
    "graphTooltip": 1,
    "id": 33,
    "iteration": 1550954748096,
    "links": [
      {
        "asDropdown": true,
        "icon": "bolt",
        "tags": [],
        "targetBlank": true,
        "title": "UKASESBPRD01.Allocate-Cloud.com",
        "tooltip": "Detailed Server Metrics",
        "type": "link",
        "url": "https://monitor.allocate-cloud.co.uk/d/000000003/windows-server-overview?refresh=30s&orgId=1&var-interval=5m&var-server=UKASESBPRD01.Allocate-Cloud.com"
      },
      {
        "icon": "cloud",
        "tags": [],
        "targetBlank": true,
        "title": "Fuse  MQ Console",
        "type": "link",
        "url": "http://172.16.0.73:8181/activemqweb/queues.jsp"
      }
    ],
    "panels": [
      {
        "aliasColors": {},
        "bars": false,
        "dashLength": 10,
        "dashes": false,
        "fill": 1,
        "gridPos": {
          "h": 11,
          "w": 19,
          "x": 0,
          "y": 0
        },
        "id": 10,
        "legend": {
          "avg": false,
          "current": false,
          "max": false,
          "min": false,
          "show": true,
          "total": false,
          "values": false
        },
        "lines": true,
        "linewidth": 1,
        "links": [],
        "nullPointMode": "connected",
        "paceLength": 10,
        "percentage": false,
        "pointradius": 5,
        "points": false,
        "renderer": "flot",
        "seriesOverrides": [],
        "spaceLength": 10,
        "stack": false,
        "steppedLine": false,
        "targets": [
          {
            "expr": "NHSP_HealthRoster_StaffBank_Inbound_size{ESB=~\"$environment\"}",
            "format": "time_series",
            "intervalFactor": 1,
            "legendFormat": "{{environment}} - ({{ESB}}) ",
            "refId": "B"
          },
          {
            "expr": "NHSP_HealthRoster_StaffBank_Outbound_size{ESB=~\"$environment\"}\r\n",
            "format": "time_series",
            "instant": false,
            "intervalFactor": 1,
            "legendFormat": "{{environment}} - ({{ESB}}) ",
            "refId": "C"
          },
          {
            "expr": "NHSP_HealthRoster_StaffBank_InboundHRRequests_size{ESB=~\"$environment\"}",
            "format": "time_series",
            "intervalFactor": 1,
            "legendFormat": "{{environment}} - ({{ESB}}) ",
            "refId": "D"
          },
          {
            "expr": "NHSP_HRNHSP_HRSB_SBInterfaceEndPointOut_size{ESB=~\"$environment\"}",
            "format": "time_series",
            "intervalFactor": 1,
            "legendFormat": "{{environment}} - ({{ESB}}) ",
            "refId": "E"
          },
          {
            "expr": "NHSP_StaffBank_HealthRoster_Inbound_size{ESB=~\"$environment\"}",
            "format": "time_series",
            "intervalFactor": 1,
            "legendFormat": "{{environment}} - ({{ESB}}) ",
            "refId": "F"
          },
          {
            "expr": "NHSP_StaffBank_HealthRoster_Outbound_size{ESB=~\"$environment\"}",
            "format": "time_series",
            "intervalFactor": 1,
            "legendFormat": "{{environment}} - ({{ESB}}) ",
            "refId": "A"
          },
          {
            "expr": "NHSP_HRNHSP_SBHR_HRRestletEndPointOut_size{ESB=~\"$environment\"} ",
            "format": "time_series",
            "intervalFactor": 1,
            "legendFormat": "{{environment}} - ({{ESB}}) ",
            "refId": "G"
          }
        ],
        "thresholds": [
          {
            "colorMode": "critical",
            "fill": true,
            "line": true,
            "op": "gt",
            "value": 50,
            "yaxis": "left"
          }
        ],
        "timeFrom": null,
        "timeRegions": [],
        "timeShift": null,
        "title": "NHSP Interface Overview",
        "tooltip": {
          "shared": true,
          "sort": 0,
          "value_type": "individual"
        },
        "type": "graph",
        "xaxis": {
          "buckets": null,
          "mode": "time",
          "name": null,
          "show": true,
          "values": []
        },
        "yaxes": [
          {
            "decimals": 0,
            "format": "short",
            "label": "",
            "logBase": 1,
            "max": null,
            "min": null,
            "show": true
          },
          {
            "format": "short",
            "label": null,
            "logBase": 1,
            "max": null,
            "min": null,
            "show": true
          }
        ],
        "yaxis": {
          "align": false,
          "alignLevel": null
        }
      },
      {
        "cacheTimeout": null,
        "colorBackground": true,
        "colorPrefix": false,
        "colorValue": false,
        "colors": [
          "#d44a3a",
          "rgba(237, 129, 40, 0.89)",
          "#299c46"
        ],
        "format": "none",
        "gauge": {
          "maxValue": 100,
          "minValue": 0,
          "show": false,
          "thresholdLabels": false,
          "thresholdMarkers": true
        },
        "gridPos": {
          "h": 2,
          "w": 5,
          "x": 19,
          "y": 0
        },
        "id": 21,
        "interval": null,
        "links": [],
        "mappingType": 1,
        "mappingTypes": [
          {
            "name": "value to text",
            "value": 1
          },
          {
            "name": "range to text",
            "value": 2
          }
        ],
        "maxDataPoints": 100,
        "nullPointMode": "connected",
        "nullText": null,
        "postfix": "",
        "postfixFontSize": "50%",
        "prefix": "",
        "prefixFontSize": "50%",
        "rangeMaps": [
          {
            "from": "null",
            "text": "N/A",
            "to": "null"
          }
        ],
        "sparkline": {
          "fillColor": "rgba(31, 118, 189, 0.18)",
          "full": false,
          "lineColor": "rgb(31, 120, 193)",
          "show": false
        },
        "tableColumn": "",
        "targets": [
          {
            "expr": "probe_success{instance=\"http://172.16.0.73:8181/activemqweb\"}",
            "format": "time_series",
            "instant": true,
            "intervalFactor": 1,
            "legendFormat": "",
            "refId": "A"
          }
        ],
        "thresholds": "0,1",
        "title": "Production Fuse MQ Console",
        "type": "singlestat",
        "valueFontSize": "80%",
        "valueMaps": [
          {
            "op": "=",
            "text": "Offline",
            "value": "null"
          },
          {
            "op": "=",
            "text": "Online",
            "value": "1"
          },
          {
            "op": "=",
            "text": "Offline",
            "value": "0"
          }
        ],
        "valueName": "current"
      },
      {
        "dashboardFilter": "",
        "folderId": null,
        "gridPos": {
          "h": 9,
          "w": 5,
          "x": 19,
          "y": 2
        },
        "id": 13,
        "limit": "6",
        "links": [],
        "nameFilter": "",
        "onlyAlertsOnDashboard": true,
        "repeat": null,
        "show": "current",
        "sortOrder": 3,
        "stateFilter": [
          "ok",
          "alerting"
        ],
        "title": "NHSP Interface Alert History",
        "type": "alertlist"
      },
      {
        "alert": {
          "conditions": [
            {
              "evaluator": {
                "params": [
                  10
                ],
                "type": "gt"
              },
              "operator": {
                "type": "and"
              },
              "query": {
                "params": [
                  "A",
                  "10m",
                  "now"
                ]
              },
              "reducer": {
                "params": [],
                "type": "avg"
              },
              "type": "query"
            }
          ],
          "executionErrorState": "keep_state",
          "frequency": "10m",
          "handler": 1,
          "name": "HealthRoster-StaffBank-InboundHRRequests alert",
          "noDataState": "keep_state",
          "notifications": []
        },
        "aliasColors": {},
        "bars": false,
        "dashLength": 10,
        "dashes": false,
        "fill": 1,
        "gridPos": {
          "h": 5,
          "w": 12,
          "x": 0,
          "y": 11
        },
        "id": 4,
        "legend": {
          "avg": false,
          "current": false,
          "max": false,
          "min": false,
          "show": true,
          "total": false,
          "values": false
        },
        "lines": true,
        "linewidth": 1,
        "links": [],
        "nullPointMode": "connected",
        "paceLength": 10,
        "percentage": false,
        "pointradius": 5,
        "points": false,
        "renderer": "flot",
        "seriesOverrides": [],
        "spaceLength": 10,
        "stack": false,
        "steppedLine": false,
        "targets": [
          {
            "expr": "NHSP_HealthRoster_StaffBank_InboundHRRequests_size{ESB=~\"$environment\"}",
            "format": "time_series",
            "instant": false,
            "interval": "",
            "intervalFactor": 10,
            "legendFormat": "{{environment}} - ({{ESB}})",
            "refId": "A"
          }
        ],
        "thresholds": [
          {
            "colorMode": "critical",
            "fill": true,
            "line": true,
            "op": "gt",
            "value": 10
          }
        ],
        "timeFrom": null,
        "timeRegions": [],
        "timeShift": null,
        "title": "HealthRoster-StaffBank-InboundHRRequests",
        "tooltip": {
          "shared": true,
          "sort": 0,
          "value_type": "individual"
        },
        "type": "graph",
        "xaxis": {
          "buckets": null,
          "mode": "time",
          "name": null,
          "show": true,
          "values": []
        },
        "yaxes": [
          {
            "decimals": 0,
            "format": "none",
            "label": "",
            "logBase": 1,
            "max": null,
            "min": null,
            "show": true
          },
          {
            "format": "short",
            "label": null,
            "logBase": 1,
            "max": null,
            "min": null,
            "show": true
          }
        ],
        "yaxis": {
          "align": false,
          "alignLevel": null
        }
      },
      {
        "alert": {
          "conditions": [
            {
              "evaluator": {
                "params": [
                  10
                ],
                "type": "gt"
              },
              "operator": {
                "type": "and"
              },
              "query": {
                "params": [
                  "A",
                  "1m",
                  "now"
                ]
              },
              "reducer": {
                "params": [],
                "type": "count"
              },
              "type": "query"
            }
          ],
          "executionErrorState": "keep_state",
          "frequency": "10m",
          "handler": 1,
          "name": "NHSP-HealthRoster-StaffBank-Inbound alert",
          "noDataState": "keep_state",
          "notifications": []
        },
        "aliasColors": {},
        "bars": false,
        "dashLength": 10,
        "dashes": false,
        "fill": 1,
        "gridPos": {
          "h": 5,
          "w": 12,
          "x": 12,
          "y": 11
        },
        "id": 3,
        "legend": {
          "avg": false,
          "current": false,
          "max": false,
          "min": false,
          "show": true,
          "total": false,
          "values": false
        },
        "lines": true,
        "linewidth": 1,
        "links": [],
        "nullPointMode": "connected",
        "paceLength": 10,
        "percentage": false,
        "pointradius": 5,
        "points": false,
        "renderer": "flot",
        "seriesOverrides": [],
        "spaceLength": 10,
        "stack": false,
        "steppedLine": false,
        "targets": [
          {
            "expr": "NHSP_HealthRoster_StaffBank_Inbound_size{ESB=~\"$environment\"}",
            "format": "time_series",
            "instant": false,
            "interval": "",
            "intervalFactor": 1,
            "legendFormat": "{{environment}} - ({{ESB}})",
            "refId": "A"
          }
        ],
        "thresholds": [
          {
            "colorMode": "critical",
            "fill": true,
            "line": true,
            "op": "gt",
            "value": 10
          }
        ],
        "timeFrom": null,
        "timeRegions": [],
        "timeShift": null,
        "title": "NHSP-HealthRoster-StaffBank-Inbound",
        "tooltip": {
          "shared": true,
          "sort": 0,
          "value_type": "individual"
        },
        "type": "graph",
        "xaxis": {
          "buckets": null,
          "mode": "time",
          "name": null,
          "show": true,
          "values": []
        },
        "yaxes": [
          {
            "decimals": 0,
            "format": "short",
            "label": "",
            "logBase": 1,
            "max": null,
            "min": null,
            "show": true
          },
          {
            "format": "short",
            "label": null,
            "logBase": 1,
            "max": null,
            "min": null,
            "show": true
          }
        ],
        "yaxis": {
          "align": false,
          "alignLevel": null
        }
      },
      {
        "alert": {
          "conditions": [
            {
              "evaluator": {
                "params": [
                  10000
                ],
                "type": "gt"
              },
              "operator": {
                "type": "and"
              },
              "query": {
                "params": [
                  "A",
                  "20m",
                  "now"
                ]
              },
              "reducer": {
                "params": [],
                "type": "count"
              },
              "type": "query"
            }
          ],
          "executionErrorState": "keep_state",
          "frequency": "60s",
          "handler": 1,
          "name": "NHSP API-Logging Alert",
          "noDataState": "keep_state",
          "notifications": []
        },
        "aliasColors": {},
        "bars": false,
        "dashLength": 10,
        "dashes": false,
        "fill": 1,
        "gridPos": {
          "h": 5,
          "w": 12,
          "x": 0,
          "y": 16
        },
        "id": 2,
        "legend": {
          "avg": false,
          "current": false,
          "max": false,
          "min": false,
          "show": true,
          "total": false,
          "values": false
        },
        "lines": true,
        "linewidth": 1,
        "links": [],
        "nullPointMode": "connected",
        "paceLength": 10,
        "percentage": false,
        "pointradius": 5,
        "points": false,
        "renderer": "flot",
        "seriesOverrides": [],
        "spaceLength": 10,
        "stack": true,
        "steppedLine": false,
        "targets": [
          {
            "expr": "NHSP_API_Logging_size{ESB=~\"$environment\"}",
            "format": "time_series",
            "interval": "",
            "intervalFactor": 1,
            "legendFormat": "{{environment}} - ({{ESB}})",
            "refId": "A"
          }
        ],
        "thresholds": [
          {
            "colorMode": "critical",
            "fill": true,
            "line": true,
            "op": "gt",
            "value": 10000
          }
        ],
        "timeFrom": null,
        "timeRegions": [],
        "timeShift": null,
        "title": "NHSP API-Logging",
        "tooltip": {
          "shared": true,
          "sort": 0,
          "value_type": "individual"
        },
        "type": "graph",
        "xaxis": {
          "buckets": null,
          "mode": "time",
          "name": null,
          "show": true,
          "values": []
        },
        "yaxes": [
          {
            "decimals": 0,
            "format": "short",
            "label": "",
            "logBase": 1,
            "max": null,
            "min": null,
            "show": true
          },
          {
            "decimals": 0,
            "format": "short",
            "label": "",
            "logBase": 1,
            "max": null,
            "min": null,
            "show": true
          }
        ],
        "yaxis": {
          "align": false,
          "alignLevel": null
        }
      },
      {
        "alert": {
          "conditions": [
            {
              "evaluator": {
                "params": [
                  10
                ],
                "type": "gt"
              },
              "operator": {
                "type": "and"
              },
              "query": {
                "params": [
                  "A",
                  "10m",
                  "now"
                ]
              },
              "reducer": {
                "params": [],
                "type": "avg"
              },
              "type": "query"
            }
          ],
          "executionErrorState": "keep_state",
          "frequency": "60s",
          "handler": 1,
          "name": "HealthRoster-StaffBank-Outbound alert",
          "noDataState": "keep_state",
          "notifications": []
        },
        "aliasColors": {},
        "bars": false,
        "dashLength": 10,
        "dashes": false,
        "fill": 1,
        "gridPos": {
          "h": 5,
          "w": 12,
          "x": 12,
          "y": 16
        },
        "id": 5,
        "legend": {
          "avg": false,
          "current": false,
          "hideEmpty": false,
          "hideZero": false,
          "max": false,
          "min": false,
          "rightSide": false,
          "show": true,
          "total": false,
          "values": false
        },
        "lines": true,
        "linewidth": 1,
        "links": [],
        "nullPointMode": "connected",
        "paceLength": 10,
        "percentage": false,
        "pointradius": 5,
        "points": false,
        "renderer": "flot",
        "seriesOverrides": [],
        "spaceLength": 10,
        "stack": false,
        "steppedLine": false,
        "targets": [
          {
            "expr": "NHSP_HealthRoster_StaffBank_Outbound_size{ESB=~\"$environment\"}",
            "format": "time_series",
            "interval": "",
            "intervalFactor": 1,
            "legendFormat": "{{environment}} - ({{ESB}})",
            "refId": "A"
          }
        ],
        "thresholds": [
          {
            "colorMode": "critical",
            "fill": true,
            "line": true,
            "op": "gt",
            "value": 10
          }
        ],
        "timeFrom": null,
        "timeRegions": [],
        "timeShift": null,
        "title": "HealthRoster-StaffBank-Outbound",
        "tooltip": {
          "shared": true,
          "sort": 0,
          "value_type": "individual"
        },
        "type": "graph",
        "xaxis": {
          "buckets": null,
          "mode": "time",
          "name": null,
          "show": true,
          "values": []
        },
        "yaxes": [
          {
            "decimals": 0,
            "format": "short",
            "label": null,
            "logBase": 1,
            "max": null,
            "min": "0",
            "show": true
          },
          {
            "format": "short",
            "label": null,
            "logBase": 1,
            "max": null,
            "min": null,
            "show": true
          }
        ],
        "yaxis": {
          "align": false,
          "alignLevel": null
        }
      },
      {
        "alert": {
          "conditions": [
            {
              "evaluator": {
                "params": [
                  10
                ],
                "type": "gt"
              },
              "operator": {
                "type": "and"
              },
              "query": {
                "params": [
                  "A",
                  "10m",
                  "now"
                ]
              },
              "reducer": {
                "params": [],
                "type": "avg"
              },
              "type": "query"
            }
          ],
          "executionErrorState": "keep_state",
          "frequency": "60s",
          "handler": 1,
          "name": "HRNHSP-HRSB-SBInterfaceEndPointOut alert",
          "noDataState": "keep_state",
          "notifications": []
        },
        "aliasColors": {},
        "bars": false,
        "dashLength": 10,
        "dashes": false,
        "fill": 1,
        "gridPos": {
          "h": 5,
          "w": 12,
          "x": 0,
          "y": 21
        },
        "id": 6,
        "legend": {
          "avg": false,
          "current": false,
          "hideEmpty": false,
          "hideZero": false,
          "max": false,
          "min": false,
          "rightSide": false,
          "show": true,
          "total": false,
          "values": false
        },
        "lines": true,
        "linewidth": 1,
        "links": [],
        "nullPointMode": "connected",
        "paceLength": 10,
        "percentage": false,
        "pointradius": 5,
        "points": false,
        "renderer": "flot",
        "seriesOverrides": [],
        "spaceLength": 10,
        "stack": false,
        "steppedLine": false,
        "targets": [
          {
            "expr": "NHSP_HRNHSP_HRSB_SBInterfaceEndPointOut_size{ESB=~\"$environment\"}",
            "format": "time_series",
            "interval": "",
            "intervalFactor": 1,
            "legendFormat": "{{environment}} - ({{ESB}})",
            "refId": "A"
          }
        ],
        "thresholds": [
          {
            "colorMode": "critical",
            "fill": true,
            "line": true,
            "op": "gt",
            "value": 10
          }
        ],
        "timeFrom": null,
        "timeRegions": [],
        "timeShift": null,
        "title": "HRNHSP-HRSB-SBInterfaceEndPointOut",
        "tooltip": {
          "shared": true,
          "sort": 0,
          "value_type": "individual"
        },
        "type": "graph",
        "xaxis": {
          "buckets": null,
          "mode": "time",
          "name": null,
          "show": true,
          "values": []
        },
        "yaxes": [
          {
            "decimals": 0,
            "format": "short",
            "label": "",
            "logBase": 1,
            "max": null,
            "min": "0",
            "show": true
          },
          {
            "format": "short",
            "label": null,
            "logBase": 1,
            "max": null,
            "min": null,
            "show": true
          }
        ],
        "yaxis": {
          "align": false,
          "alignLevel": null
        }
      },
      {
        "alert": {
          "conditions": [
            {
              "evaluator": {
                "params": [
                  10
                ],
                "type": "gt"
              },
              "operator": {
                "type": "and"
              },
              "query": {
                "params": [
                  "A",
                  "10m",
                  "now"
                ]
              },
              "reducer": {
                "params": [],
                "type": "avg"
              },
              "type": "query"
            }
          ],
          "executionErrorState": "keep_state",
          "frequency": "60s",
          "handler": 1,
          "name": "NHSP-StaffBank-HealthRoster-Outbound alert",
          "noDataState": "keep_state",
          "notifications": []
        },
        "aliasColors": {},
        "bars": false,
        "dashLength": 10,
        "dashes": false,
        "fill": 1,
        "gridPos": {
          "h": 5,
          "w": 12,
          "x": 12,
          "y": 21
        },
        "id": 11,
        "legend": {
          "avg": false,
          "current": false,
          "hideEmpty": false,
          "hideZero": false,
          "max": false,
          "min": false,
          "rightSide": false,
          "show": true,
          "total": false,
          "values": false
        },
        "lines": true,
        "linewidth": 1,
        "links": [],
        "nullPointMode": "connected",
        "paceLength": 10,
        "percentage": false,
        "pointradius": 5,
        "points": false,
        "renderer": "flot",
        "seriesOverrides": [],
        "spaceLength": 10,
        "stack": false,
        "steppedLine": false,
        "targets": [
          {
            "expr": "NHSP_StaffBank_HealthRoster_Outbound_size{ESB=~\"$environment\"}\r\n",
            "format": "time_series",
            "interval": "",
            "intervalFactor": 1,
            "legendFormat": "{{environment}} - ({{ESB}})",
            "refId": "A"
          }
        ],
        "thresholds": [
          {
            "colorMode": "critical",
            "fill": true,
            "line": true,
            "op": "gt",
            "value": 10
          }
        ],
        "timeFrom": null,
        "timeRegions": [],
        "timeShift": null,
        "title": "NHSP-StaffBank-HealthRoster-Outbound",
        "tooltip": {
          "shared": true,
          "sort": 0,
          "value_type": "individual"
        },
        "type": "graph",
        "xaxis": {
          "buckets": null,
          "mode": "time",
          "name": null,
          "show": true,
          "values": []
        },
        "yaxes": [
          {
            "decimals": 0,
            "format": "short",
            "label": null,
            "logBase": 1,
            "max": null,
            "min": null,
            "show": true
          },
          {
            "format": "short",
            "label": null,
            "logBase": 1,
            "max": null,
            "min": null,
            "show": true
          }
        ],
        "yaxis": {
          "align": false,
          "alignLevel": null
        }
      },
      {
        "alert": {
          "conditions": [
            {
              "evaluator": {
                "params": [
                  10
                ],
                "type": "gt"
              },
              "operator": {
                "type": "and"
              },
              "query": {
                "params": [
                  "A",
                  "10m",
                  "now"
                ]
              },
              "reducer": {
                "params": [],
                "type": "avg"
              },
              "type": "query"
            }
          ],
          "executionErrorState": "keep_state",
          "frequency": "60s",
          "handler": 1,
          "name": "NHSP-StaffBank-HealthRoster-Inbound alert",
          "noDataState": "keep_state",
          "notifications": []
        },
        "aliasColors": {},
        "bars": false,
        "dashLength": 10,
        "dashes": false,
        "fill": 1,
        "gridPos": {
          "h": 5,
          "w": 12,
          "x": 0,
          "y": 26
        },
        "id": 8,
        "legend": {
          "avg": false,
          "current": false,
          "hideEmpty": false,
          "hideZero": false,
          "max": false,
          "min": false,
          "rightSide": false,
          "show": true,
          "total": false,
          "values": false
        },
        "lines": true,
        "linewidth": 1,
        "links": [],
        "nullPointMode": "connected",
        "paceLength": 10,
        "percentage": false,
        "pointradius": 5,
        "points": false,
        "renderer": "flot",
        "seriesOverrides": [],
        "spaceLength": 10,
        "stack": false,
        "steppedLine": false,
        "targets": [
          {
            "expr": "NHSP_HealthRoster_StaffBank_Inbound_size{ESB=~\"$environment\"}",
            "format": "time_series",
            "interval": "",
            "intervalFactor": 10,
            "legendFormat": "{{environment}} - ({{ESB}})",
            "refId": "A"
          }
        ],
        "thresholds": [
          {
            "colorMode": "critical",
            "fill": true,
            "line": true,
            "op": "gt",
            "value": 10
          }
        ],
        "timeFrom": null,
        "timeRegions": [],
        "timeShift": null,
        "title": "NHSP-StaffBank-HealthRoster-Inbound",
        "tooltip": {
          "shared": true,
          "sort": 0,
          "value_type": "individual"
        },
        "type": "graph",
        "xaxis": {
          "buckets": null,
          "mode": "time",
          "name": null,
          "show": true,
          "values": []
        },
        "yaxes": [
          {
            "decimals": 0,
            "format": "short",
            "label": null,
            "logBase": 1,
            "max": null,
            "min": null,
            "show": true
          },
          {
            "format": "short",
            "label": null,
            "logBase": 1,
            "max": null,
            "min": null,
            "show": true
          }
        ],
        "yaxis": {
          "align": false,
          "alignLevel": null
        }
      },
      {
        "alert": {
          "conditions": [
            {
              "evaluator": {
                "params": [
                  10
                ],
                "type": "gt"
              },
              "operator": {
                "type": "and"
              },
              "query": {
                "params": [
                  "A",
                  "10m",
                  "now"
                ]
              },
              "reducer": {
                "params": [],
                "type": "avg"
              },
              "type": "query"
            }
          ],
          "executionErrorState": "keep_state",
          "frequency": "60s",
          "handler": 1,
          "message": "NHSP queue alert",
          "name": "NHSP-HRNHSP-SBHR-HRRestletEndPointOut alert",
          "noDataState": "keep_state",
          "notifications": []
        },
        "aliasColors": {},
        "bars": false,
        "dashLength": 10,
        "dashes": false,
        "fill": 1,
        "gridPos": {
          "h": 5,
          "w": 12,
          "x": 12,
          "y": 26
        },
        "id": 7,
        "legend": {
          "avg": false,
          "current": false,
          "hideEmpty": false,
          "hideZero": false,
          "max": false,
          "min": false,
          "rightSide": false,
          "show": true,
          "total": false,
          "values": false
        },
        "lines": true,
        "linewidth": 1,
        "links": [],
        "nullPointMode": "connected",
        "paceLength": 10,
        "percentage": false,
        "pointradius": 5,
        "points": false,
        "renderer": "flot",
        "seriesOverrides": [],
        "spaceLength": 10,
        "stack": false,
        "steppedLine": false,
        "targets": [
          {
            "expr": "NHSP_HRNHSP_SBHR_HRRestletEndPointOut_size{ESB=~\"$environment\"}",
            "format": "time_series",
            "interval": "",
            "intervalFactor": 1,
            "legendFormat": "{{environment}} - ({{ESB}})",
            "refId": "A"
          }
        ],
        "thresholds": [
          {
            "colorMode": "critical",
            "fill": true,
            "line": true,
            "op": "gt",
            "value": 10
          }
        ],
        "timeFrom": null,
        "timeRegions": [],
        "timeShift": null,
        "title": "NHSP-HRNHSP-SBHR-HRRestletEndPointOut",
        "tooltip": {
          "shared": true,
          "sort": 0,
          "value_type": "individual"
        },
        "type": "graph",
        "xaxis": {
          "buckets": null,
          "mode": "time",
          "name": null,
          "show": true,
          "values": []
        },
        "yaxes": [
          {
            "decimals": 0,
            "format": "short",
            "label": null,
            "logBase": 1,
            "max": null,
            "min": null,
            "show": true
          },
          {
            "format": "short",
            "label": null,
            "logBase": 1,
            "max": null,
            "min": null,
            "show": true
          }
        ],
        "yaxis": {
          "align": false,
          "alignLevel": null
        }
      },
      {
        "aliasColors": {},
        "bars": false,
        "dashLength": 10,
        "dashes": false,
        "fill": 1,
        "gridPos": {
          "h": 8,
          "w": 24,
          "x": 0,
          "y": 31
        },
        "id": 19,
        "legend": {
          "avg": false,
          "current": false,
          "max": false,
          "min": false,
          "show": true,
          "total": false,
          "values": false
        },
        "lines": true,
        "linewidth": 1,
        "links": [],
        "nullPointMode": "connected",
        "paceLength": 10,
        "percentage": false,
        "pointradius": 5,
        "points": false,
        "renderer": "flot",
        "seriesOverrides": [],
        "spaceLength": 10,
        "stack": false,
        "steppedLine": false,
        "targets": [
          {
            "expr": "avg by (process) (wmi_process_working_set{instance=\"UKASESBPRD01.Allocate-Cloud.com\",process=~\"java*\"})",
            "format": "time_series",
            "interval": "",
            "intervalFactor": 1,
            "legendFormat": "{{process}}",
            "refId": "A"
          }
        ],
        "thresholds": [],
        "timeFrom": null,
        "timeRegions": [],
        "timeShift": null,
        "title": "Java Memory Usage (Production)",
        "tooltip": {
          "shared": true,
          "sort": 0,
          "value_type": "individual"
        },
        "type": "graph",
        "xaxis": {
          "buckets": null,
          "mode": "time",
          "name": null,
          "show": true,
          "values": []
        },
        "yaxes": [
          {
            "format": "decbytes",
            "label": null,
            "logBase": 1,
            "max": null,
            "min": null,
            "show": true
          },
          {
            "format": "short",
            "label": null,
            "logBase": 1,
            "max": null,
            "min": null,
            "show": true
          }
        ],
        "yaxis": {
          "align": false,
          "alignLevel": null
        }
      },
      {
        "cards": {
          "cardPadding": null,
          "cardRound": null
        },
        "color": {
          "cardColor": "#705da0",
          "colorScale": "sqrt",
          "colorScheme": "interpolateOranges",
          "exponent": 0.5,
          "min": null,
          "mode": "spectrum"
        },
        "dataFormat": "timeseries",
        "gridPos": {
          "h": 9,
          "w": 12,
          "x": 0,
          "y": 39
        },
        "heatmap": {},
        "highlightCards": true,
        "id": 15,
        "legend": {
          "show": true
        },
        "links": [],
        "targets": [
          {
            "expr": "max(wmi_textfile_nhsp_response)",
            "format": "heatmap",
            "intervalFactor": 1,
            "refId": "A"
          }
        ],
        "title": "NHSP  API Response Times (Production)",
        "tooltip": {
          "show": true,
          "showHistogram": true
        },
        "type": "heatmap",
        "xAxis": {
          "show": true
        },
        "xBucketNumber": null,
        "xBucketSize": null,
        "yAxis": {
          "decimals": null,
          "format": "ms",
          "logBase": 1,
          "max": null,
          "min": null,
          "show": true,
          "splitFactor": null
        },
        "yBucketBound": "auto",
        "yBucketNumber": null,
        "yBucketSize": null
      },
      {
        "columns": [],
        "fontSize": "100%",
        "gridPos": {
          "h": 9,
          "w": 12,
          "x": 12,
          "y": 39
        },
        "id": 17,
        "links": [],
        "pageSize": null,
        "scroll": true,
        "showHeader": true,
        "sort": {
          "col": 0,
          "desc": true
        },
        "styles": [
          {
            "alias": "Time",
            "dateFormat": "MMMM D, YYYY LT",
            "pattern": "Time",
            "type": "date"
          },
          {
            "alias": "",
            "colorMode": "cell",
            "colors": [
              "rgba(50, 172, 45, 0.97)",
              "rgba(237, 129, 40, 0.89)",
              "rgba(245, 54, 54, 0.9)"
            ],
            "dateFormat": "YYYY-MM-DD HH:mm:ss",
            "decimals": 2,
            "link": false,
            "mappingType": 1,
            "pattern": "Value",
            "thresholds": [
              "5000",
              "10000"
            ],
            "type": "number",
            "unit": "ms"
          },
          {
            "alias": "",
            "colorMode": null,
            "colors": [
              "rgba(245, 54, 54, 0.9)",
              "rgba(237, 129, 40, 0.89)",
              "rgba(50, 172, 45, 0.97)"
            ],
            "dateFormat": "YYYY-MM-DD HH:mm:ss",
            "decimals": 2,
            "mappingType": 1,
            "pattern": "job",
            "thresholds": [],
            "type": "hidden",
            "unit": "short"
          },
          {
            "alias": "",
            "colorMode": null,
            "colors": [
              "rgba(245, 54, 54, 0.9)",
              "rgba(237, 129, 40, 0.89)",
              "rgba(50, 172, 45, 0.97)"
            ],
            "dateFormat": "YYYY-MM-DD HH:mm:ss",
            "decimals": 2,
            "mappingType": 1,
            "pattern": "region",
            "thresholds": [],
            "type": "hidden",
            "unit": "short"
          },
          {
            "alias": "",
            "colorMode": null,
            "colors": [
              "rgba(245, 54, 54, 0.9)",
              "rgba(237, 129, 40, 0.89)",
              "rgba(50, 172, 45, 0.97)"
            ],
            "dateFormat": "YYYY-MM-DD HH:mm:ss",
            "decimals": 2,
            "mappingType": 1,
            "pattern": "__name__",
            "thresholds": [],
            "type": "hidden",
            "unit": "short"
          },
          {
            "alias": "",
            "colorMode": null,
            "colors": [
              "rgba(245, 54, 54, 0.9)",
              "rgba(237, 129, 40, 0.89)",
              "rgba(50, 172, 45, 0.97)"
            ],
            "decimals": 2,
            "pattern": "/.*/",
            "thresholds": [],
            "type": "number",
            "unit": "short"
          }
        ],
        "targets": [
          {
            "expr": "wmi_textfile_nhsp_response",
            "format": "table",
            "instant": false,
            "intervalFactor": 1,
            "refId": "A"
          }
        ],
        "title": "NHSP API Response Times (Production)",
        "transform": "table",
        "type": "table"
      }
    ],
    "refresh": "5s",
    "schemaVersion": 18,
    "style": "dark",
    "tags": [],
    "templating": {
      "list": [
        {
          "allValue": null,
          "current": {
            "selected": true,
            "text": "Live",
            "value": "Live"
          },
          "datasource": "Prometheus",
          "definition": "label_values(NHSP_API_Logging_consumerCount, ESB)",
          "hide": 0,
          "includeAll": false,
          "label": "Environment",
          "multi": false,
          "name": "environment",
          "options": [],
          "query": "label_values(NHSP_API_Logging_consumerCount, ESB)",
          "refresh": 1,
          "regex": "",
          "skipUrlSync": false,
          "sort": 1,
          "tagValuesQuery": "",
          "tags": [],
          "tagsQuery": "",
          "type": "query",
          "useTags": false
        }
      ]
    },
    "time": {
      "from": "now-6h",
      "to": "now"
    },
    "timepicker": {
      "refresh_intervals": [
        "5s",
        "10s",
        "30s",
        "1m",
        "5m",
        "15m",
        "30m",
        "1h",
        "2h",
        "1d"
      ],
      "time_options": [
        "5m",
        "15m",
        "1h",
        "6h",
        "12h",
        "24h",
        "2d",
        "7d",
        "30d"
      ]
    },
    "timezone": "",
    "title": "NHSP Interface Queue Dashboard",
    "uid": "x3IqXaezk"
  }
}
