{
  "meta": {
    "type": "db",
    "canSave": true,
    "canEdit": true,
    "canAdmin": true,
    "canStar": true,
    "slug": "nm-draft-canary-processing-time",
    "url": "/d/hCXjFqBik/nm-draft-canary-processing-time",
    "hasAcl": false,
    "isFolder": false,
    "folderId": 81,
    "folderTitle": "Draft",
    "folderUrl": "/dashboards/f/oacl5PJik/draft",
    "provisioned": false
  },
  "dashboard": {
    "annotations": {
      "list": [
        {
          "builtIn": 1,
          "datasource": "-- Grafana --",
          "enable": true,
          "hide": true,
          "iconColor": "rgba(0, 211, 255, 1)",
          "name": "Annotations & Alerts",
          "type": "dashboard"
        }
      ]
    },
    "editable": true,
    "gnetId": null,
    "graphTooltip": 0,
    "id": 97,
    "links": [],
    "panels": [
      {
        "collapsed": false,
        "gridPos": {
          "h": 1,
          "w": 24,
          "x": 0,
          "y": 0
        },
        "id": 7,
        "panels": [],
        "title": "Row title",
        "type": "row"
      },
      {
        "cards": {
          "cardPadding": null,
          "cardRound": null
        },
        "color": {
          "cardColor": "#b4ff00",
          "colorScale": "sqrt",
          "colorScheme": "interpolateOranges",
          "exponent": 0.5,
          "max": null,
          "min": null,
          "mode": "spectrum"
        },
        "dataFormat": "timeseries",
        "datasource": "Prometheus",
        "gridPos": {
          "h": 9,
          "w": 24,
          "x": 0,
          "y": 1
        },
        "heatmap": {},
        "highlightCards": true,
        "id": 2,
        "legend": {
          "show": true
        },
        "links": [],
        "targets": [
          {
            "expr": "max(canary_processingtime)",
            "format": "heatmap",
            "hide": false,
            "intervalFactor": 1,
            "legendFormat": "",
            "refId": "A"
          }
        ],
        "title": "Canary Processing Times",
        "tooltip": {
          "show": true,
          "showHistogram": true
        },
        "transparent": false,
        "type": "heatmap",
        "xAxis": {
          "show": true
        },
        "xBucketNumber": null,
        "xBucketSize": null,
        "yAxis": {
          "decimals": null,
          "format": "ms",
          "logBase": 1,
          "max": null,
          "min": null,
          "show": true,
          "splitFactor": null
        },
        "yBucketBound": "auto",
        "yBucketNumber": null,
        "yBucketSize": null
      },
      {
        "columns": [],
        "datasource": null,
        "fontSize": "100%",
        "gridPos": {
          "h": 10,
          "w": 24,
          "x": 0,
          "y": 10
        },
        "id": 9,
        "links": [],
        "pageSize": null,
        "scroll": true,
        "showHeader": true,
        "sort": {
          "col": 9,
          "desc": true
        },
        "styles": [
          {
            "alias": "Time",
            "dateFormat": "YYYY-MM-DD HH:mm:ss",
            "pattern": "Time",
            "type": "date"
          },
          {
            "alias": "",
            "colorMode": "cell",
            "colors": [
              "rgba(50, 172, 45, 0.97)",
              "rgba(237, 129, 40, 0.89)",
              "rgba(245, 54, 54, 0.9)"
            ],
            "dateFormat": "YYYY-MM-DD HH:mm:ss",
            "decimals": 2,
            "mappingType": 1,
            "pattern": "Value",
            "thresholds": [
              "2",
              "5"
            ],
            "type": "number",
            "unit": "ms"
          },
          {
            "alias": "",
            "colorMode": null,
            "colors": [
              "rgba(245, 54, 54, 0.9)",
              "rgba(237, 129, 40, 0.89)",
              "rgba(50, 172, 45, 0.97)"
            ],
            "decimals": 2,
            "pattern": "/.*/",
            "thresholds": [],
            "type": "number",
            "unit": "short"
          }
        ],
        "targets": [
          {
            "expr": "canary_processingtime",
            "format": "table",
            "instant": false,
            "intervalFactor": 1,
            "legendFormat": "",
            "refId": "A"
          }
        ],
        "title": "Panel Title",
        "transform": "table",
        "type": "table"
      }
    ],
    "refresh": false,
    "schemaVersion": 16,
    "style": "dark",
    "tags": [],
    "templating": {
      "list": []
    },
    "time": {
      "from": "now-15m",
      "to": "now"
    },
    "timepicker": {
      "refresh_intervals": [
        "5s",
        "10s",
        "30s",
        "1m",
        "5m",
        "15m",
        "30m",
        "1h",
        "2h",
        "1d"
      ],
      "time_options": [
        "5m",
        "15m",
        "1h",
        "6h",
        "12h",
        "24h",
        "2d",
        "7d",
        "30d"
      ]
    },
    "timezone": "",
    "title": "[nm] draft canary processing time",
    "uid": "hCXjFqBik"
  }
}
