{
  "meta": {
    "type": "db",
    "canSave": true,
    "canEdit": true,
    "canAdmin": true,
    "canStar": true,
    "slug": "proof-of-life-dashboard",
    "url": "/d/BT2CeWXmk/proof-of-life-dashboard",
    "hasAcl": false,
    "isFolder": false,
    "folderId": 84,
    "folderTitle": "Allocate Products",
    "folderUrl": "/dashboards/f/zSnZt4xmz/allocate-products",
    "provisioned": false
  },
  "dashboard": {
    "annotations": {
      "list": [
        {
          "builtIn": 1,
          "datasource": "-- Grafana --",
          "enable": true,
          "hide": true,
          "iconColor": "rgba(0, 211, 255, 1)",
          "name": "Annotations & Alerts",
          "type": "dashboard"
        }
      ]
    },
    "editable": true,
    "gnetId": null,
    "graphTooltip": 2,
    "id": 121,
    "iteration": 1549992875568,
    "links": [],
    "panels": [
      {
        "collapsed": false,
        "gridPos": {
          "h": 1,
          "w": 24,
          "x": 0,
          "y": 0
        },
        "id": 99,
        "panels": [],
        "title": "Active Alerts",
        "type": "row"
      },
      {
        "cacheTimeout": null,
        "colorBackground": true,
        "colorValue": false,
        "colors": [
          "#299c46",
          "rgba(237, 129, 40, 0.89)",
          "#e24d42"
        ],
        "datasource": "Prometheus AlertManager",
        "format": "none",
        "gauge": {
          "maxValue": 100,
          "minValue": 0,
          "show": false,
          "thresholdLabels": false,
          "thresholdMarkers": true
        },
        "gridPos": {
          "h": 6,
          "w": 8,
          "x": 0,
          "y": 1
        },
        "id": 91,
        "interval": null,
        "links": [],
        "mappingType": 1,
        "mappingTypes": [
          {
            "name": "value to text",
            "value": 1
          },
          {
            "name": "range to text",
            "value": 2
          }
        ],
        "maxDataPoints": 100,
        "nullPointMode": "connected",
        "nullText": null,
        "postfix": "",
        "postfixFontSize": "50%",
        "prefix": "",
        "prefixFontSize": "50%",
        "rangeMaps": [
          {
            "from": "null",
            "text": "N/A",
            "to": "null"
          }
        ],
        "sparkline": {
          "fillColor": "rgba(31, 118, 189, 0.18)",
          "full": false,
          "lineColor": "rgb(31, 120, 193)",
          "show": false
        },
        "tableColumn": "__name__",
        "targets": [
          {
            "annotations": false,
            "expr": "{instance=~\"$application\",severity=\"critical\"}",
            "format": "table",
            "instant": false,
            "intervalFactor": 2,
            "labelSelector": "*",
            "legendFormat": "",
            "refId": "A",
            "target": "Query",
            "type": "timeserie"
          }
        ],
        "thresholds": "1,3",
        "timeFrom": null,
        "title": "Critical Alerts",
        "type": "singlestat",
        "valueFontSize": "80%",
        "valueMaps": [
          {
            "op": "=",
            "text": "N/A",
            "value": "null"
          }
        ],
        "valueName": "current"
      },
      {
        "cacheTimeout": null,
        "colorBackground": true,
        "colorValue": false,
        "colors": [
          "#299c46",
          "rgba(237, 129, 40, 0.89)",
          "#e24d42"
        ],
        "datasource": "Prometheus AlertManager",
        "format": "none",
        "gauge": {
          "maxValue": 100,
          "minValue": 0,
          "show": false,
          "thresholdLabels": false,
          "thresholdMarkers": true
        },
        "gridPos": {
          "h": 6,
          "w": 8,
          "x": 8,
          "y": 1
        },
        "id": 93,
        "interval": null,
        "links": [],
        "mappingType": 1,
        "mappingTypes": [
          {
            "name": "value to text",
            "value": 1
          },
          {
            "name": "range to text",
            "value": 2
          }
        ],
        "maxDataPoints": 100,
        "nullPointMode": "connected",
        "nullText": null,
        "postfix": "",
        "postfixFontSize": "50%",
        "prefix": "",
        "prefixFontSize": "50%",
        "rangeMaps": [
          {
            "from": "null",
            "text": "N/A",
            "to": "null"
          }
        ],
        "sparkline": {
          "fillColor": "rgba(31, 118, 189, 0.18)",
          "full": false,
          "lineColor": "rgb(31, 120, 193)",
          "show": false
        },
        "tableColumn": "",
        "targets": [
          {
            "annotations": false,
            "expr": "{instance=~\"$applicationserver\",severity=\"warning\"}",
            "format": "time_series",
            "intervalFactor": 2,
            "labelSelector": "*",
            "legendFormat": "",
            "refId": "A",
            "target": "Query",
            "type": "timeserie"
          }
        ],
        "thresholds": "1,3",
        "title": "Warning Alerts",
        "type": "singlestat",
        "valueFontSize": "80%",
        "valueMaps": [
          {
            "op": "=",
            "text": "N/A",
            "value": "null"
          }
        ],
        "valueName": "current"
      },
      {
        "cacheTimeout": null,
        "colorBackground": true,
        "colorValue": false,
        "colors": [
          "#299c46",
          "rgba(237, 129, 40, 0.89)",
          "#e24d42"
        ],
        "datasource": "Prometheus AlertManager",
        "format": "none",
        "gauge": {
          "maxValue": 100,
          "minValue": 0,
          "show": false,
          "thresholdLabels": false,
          "thresholdMarkers": true
        },
        "gridPos": {
          "h": 6,
          "w": 8,
          "x": 16,
          "y": 1
        },
        "id": 95,
        "interval": null,
        "links": [],
        "mappingType": 1,
        "mappingTypes": [
          {
            "name": "value to text",
            "value": 1
          },
          {
            "name": "range to text",
            "value": 2
          }
        ],
        "maxDataPoints": 100,
        "nullPointMode": "connected",
        "nullText": null,
        "postfix": "",
        "postfixFontSize": "50%",
        "prefix": "",
        "prefixFontSize": "50%",
        "rangeMaps": [
          {
            "from": "null",
            "text": "N/A",
            "to": "null"
          }
        ],
        "sparkline": {
          "fillColor": "rgba(31, 118, 189, 0.18)",
          "full": false,
          "lineColor": "rgb(31, 120, 193)",
          "show": false
        },
        "tableColumn": "__name__",
        "targets": [
          {
            "annotations": false,
            "expr": "{instance=~\"$applicationserver\",severity=\"information\"}",
            "format": "table",
            "intervalFactor": 2,
            "labelSelector": "*",
            "legendFormat": "",
            "refId": "A",
            "target": "Query",
            "type": "timeserie"
          }
        ],
        "thresholds": "1,3",
        "title": "Information Alerts",
        "type": "singlestat",
        "valueFontSize": "80%",
        "valueMaps": [
          {
            "op": "=",
            "text": "N/A",
            "value": "null"
          }
        ],
        "valueName": "current"
      },
      {
        "columns": [],
        "datasource": "Prometheus AlertManager",
        "fontSize": "100%",
        "gridPos": {
          "h": 6,
          "w": 24,
          "x": 0,
          "y": 7
        },
        "hideTimeOverride": false,
        "id": 97,
        "links": [],
        "pageSize": 20,
        "scroll": false,
        "showHeader": true,
        "sort": {
          "col": null,
          "desc": false
        },
        "styles": [
          {
            "alias": "",
            "colorMode": null,
            "colors": [
              "rgba(245, 54, 54, 0.9)",
              "rgba(237, 129, 40, 0.89)",
              "rgba(50, 172, 45, 0.97)"
            ],
            "dateFormat": "YYYY-MM-DD HH:mm:ss",
            "decimals": 2,
            "link": false,
            "pattern": "/(__name__|job|state|type)/",
            "thresholds": [],
            "type": "hidden",
            "unit": "short"
          },
          {
            "alias": "",
            "colorMode": null,
            "colors": [
              "rgba(245, 54, 54, 0.9)",
              "rgba(237, 129, 40, 0.89)",
              "rgba(50, 172, 45, 0.97)"
            ],
            "dateFormat": "DD-MM-YY HH:mm",
            "decimals": 2,
            "pattern": "Time",
            "thresholds": [],
            "type": "date",
            "unit": "short"
          },
          {
            "alias": "Alert Name",
            "colorMode": null,
            "colors": [
              "rgba(245, 54, 54, 0.9)",
              "rgba(237, 129, 40, 0.89)",
              "rgba(50, 172, 45, 0.97)"
            ],
            "dateFormat": "YYYY-MM-DD HH:mm:ss",
            "decimals": 2,
            "pattern": "alertname",
            "thresholds": [],
            "type": "number",
            "unit": "short"
          },
          {
            "alias": "Instance Name",
            "colorMode": null,
            "colors": [
              "rgba(245, 54, 54, 0.9)",
              "rgba(237, 129, 40, 0.89)",
              "rgba(50, 172, 45, 0.97)"
            ],
            "dateFormat": "YYYY-MM-DD HH:mm:ss",
            "decimals": 2,
            "link": true,
            "linkTargetBlank": true,
            "linkTooltip": "Detailed View",
            "linkUrl": "https://monitor.allocate-cloud.co.uk/d/000000003/windows-server-overview?refresh=30s&orgId=1&var-interval=5m&var-server=$__cell",
            "pattern": "instance",
            "thresholds": [],
            "type": "hidden",
            "unit": "short"
          },
          {
            "alias": "Application Pool",
            "colorMode": null,
            "colors": [
              "rgba(245, 54, 54, 0.9)",
              "rgba(237, 129, 40, 0.89)",
              "rgba(50, 172, 45, 0.97)"
            ],
            "dateFormat": "YYYY-MM-DD HH:mm:ss",
            "decimals": 2,
            "pattern": "app",
            "thresholds": [],
            "type": "hidden",
            "unit": "short"
          },
          {
            "alias": "Severity",
            "colorMode": "value",
            "colors": [
              "rgba(50, 172, 45, 0.97)",
              "rgba(237, 129, 40, 0.89)",
              "rgba(245, 54, 54, 0.9)"
            ],
            "dateFormat": "YYYY-MM-DD HH:mm:ss",
            "decimals": 2,
            "mappingType": 1,
            "pattern": "severity",
            "thresholds": [
              "2",
              "3"
            ],
            "type": "string",
            "unit": "short",
            "valueMaps": [
              {
                "text": "critical",
                "value": "4"
              },
              {
                "text": "warning",
                "value": "2"
              },
              {
                "text": "info",
                "value": "1"
              }
            ]
          },
          {
            "alias": "Start Mode",
            "colorMode": null,
            "colors": [
              "rgba(245, 54, 54, 0.9)",
              "rgba(237, 129, 40, 0.89)",
              "rgba(50, 172, 45, 0.97)"
            ],
            "dateFormat": "YYYY-MM-DD HH:mm:ss",
            "decimals": 2,
            "pattern": "start_mode",
            "thresholds": [],
            "type": "hidden",
            "unit": "short"
          },
          {
            "alias": "",
            "colorMode": null,
            "colors": [
              "rgba(245, 54, 54, 0.9)",
              "rgba(237, 129, 40, 0.89)",
              "rgba(50, 172, 45, 0.97)"
            ],
            "dateFormat": "YYYY-MM-DD HH:mm:ss",
            "decimals": 2,
            "pattern": "creating_process_id",
            "thresholds": [],
            "type": "hidden",
            "unit": "short"
          },
          {
            "alias": "",
            "colorMode": null,
            "colors": [
              "rgba(245, 54, 54, 0.9)",
              "rgba(237, 129, 40, 0.89)",
              "rgba(50, 172, 45, 0.97)"
            ],
            "dateFormat": "YYYY-MM-DD HH:mm:ss",
            "decimals": 2,
            "pattern": "mode",
            "thresholds": [],
            "type": "hidden",
            "unit": "short"
          },
          {
            "alias": "",
            "colorMode": null,
            "colors": [
              "rgba(245, 54, 54, 0.9)",
              "rgba(237, 129, 40, 0.89)",
              "rgba(50, 172, 45, 0.97)"
            ],
            "dateFormat": "YYYY-MM-DD HH:mm:ss",
            "decimals": 2,
            "pattern": "process",
            "thresholds": [],
            "type": "hidden",
            "unit": "short"
          },
          {
            "alias": "",
            "colorMode": null,
            "colors": [
              "rgba(245, 54, 54, 0.9)",
              "rgba(237, 129, 40, 0.89)",
              "rgba(50, 172, 45, 0.97)"
            ],
            "dateFormat": "YYYY-MM-DD HH:mm:ss",
            "decimals": 2,
            "pattern": "process_id",
            "thresholds": [],
            "type": "hidden",
            "unit": "short"
          },
          {
            "alias": "Service",
            "colorMode": null,
            "colors": [
              "rgba(245, 54, 54, 0.9)",
              "rgba(237, 129, 40, 0.89)",
              "rgba(50, 172, 45, 0.97)"
            ],
            "dateFormat": "YYYY-MM-DD HH:mm:ss",
            "decimals": 2,
            "pattern": "name",
            "thresholds": [],
            "type": "hidden",
            "unit": "short"
          },
          {
            "alias": "Region",
            "colorMode": null,
            "colors": [
              "rgba(245, 54, 54, 0.9)",
              "rgba(237, 129, 40, 0.89)",
              "rgba(50, 172, 45, 0.97)"
            ],
            "dateFormat": "YYYY-MM-DD HH:mm:ss",
            "decimals": 2,
            "mappingType": 1,
            "pattern": "region",
            "thresholds": [],
            "type": "hidden",
            "unit": "short"
          },
          {
            "alias": "",
            "colorMode": null,
            "colors": [
              "rgba(245, 54, 54, 0.9)",
              "rgba(237, 129, 40, 0.89)",
              "rgba(50, 172, 45, 0.97)"
            ],
            "dateFormat": "YYYY-MM-DD HH:mm:ss",
            "decimals": 2,
            "mappingType": 1,
            "pattern": "summary",
            "thresholds": [],
            "type": "hidden",
            "unit": "short"
          },
          {
            "alias": "",
            "colorMode": null,
            "colors": [
              "rgba(245, 54, 54, 0.9)",
              "rgba(237, 129, 40, 0.89)",
              "rgba(50, 172, 45, 0.97)"
            ],
            "dateFormat": "YYYY-MM-DD HH:mm:ss",
            "decimals": 2,
            "mappingType": 1,
            "pattern": "pid",
            "thresholds": [],
            "type": "hidden",
            "unit": "short"
          },
          {
            "alias": "",
            "colorMode": null,
            "colors": [
              "rgba(245, 54, 54, 0.9)",
              "rgba(237, 129, 40, 0.89)",
              "rgba(50, 172, 45, 0.97)"
            ],
            "dateFormat": "YYYY-MM-DD HH:mm:ss",
            "decimals": 2,
            "mappingType": 1,
            "pattern": "volume",
            "thresholds": [],
            "type": "hidden",
            "unit": "short"
          },
          {
            "alias": "",
            "colorMode": null,
            "colors": [
              "rgba(245, 54, 54, 0.9)",
              "rgba(237, 129, 40, 0.89)",
              "rgba(50, 172, 45, 0.97)"
            ],
            "dateFormat": "YYYY-MM-DD HH:mm:ss",
            "decimals": 2,
            "mappingType": 1,
            "pattern": "status_code",
            "thresholds": [],
            "type": "hidden",
            "unit": "short"
          },
          {
            "alias": "",
            "colorMode": null,
            "colors": [
              "rgba(245, 54, 54, 0.9)",
              "rgba(237, 129, 40, 0.89)",
              "rgba(50, 172, 45, 0.97)"
            ],
            "dateFormat": "YYYY-MM-DD HH:mm:ss",
            "decimals": 2,
            "mappingType": 1,
            "pattern": "status",
            "thresholds": [],
            "type": "hidden",
            "unit": "short"
          },
          {
            "alias": "",
            "colorMode": null,
            "colors": [
              "rgba(245, 54, 54, 0.9)",
              "rgba(237, 129, 40, 0.89)",
              "rgba(50, 172, 45, 0.97)"
            ],
            "dateFormat": "YYYY-MM-DD HH:mm:ss",
            "decimals": 2,
            "mappingType": 1,
            "pattern": "device|mountpoint",
            "thresholds": [],
            "type": "hidden",
            "unit": "short"
          },
          {
            "alias": "Description",
            "colorMode": null,
            "colors": [
              "rgba(245, 54, 54, 0.9)",
              "rgba(237, 129, 40, 0.89)",
              "rgba(50, 172, 45, 0.97)"
            ],
            "dateFormat": "YYYY-MM-DD HH:mm:ss",
            "decimals": 2,
            "mappingType": 1,
            "pattern": "description",
            "thresholds": [],
            "type": "number",
            "unit": "short"
          },
          {
            "alias": "",
            "colorMode": null,
            "colors": [
              "rgba(245, 54, 54, 0.9)",
              "rgba(237, 129, 40, 0.89)",
              "rgba(50, 172, 45, 0.97)"
            ],
            "decimals": 2,
            "pattern": "/.*/",
            "thresholds": [],
            "type": "string",
            "unit": "short"
          }
        ],
        "targets": [
          {
            "annotations": false,
            "expr": "instance=~\"$applicationserver\"",
            "format": "table",
            "instant": false,
            "interval": "2s",
            "intervalFactor": 1,
            "labelSelector": "*",
            "legendFormat": "",
            "refId": "A",
            "target": "Query",
            "type": "table"
          }
        ],
        "title": "Active Alerts",
        "transform": "table",
        "transparent": true,
        "type": "table"
      },
      {
        "collapsed": false,
        "gridPos": {
          "h": 1,
          "w": 24,
          "x": 0,
          "y": 13
        },
        "id": 68,
        "panels": [],
        "title": "HealthRoster",
        "type": "row"
      },
      {
        "cacheTimeout": null,
        "columns": [],
        "fontSize": "100%",
        "gridPos": {
          "h": 4,
          "w": 24,
          "x": 0,
          "y": 14
        },
        "hideTimeOverride": false,
        "id": 81,
        "interval": null,
        "links": [],
        "maxDataPoints": 100,
        "pageSize": null,
        "scroll": true,
        "showHeader": true,
        "sort": {
          "col": 0,
          "desc": true
        },
        "styles": [
          {
            "alias": "",
            "colorMode": null,
            "colors": [
              "rgba(245, 54, 54, 0.9)",
              "rgba(237, 129, 40, 0.89)",
              "rgba(50, 172, 45, 0.97)"
            ],
            "dateFormat": "YYYY-MM-DD HH:mm:ss",
            "decimals": 2,
            "mappingType": 1,
            "pattern": "Time|__name__|instance|job|region|state",
            "thresholds": [],
            "type": "hidden",
            "unit": "short"
          },
          {
            "alias": "Result",
            "colorMode": "cell",
            "colors": [
              "rgba(245, 54, 54, 0.9)",
              "rgba(237, 129, 40, 0.89)",
              "rgba(50, 172, 45, 0.97)"
            ],
            "dateFormat": "YYYY-MM-DD HH:mm:ss",
            "decimals": 2,
            "mappingType": 1,
            "pattern": "Value",
            "thresholds": [
              "0",
              "1"
            ],
            "type": "string",
            "unit": "short",
            "valueMaps": [
              {
                "text": "Fail",
                "value": "0"
              },
              {
                "text": "Pass",
                "value": "1"
              }
            ]
          },
          {
            "alias": "Service Name",
            "colorMode": null,
            "colors": [
              "rgba(245, 54, 54, 0.9)",
              "rgba(237, 129, 40, 0.89)",
              "rgba(50, 172, 45, 0.97)"
            ],
            "dateFormat": "YYYY-MM-DD HH:mm:ss",
            "decimals": 2,
            "mappingType": 1,
            "pattern": "name",
            "thresholds": [],
            "type": "number",
            "unit": "short"
          },
          {
            "alias": "",
            "colorMode": null,
            "colors": [
              "rgba(245, 54, 54, 0.9)",
              "rgba(237, 129, 40, 0.89)",
              "rgba(50, 172, 45, 0.97)"
            ],
            "decimals": 2,
            "pattern": "/.*/",
            "thresholds": [],
            "type": "number",
            "unit": "short"
          }
        ],
        "targets": [
          {
            "expr": "wmi_service_state{name=~\"healthroster.*\",instance=\"$applicationserver\",state=\"running\"}",
            "format": "table",
            "instant": true,
            "interval": "",
            "intervalFactor": 1,
            "legendFormat": "",
            "refId": "A"
          }
        ],
        "timeFrom": null,
        "timeShift": null,
        "title": "HealthRoster Service Status",
        "transform": "table",
        "type": "table"
      },
      {
        "columns": [],
        "description": "",
        "fontSize": "100%",
        "gridPos": {
          "h": 11,
          "w": 24,
          "x": 0,
          "y": 18
        },
        "id": 66,
        "links": [],
        "pageSize": null,
        "scroll": true,
        "showHeader": true,
        "sort": {
          "col": 10,
          "desc": false
        },
        "styles": [
          {
            "alias": "Time",
            "dateFormat": "YYYY-MM-DD HH:mm:ss",
            "pattern": "instance|Time|__name__|application|full_name|job|region",
            "type": "hidden"
          },
          {
            "alias": "Component",
            "colorMode": null,
            "colors": [
              "rgba(245, 54, 54, 0.9)",
              "rgba(237, 129, 40, 0.89)",
              "rgba(50, 172, 45, 0.97)"
            ],
            "dateFormat": "YYYY-MM-DD HH:mm:ss",
            "decimals": 2,
            "mappingType": 1,
            "pattern": "key",
            "thresholds": [],
            "type": "number",
            "unit": "short"
          },
          {
            "alias": "Product",
            "colorMode": null,
            "colors": [
              "rgba(245, 54, 54, 0.9)",
              "rgba(237, 129, 40, 0.89)",
              "rgba(50, 172, 45, 0.97)"
            ],
            "dateFormat": "YYYY-MM-DD HH:mm:ss",
            "decimals": 2,
            "mappingType": 1,
            "pattern": "application",
            "thresholds": [],
            "type": "number",
            "unit": "short"
          },
          {
            "alias": "Result",
            "colorMode": "cell",
            "colors": [
              "rgba(245, 54, 54, 0.9)",
              "rgba(237, 129, 40, 0.89)",
              "rgba(50, 172, 45, 0.97)"
            ],
            "decimals": 2,
            "mappingType": 1,
            "pattern": "Value #A",
            "thresholds": [
              "1",
              "1"
            ],
            "type": "string",
            "unit": "short",
            "valueMaps": [
              {
                "text": "Pass",
                "value": "1"
              },
              {
                "text": "",
                "value": ""
              }
            ]
          },
          {
            "alias": "Result",
            "colorMode": "cell",
            "colors": [
              "rgba(50, 172, 45, 0.97)",
              "rgba(237, 129, 40, 0.89)",
              "rgba(245, 54, 54, 0.9)"
            ],
            "dateFormat": "YYYY-MM-DD HH:mm:ss",
            "decimals": 2,
            "mappingType": 1,
            "pattern": "Value #B",
            "thresholds": [
              "1",
              "1"
            ],
            "type": "string",
            "unit": "short",
            "valueMaps": [
              {
                "text": "Fail",
                "value": "1"
              }
            ]
          },
          {
            "alias": "Not Configured",
            "colorMode": "cell",
            "colors": [
              "rgba(50, 172, 45, 0.97)",
              "rgba(237, 129, 40, 0.89)",
              "rgba(237, 129, 40, 0.89)"
            ],
            "dateFormat": "YYYY-MM-DD HH:mm:ss",
            "decimals": 2,
            "mappingType": 1,
            "pattern": "Value #C",
            "thresholds": [
              "0",
              "1"
            ],
            "type": "string",
            "unit": "short",
            "valueMaps": [
              {
                "text": "Not Configured",
                "value": "1"
              }
            ]
          },
          {
            "alias": "Version",
            "colorMode": null,
            "colors": [
              "rgba(245, 54, 54, 0.9)",
              "rgba(237, 129, 40, 0.89)",
              "rgba(50, 172, 45, 0.97)"
            ],
            "dateFormat": "YYYY-MM-DD HH:mm:ss",
            "decimals": 2,
            "mappingType": 1,
            "pattern": "version",
            "thresholds": [],
            "type": "number",
            "unit": "short"
          },
          {
            "alias": "Application Instance",
            "colorMode": null,
            "colors": [
              "rgba(245, 54, 54, 0.9)",
              "rgba(237, 129, 40, 0.89)",
              "rgba(50, 172, 45, 0.97)"
            ],
            "dateFormat": "YYYY-MM-DD HH:mm:ss",
            "decimals": 2,
            "mappingType": 1,
            "pattern": "exported_instance",
            "thresholds": [],
            "type": "number",
            "unit": "short"
          }
        ],
        "targets": [
          {
            "expr": "canary_status_item_ok{region=~\"$region\",instance=~\"$applicationserver\",application=~\"HealthRoster\"}",
            "format": "table",
            "instant": true,
            "interval": "",
            "intervalFactor": 1,
            "legendFormat": "{{version}}",
            "refId": "A"
          },
          {
            "expr": "canary_status_item_erroring{region=\"$region\",instance=\"$applicationserver\",application=\"HealthRoster\"}",
            "format": "table",
            "instant": true,
            "intervalFactor": 1,
            "legendFormat": "",
            "refId": "B"
          },
          {
            "expr": "canary_status_item_notconfigured{region=\"$region\",instance=\"$applicationserver\",application=\"HealthRoster\"}",
            "format": "table",
            "instant": true,
            "intervalFactor": 1,
            "legendFormat": "",
            "refId": "C"
          }
        ],
        "title": "HealthRoster Configured Components",
        "transform": "table",
        "type": "table"
      },
      {
        "columns": [],
        "fontSize": "100%",
        "gridPos": {
          "h": 8,
          "w": 24,
          "x": 0,
          "y": 29
        },
        "id": 101,
        "links": [],
        "pageSize": 10,
        "scroll": true,
        "showHeader": true,
        "sort": {
          "col": 10,
          "desc": false
        },
        "styles": [
          {
            "alias": "Time",
            "dateFormat": "YYYY-MM-DD HH:mm:ss",
            "pattern": "Time",
            "type": "hidden"
          },
          {
            "alias": "",
            "colorMode": null,
            "colors": [
              "rgba(245, 54, 54, 0.9)",
              "rgba(237, 129, 40, 0.89)",
              "rgba(50, 172, 45, 0.97)"
            ],
            "dateFormat": "YYYY-MM-DD HH:mm:ss",
            "decimals": 2,
            "mappingType": 1,
            "pattern": "instance",
            "thresholds": [],
            "type": "hidden",
            "unit": "short"
          },
          {
            "alias": "",
            "colorMode": null,
            "colors": [
              "rgba(245, 54, 54, 0.9)",
              "rgba(237, 129, 40, 0.89)",
              "rgba(50, 172, 45, 0.97)"
            ],
            "dateFormat": "YYYY-MM-DD HH:mm:ss",
            "decimals": 2,
            "mappingType": 1,
            "pattern": "job",
            "thresholds": [],
            "type": "hidden",
            "unit": "short"
          },
          {
            "alias": "Scheduled Task",
            "colorMode": null,
            "colors": [
              "rgba(245, 54, 54, 0.9)",
              "rgba(237, 129, 40, 0.89)",
              "rgba(50, 172, 45, 0.97)"
            ],
            "dateFormat": "YYYY-MM-DD HH:mm:ss",
            "decimals": 2,
            "mappingType": 1,
            "pattern": "name",
            "thresholds": [],
            "type": "number",
            "unit": "short"
          },
          {
            "alias": "",
            "colorMode": null,
            "colors": [
              "rgba(245, 54, 54, 0.9)",
              "rgba(237, 129, 40, 0.89)",
              "rgba(50, 172, 45, 0.97)"
            ],
            "dateFormat": "YYYY-MM-DD HH:mm:ss",
            "decimals": 2,
            "mappingType": 1,
            "pattern": "__name__",
            "thresholds": [],
            "type": "hidden",
            "unit": "short"
          },
          {
            "alias": "",
            "colorMode": null,
            "colors": [
              "rgba(245, 54, 54, 0.9)",
              "rgba(237, 129, 40, 0.89)",
              "rgba(50, 172, 45, 0.97)"
            ],
            "dateFormat": "YYYY-MM-DD HH:mm:ss",
            "decimals": 2,
            "mappingType": 1,
            "pattern": "region",
            "thresholds": [],
            "type": "hidden",
            "unit": "short"
          },
          {
            "alias": "Location",
            "colorMode": null,
            "colors": [
              "rgba(245, 54, 54, 0.9)",
              "rgba(237, 129, 40, 0.89)",
              "rgba(50, 172, 45, 0.97)"
            ],
            "dateFormat": "YYYY-MM-DD HH:mm:ss",
            "decimals": 2,
            "mappingType": 1,
            "pattern": "taskpath",
            "thresholds": [],
            "type": "number",
            "unit": "short"
          },
          {
            "alias": "Last Run",
            "colorMode": "cell",
            "colors": [
              "#d44a3a",
              "#d44a3a",
              "#299c46"
            ],
            "dateFormat": "YYYY-MM-DD HH:mm:ss",
            "decimals": 0,
            "mappingType": 1,
            "pattern": "Value",
            "thresholds": [
              "0",
              "1"
            ],
            "type": "string",
            "unit": "none",
            "valueMaps": [
              {
                "text": "Failed",
                "value": "0"
              },
              {
                "text": "Successful",
                "value": "1"
              }
            ]
          },
          {
            "alias": "",
            "colorMode": null,
            "colors": [
              "rgba(245, 54, 54, 0.9)",
              "rgba(237, 129, 40, 0.89)",
              "rgba(50, 172, 45, 0.97)"
            ],
            "decimals": 2,
            "pattern": "/.*/",
            "thresholds": [],
            "type": "number",
            "unit": "short"
          }
        ],
        "targets": [
          {
            "expr": "coalmine_scheduled_task{instance=\"$applicationserver\",taskpath=~\".*HealthRoster.*|.*RosterPerform.*\"}",
            "format": "table",
            "instant": true,
            "intervalFactor": 1,
            "legendFormat": "",
            "refId": "A"
          }
        ],
        "title": "HealthRoster Scheduled Tasks (Last Run)",
        "transform": "table",
        "type": "table"
      },
      {
        "collapsed": false,
        "gridPos": {
          "h": 1,
          "w": 24,
          "x": 0,
          "y": 37
        },
        "id": 64,
        "panels": [],
        "title": "BankStaff",
        "type": "row"
      },
      {
        "cacheTimeout": null,
        "columns": [],
        "fontSize": "100%",
        "gridPos": {
          "h": 5,
          "w": 24,
          "x": 0,
          "y": 38
        },
        "hideTimeOverride": false,
        "id": 78,
        "interval": null,
        "links": [],
        "maxDataPoints": 100,
        "pageSize": null,
        "scroll": true,
        "showHeader": true,
        "sort": {
          "col": 0,
          "desc": true
        },
        "styles": [
          {
            "alias": "",
            "colorMode": null,
            "colors": [
              "rgba(245, 54, 54, 0.9)",
              "rgba(237, 129, 40, 0.89)",
              "rgba(50, 172, 45, 0.97)"
            ],
            "dateFormat": "YYYY-MM-DD HH:mm:ss",
            "decimals": 2,
            "mappingType": 1,
            "pattern": "Time|__name__|instance|job|region|state",
            "thresholds": [],
            "type": "hidden",
            "unit": "short"
          },
          {
            "alias": "Status",
            "colorMode": "cell",
            "colors": [
              "rgba(245, 54, 54, 0.9)",
              "rgba(237, 129, 40, 0.89)",
              "rgba(50, 172, 45, 0.97)"
            ],
            "dateFormat": "YYYY-MM-DD HH:mm:ss",
            "decimals": 2,
            "mappingType": 1,
            "pattern": "Value",
            "thresholds": [
              "0",
              "1"
            ],
            "type": "string",
            "unit": "short",
            "valueMaps": [
              {
                "text": "Fail",
                "value": "0"
              },
              {
                "text": "Pass",
                "value": "1"
              }
            ]
          },
          {
            "alias": "Service Name",
            "colorMode": null,
            "colors": [
              "rgba(245, 54, 54, 0.9)",
              "rgba(237, 129, 40, 0.89)",
              "rgba(50, 172, 45, 0.97)"
            ],
            "dateFormat": "YYYY-MM-DD HH:mm:ss",
            "decimals": 2,
            "mappingType": 1,
            "pattern": "name",
            "thresholds": [],
            "type": "number",
            "unit": "short"
          },
          {
            "alias": "",
            "colorMode": null,
            "colors": [
              "rgba(245, 54, 54, 0.9)",
              "rgba(237, 129, 40, 0.89)",
              "rgba(50, 172, 45, 0.97)"
            ],
            "decimals": 2,
            "pattern": "/.*/",
            "thresholds": [],
            "type": "number",
            "unit": "short"
          }
        ],
        "targets": [
          {
            "expr": "wmi_service_state{name=~\"bankstaffmessageservice.*|bankstaffassistant.*\",instance=\"$applicationserver\",state=\"running\"}",
            "format": "table",
            "instant": true,
            "interval": "",
            "intervalFactor": 1,
            "legendFormat": "",
            "refId": "A"
          }
        ],
        "timeFrom": null,
        "timeShift": null,
        "title": "BankStaff Service Status",
        "transform": "table",
        "type": "table"
      },
      {
        "columns": [],
        "fontSize": "100%",
        "gridPos": {
          "h": 12,
          "w": 12,
          "x": 0,
          "y": 43
        },
        "id": 54,
        "links": [],
        "pageSize": null,
        "scroll": true,
        "showHeader": true,
        "sort": {
          "col": 3,
          "desc": false
        },
        "styles": [
          {
            "alias": "Instance Name",
            "colorMode": null,
            "colors": [
              "rgba(245, 54, 54, 0.9)",
              "rgba(237, 129, 40, 0.89)",
              "rgba(50, 172, 45, 0.97)"
            ],
            "dateFormat": "YYYY-MM-DD HH:mm:ss",
            "decimals": 2,
            "mappingType": 1,
            "pattern": "exported_instance",
            "thresholds": [],
            "type": "number",
            "unit": "short"
          },
          {
            "alias": "Product",
            "colorMode": null,
            "colors": [
              "rgba(245, 54, 54, 0.9)",
              "rgba(237, 129, 40, 0.89)",
              "rgba(50, 172, 45, 0.97)"
            ],
            "dateFormat": "YYYY-MM-DD HH:mm:ss",
            "decimals": 2,
            "mappingType": 1,
            "pattern": "application",
            "thresholds": [],
            "type": "number",
            "unit": "short"
          },
          {
            "alias": "",
            "colorMode": null,
            "colors": [
              "rgba(245, 54, 54, 0.9)",
              "rgba(237, 129, 40, 0.89)",
              "rgba(50, 172, 45, 0.97)"
            ],
            "dateFormat": "YYYY-MM-DD HH:mm:ss",
            "decimals": 2,
            "mappingType": 1,
            "pattern": "Time|__name__|job|full_name|region|instance",
            "thresholds": [],
            "type": "hidden",
            "unit": "short"
          },
          {
            "alias": "Check",
            "colorMode": null,
            "colors": [
              "rgba(245, 54, 54, 0.9)",
              "rgba(237, 129, 40, 0.89)",
              "rgba(50, 172, 45, 0.97)"
            ],
            "dateFormat": "YYYY-MM-DD HH:mm:ss",
            "decimals": 2,
            "mappingType": 1,
            "pattern": "key",
            "thresholds": [],
            "type": "string",
            "unit": "short"
          },
          {
            "alias": "Result",
            "colorMode": "cell",
            "colors": [
              "rgba(245, 54, 54, 0.9)",
              "rgba(245, 54, 54, 0.9)",
              "rgba(50, 172, 45, 0.97)"
            ],
            "dateFormat": "YYYY-MM-DD HH:mm:ss",
            "decimals": 2,
            "mappingType": 1,
            "pattern": "Value",
            "thresholds": [
              "0",
              "1"
            ],
            "type": "string",
            "unit": "short",
            "valueMaps": [
              {
                "text": "Fail",
                "value": "0"
              },
              {
                "text": "Pass",
                "value": "1"
              }
            ]
          },
          {
            "alias": "",
            "colorMode": null,
            "colors": [
              "rgba(245, 54, 54, 0.9)",
              "rgba(237, 129, 40, 0.89)",
              "rgba(50, 172, 45, 0.97)"
            ],
            "decimals": 2,
            "pattern": "/.*/",
            "thresholds": [],
            "type": "string",
            "unit": "short"
          }
        ],
        "targets": [
          {
            "expr": "canary_status_item{region=\"$region\",instance=\"$applicationserver\",application=\"BankStaff\",key!~\"Email Queue Size|SMS Queue Size\"}",
            "format": "table",
            "instant": true,
            "interval": "",
            "intervalFactor": 1,
            "legendFormat": "",
            "refId": "A"
          },
          {
            "expr": "",
            "format": "table",
            "instant": true,
            "intervalFactor": 1,
            "refId": "B"
          }
        ],
        "timeFrom": null,
        "timeShift": null,
        "title": "BankStaff",
        "transform": "table",
        "type": "table"
      },
      {
        "aliasColors": {},
        "bars": false,
        "dashLength": 10,
        "dashes": false,
        "fill": 1,
        "gridPos": {
          "h": 6,
          "w": 12,
          "x": 12,
          "y": 43
        },
        "id": 61,
        "legend": {
          "avg": false,
          "current": false,
          "max": false,
          "min": false,
          "show": true,
          "total": false,
          "values": false
        },
        "lines": true,
        "linewidth": 1,
        "links": [],
        "nullPointMode": "connected",
        "paceLength": 10,
        "percentage": false,
        "pointradius": 5,
        "points": false,
        "renderer": "flot",
        "seriesOverrides": [],
        "spaceLength": 10,
        "stack": false,
        "steppedLine": false,
        "targets": [
          {
            "expr": "canary_status_item{region=\"$region\",instance=\"$applicationserver\",application=\"BankStaff\",key=\"Email Queue Size\"}",
            "format": "time_series",
            "interval": "",
            "intervalFactor": 10,
            "legendFormat": "{{exported_instance}} -  {{key}}",
            "refId": "A"
          }
        ],
        "thresholds": [],
        "timeFrom": null,
        "timeRegions": [],
        "timeShift": null,
        "title": "Email Queue Size",
        "tooltip": {
          "shared": true,
          "sort": 0,
          "value_type": "individual"
        },
        "type": "graph",
        "xaxis": {
          "buckets": null,
          "mode": "time",
          "name": null,
          "show": true,
          "values": []
        },
        "yaxes": [
          {
            "decimals": 0,
            "format": "short",
            "label": "",
            "logBase": 1,
            "max": null,
            "min": null,
            "show": true
          },
          {
            "format": "short",
            "label": null,
            "logBase": 1,
            "max": null,
            "min": null,
            "show": true
          }
        ],
        "yaxis": {
          "align": false,
          "alignLevel": null
        }
      },
      {
        "aliasColors": {},
        "bars": false,
        "dashLength": 10,
        "dashes": false,
        "fill": 1,
        "gridPos": {
          "h": 6,
          "w": 12,
          "x": 12,
          "y": 49
        },
        "id": 62,
        "legend": {
          "avg": false,
          "current": false,
          "max": false,
          "min": false,
          "show": true,
          "total": false,
          "values": false
        },
        "lines": true,
        "linewidth": 1,
        "links": [],
        "nullPointMode": "connected",
        "paceLength": 10,
        "percentage": false,
        "pointradius": 5,
        "points": false,
        "renderer": "flot",
        "seriesOverrides": [],
        "spaceLength": 10,
        "stack": false,
        "steppedLine": false,
        "targets": [
          {
            "expr": "canary_status_item{region=\"$region\",instance=\"$applicationserver\",application=\"BankStaff\",key=\"SMS Queue Size\"}",
            "format": "time_series",
            "interval": "",
            "intervalFactor": 10,
            "legendFormat": "{{exported_instance}} -  {{key}}",
            "refId": "A"
          }
        ],
        "thresholds": [],
        "timeFrom": null,
        "timeRegions": [],
        "timeShift": null,
        "title": "SMS Queue Size",
        "tooltip": {
          "shared": true,
          "sort": 0,
          "value_type": "individual"
        },
        "type": "graph",
        "xaxis": {
          "buckets": null,
          "mode": "time",
          "name": null,
          "show": true,
          "values": []
        },
        "yaxes": [
          {
            "decimals": 0,
            "format": "short",
            "label": "",
            "logBase": 1,
            "max": null,
            "min": null,
            "show": true
          },
          {
            "format": "short",
            "label": null,
            "logBase": 1,
            "max": null,
            "min": null,
            "show": true
          }
        ],
        "yaxis": {
          "align": false,
          "alignLevel": null
        }
      },
      {
        "columns": [],
        "fontSize": "100%",
        "gridPos": {
          "h": 7,
          "w": 12,
          "x": 0,
          "y": 55
        },
        "id": 55,
        "links": [],
        "pageSize": null,
        "scroll": true,
        "showHeader": true,
        "sort": {
          "col": 0,
          "desc": true
        },
        "styles": [
          {
            "alias": "Instance Name",
            "colorMode": null,
            "colors": [
              "rgba(245, 54, 54, 0.9)",
              "rgba(237, 129, 40, 0.89)",
              "rgba(50, 172, 45, 0.97)"
            ],
            "dateFormat": "YYYY-MM-DD HH:mm:ss",
            "decimals": 2,
            "mappingType": 1,
            "pattern": "exported_instance",
            "thresholds": [],
            "type": "number",
            "unit": "short"
          },
          {
            "alias": "Product",
            "colorMode": null,
            "colors": [
              "rgba(245, 54, 54, 0.9)",
              "rgba(237, 129, 40, 0.89)",
              "rgba(50, 172, 45, 0.97)"
            ],
            "dateFormat": "YYYY-MM-DD HH:mm:ss",
            "decimals": 2,
            "mappingType": 1,
            "pattern": "application",
            "thresholds": [],
            "type": "number",
            "unit": "short"
          },
          {
            "alias": "",
            "colorMode": null,
            "colors": [
              "rgba(245, 54, 54, 0.9)",
              "rgba(237, 129, 40, 0.89)",
              "rgba(50, 172, 45, 0.97)"
            ],
            "dateFormat": "YYYY-MM-DD HH:mm:ss",
            "decimals": 2,
            "mappingType": 1,
            "pattern": "Time|__name__|job|full_name|region|instance",
            "thresholds": [],
            "type": "hidden",
            "unit": "short"
          },
          {
            "alias": "Check",
            "colorMode": null,
            "colors": [
              "rgba(245, 54, 54, 0.9)",
              "rgba(237, 129, 40, 0.89)",
              "rgba(50, 172, 45, 0.97)"
            ],
            "dateFormat": "YYYY-MM-DD HH:mm:ss",
            "decimals": 2,
            "mappingType": 1,
            "pattern": "key",
            "thresholds": [],
            "type": "string",
            "unit": "short"
          },
          {
            "alias": "Result",
            "colorMode": "cell",
            "colors": [
              "rgba(245, 54, 54, 0.9)",
              "rgba(245, 54, 54, 0.9)",
              "rgba(50, 172, 45, 0.97)"
            ],
            "dateFormat": "YYYY-MM-DD HH:mm:ss",
            "decimals": 2,
            "mappingType": 1,
            "pattern": "Value",
            "thresholds": [
              "0",
              "1"
            ],
            "type": "string",
            "unit": "short",
            "valueMaps": [
              {
                "text": "Fail",
                "value": "0"
              },
              {
                "text": "Pass",
                "value": "1"
              }
            ]
          },
          {
            "alias": "",
            "colorMode": null,
            "colors": [
              "rgba(245, 54, 54, 0.9)",
              "rgba(237, 129, 40, 0.89)",
              "rgba(50, 172, 45, 0.97)"
            ],
            "decimals": 2,
            "pattern": "/.*/",
            "thresholds": [],
            "type": "string",
            "unit": "short"
          }
        ],
        "targets": [
          {
            "expr": "canary_status_item{region=\"$region\",instance=\"$applicationserver\",application=\"BankStaffInterface.HealthRoster\",key!=\"BankStaffInterface: HealthRoster Queue Size\"}",
            "format": "table",
            "instant": true,
            "interval": "",
            "intervalFactor": 1,
            "legendFormat": "",
            "refId": "A"
          }
        ],
        "timeFrom": null,
        "timeShift": null,
        "title": "BankStaffInterface.HealthRoster Interface",
        "transform": "table",
        "type": "table"
      },
      {
        "aliasColors": {},
        "bars": false,
        "dashLength": 10,
        "dashes": false,
        "fill": 1,
        "gridPos": {
          "h": 7,
          "w": 12,
          "x": 12,
          "y": 55
        },
        "id": 58,
        "legend": {
          "avg": false,
          "current": false,
          "max": false,
          "min": false,
          "show": true,
          "total": false,
          "values": false
        },
        "lines": true,
        "linewidth": 1,
        "links": [],
        "nullPointMode": "connected",
        "paceLength": 10,
        "percentage": false,
        "pointradius": 5,
        "points": false,
        "renderer": "flot",
        "seriesOverrides": [],
        "spaceLength": 10,
        "stack": false,
        "steppedLine": false,
        "targets": [
          {
            "expr": "canary_status_item{region=\"$region\",instance=\"$applicationserver\",application=\"BankStaffInterface.HealthRoster\",key=\"BankStaffInterface: HealthRoster Queue Size\"}",
            "format": "time_series",
            "interval": "",
            "intervalFactor": 10,
            "legendFormat": "{{exported_instance}} -  {{key}}",
            "refId": "A"
          }
        ],
        "thresholds": [],
        "timeFrom": null,
        "timeRegions": [],
        "timeShift": null,
        "title": "BankStaffInterface: HealthRoster Queue Size",
        "tooltip": {
          "shared": true,
          "sort": 0,
          "value_type": "individual"
        },
        "type": "graph",
        "xaxis": {
          "buckets": null,
          "mode": "time",
          "name": null,
          "show": true,
          "values": []
        },
        "yaxes": [
          {
            "decimals": 0,
            "format": "short",
            "label": null,
            "logBase": 1,
            "max": null,
            "min": null,
            "show": true
          },
          {
            "decimals": 0,
            "format": "short",
            "label": null,
            "logBase": 1,
            "max": null,
            "min": null,
            "show": true
          }
        ],
        "yaxis": {
          "align": false,
          "alignLevel": null
        }
      },
      {
        "columns": [],
        "fontSize": "100%",
        "gridPos": {
          "h": 7,
          "w": 12,
          "x": 0,
          "y": 62
        },
        "id": 56,
        "links": [],
        "pageSize": null,
        "scroll": true,
        "showHeader": true,
        "sort": {
          "col": 0,
          "desc": true
        },
        "styles": [
          {
            "alias": "Instance Name",
            "colorMode": null,
            "colors": [
              "rgba(245, 54, 54, 0.9)",
              "rgba(237, 129, 40, 0.89)",
              "rgba(50, 172, 45, 0.97)"
            ],
            "dateFormat": "YYYY-MM-DD HH:mm:ss",
            "decimals": 2,
            "mappingType": 1,
            "pattern": "exported_instance",
            "thresholds": [],
            "type": "number",
            "unit": "short"
          },
          {
            "alias": "Product",
            "colorMode": null,
            "colors": [
              "rgba(245, 54, 54, 0.9)",
              "rgba(237, 129, 40, 0.89)",
              "rgba(50, 172, 45, 0.97)"
            ],
            "dateFormat": "YYYY-MM-DD HH:mm:ss",
            "decimals": 2,
            "mappingType": 1,
            "pattern": "application",
            "thresholds": [],
            "type": "number",
            "unit": "short"
          },
          {
            "alias": "",
            "colorMode": null,
            "colors": [
              "rgba(245, 54, 54, 0.9)",
              "rgba(237, 129, 40, 0.89)",
              "rgba(50, 172, 45, 0.97)"
            ],
            "dateFormat": "YYYY-MM-DD HH:mm:ss",
            "decimals": 2,
            "mappingType": 1,
            "pattern": "Time|__name__|job|full_name|region|instance",
            "thresholds": [],
            "type": "hidden",
            "unit": "short"
          },
          {
            "alias": "Check",
            "colorMode": null,
            "colors": [
              "rgba(245, 54, 54, 0.9)",
              "rgba(237, 129, 40, 0.89)",
              "rgba(50, 172, 45, 0.97)"
            ],
            "dateFormat": "YYYY-MM-DD HH:mm:ss",
            "decimals": 2,
            "mappingType": 1,
            "pattern": "key",
            "thresholds": [],
            "type": "string",
            "unit": "short"
          },
          {
            "alias": "Result",
            "colorMode": "cell",
            "colors": [
              "rgba(245, 54, 54, 0.9)",
              "rgba(245, 54, 54, 0.9)",
              "rgba(50, 172, 45, 0.97)"
            ],
            "dateFormat": "YYYY-MM-DD HH:mm:ss",
            "decimals": 2,
            "mappingType": 1,
            "pattern": "Value",
            "thresholds": [
              "0",
              "1"
            ],
            "type": "string",
            "unit": "short",
            "valueMaps": [
              {
                "text": "Fail",
                "value": "0"
              },
              {
                "text": "Pass",
                "value": "1"
              }
            ]
          },
          {
            "alias": "",
            "colorMode": null,
            "colors": [
              "rgba(245, 54, 54, 0.9)",
              "rgba(237, 129, 40, 0.89)",
              "rgba(50, 172, 45, 0.97)"
            ],
            "decimals": 2,
            "pattern": "/.*/",
            "thresholds": [],
            "type": "string",
            "unit": "short"
          }
        ],
        "targets": [
          {
            "expr": "canary_status_item{region=\"$region\",instance=\"$applicationserver\",application=\"BankStaffInterface.BankStaff\",key!=\"BankStaffInterface: BankStaff Queue Size\"}",
            "format": "table",
            "instant": true,
            "interval": "",
            "intervalFactor": 1,
            "legendFormat": "",
            "refId": "A"
          }
        ],
        "timeFrom": null,
        "timeShift": null,
        "title": "BankStaffInterface.BankStaff Interface",
        "transform": "table",
        "type": "table"
      },
      {
        "aliasColors": {},
        "bars": false,
        "dashLength": 10,
        "dashes": false,
        "fill": 1,
        "gridPos": {
          "h": 7,
          "w": 12,
          "x": 12,
          "y": 62
        },
        "id": 59,
        "legend": {
          "avg": false,
          "current": false,
          "max": false,
          "min": false,
          "show": true,
          "total": false,
          "values": false
        },
        "lines": true,
        "linewidth": 1,
        "links": [],
        "nullPointMode": "connected",
        "paceLength": 10,
        "percentage": false,
        "pointradius": 5,
        "points": false,
        "renderer": "flot",
        "seriesOverrides": [],
        "spaceLength": 10,
        "stack": false,
        "steppedLine": false,
        "targets": [
          {
            "expr": "canary_status_item{region=\"$region\",instance=\"$applicationserver\",application=\"BankStaffInterface.BankStaff\",key=\"BankStaffInterface: BankStaff Queue Size\"}",
            "format": "time_series",
            "interval": "",
            "intervalFactor": 10,
            "legendFormat": "{{exported_instance}} -  {{key}}",
            "refId": "A"
          }
        ],
        "thresholds": [],
        "timeFrom": null,
        "timeRegions": [],
        "timeShift": null,
        "title": "BankStaffInterface: HealthRoster Queue Size",
        "tooltip": {
          "shared": true,
          "sort": 0,
          "value_type": "individual"
        },
        "type": "graph",
        "xaxis": {
          "buckets": null,
          "mode": "time",
          "name": null,
          "show": true,
          "values": []
        },
        "yaxes": [
          {
            "decimals": 0,
            "format": "short",
            "label": null,
            "logBase": 1,
            "max": null,
            "min": null,
            "show": true
          },
          {
            "decimals": 0,
            "format": "short",
            "label": null,
            "logBase": 1,
            "max": null,
            "min": null,
            "show": true
          }
        ],
        "yaxis": {
          "align": false,
          "alignLevel": null
        }
      },
      {
        "columns": [],
        "fontSize": "100%",
        "gridPos": {
          "h": 7,
          "w": 24,
          "x": 0,
          "y": 69
        },
        "id": 103,
        "links": [],
        "pageSize": 10,
        "scroll": true,
        "showHeader": true,
        "sort": {
          "col": 10,
          "desc": false
        },
        "styles": [
          {
            "alias": "Time",
            "dateFormat": "YYYY-MM-DD HH:mm:ss",
            "pattern": "Time",
            "type": "hidden"
          },
          {
            "alias": "",
            "colorMode": null,
            "colors": [
              "rgba(245, 54, 54, 0.9)",
              "rgba(237, 129, 40, 0.89)",
              "rgba(50, 172, 45, 0.97)"
            ],
            "dateFormat": "YYYY-MM-DD HH:mm:ss",
            "decimals": 2,
            "mappingType": 1,
            "pattern": "instance",
            "thresholds": [],
            "type": "hidden",
            "unit": "short"
          },
          {
            "alias": "",
            "colorMode": null,
            "colors": [
              "rgba(245, 54, 54, 0.9)",
              "rgba(237, 129, 40, 0.89)",
              "rgba(50, 172, 45, 0.97)"
            ],
            "dateFormat": "YYYY-MM-DD HH:mm:ss",
            "decimals": 2,
            "mappingType": 1,
            "pattern": "job",
            "thresholds": [],
            "type": "hidden",
            "unit": "short"
          },
          {
            "alias": "Scheduled Task",
            "colorMode": null,
            "colors": [
              "rgba(245, 54, 54, 0.9)",
              "rgba(237, 129, 40, 0.89)",
              "rgba(50, 172, 45, 0.97)"
            ],
            "dateFormat": "YYYY-MM-DD HH:mm:ss",
            "decimals": 2,
            "mappingType": 1,
            "pattern": "name",
            "thresholds": [],
            "type": "number",
            "unit": "short"
          },
          {
            "alias": "",
            "colorMode": null,
            "colors": [
              "rgba(245, 54, 54, 0.9)",
              "rgba(237, 129, 40, 0.89)",
              "rgba(50, 172, 45, 0.97)"
            ],
            "dateFormat": "YYYY-MM-DD HH:mm:ss",
            "decimals": 2,
            "mappingType": 1,
            "pattern": "__name__",
            "thresholds": [],
            "type": "hidden",
            "unit": "short"
          },
          {
            "alias": "",
            "colorMode": null,
            "colors": [
              "rgba(245, 54, 54, 0.9)",
              "rgba(237, 129, 40, 0.89)",
              "rgba(50, 172, 45, 0.97)"
            ],
            "dateFormat": "YYYY-MM-DD HH:mm:ss",
            "decimals": 2,
            "mappingType": 1,
            "pattern": "region",
            "thresholds": [],
            "type": "hidden",
            "unit": "short"
          },
          {
            "alias": "Location",
            "colorMode": null,
            "colors": [
              "rgba(245, 54, 54, 0.9)",
              "rgba(237, 129, 40, 0.89)",
              "rgba(50, 172, 45, 0.97)"
            ],
            "dateFormat": "YYYY-MM-DD HH:mm:ss",
            "decimals": 2,
            "mappingType": 1,
            "pattern": "taskpath",
            "thresholds": [],
            "type": "number",
            "unit": "short"
          },
          {
            "alias": "Last Run",
            "colorMode": "cell",
            "colors": [
              "#d44a3a",
              "#d44a3a",
              "#299c46"
            ],
            "dateFormat": "YYYY-MM-DD HH:mm:ss",
            "decimals": 0,
            "mappingType": 1,
            "pattern": "Value",
            "thresholds": [
              "0",
              "1"
            ],
            "type": "string",
            "unit": "none",
            "valueMaps": [
              {
                "text": "Failed",
                "value": "0"
              },
              {
                "text": "Successful",
                "value": "1"
              }
            ]
          },
          {
            "alias": "",
            "colorMode": null,
            "colors": [
              "rgba(245, 54, 54, 0.9)",
              "rgba(237, 129, 40, 0.89)",
              "rgba(50, 172, 45, 0.97)"
            ],
            "decimals": 2,
            "pattern": "/.*/",
            "thresholds": [],
            "type": "number",
            "unit": "short"
          }
        ],
        "targets": [
          {
            "expr": "coalmine_scheduled_task{instance=\"$applicationserver\",taskpath=~\".*BankStaff.*\"}",
            "format": "table",
            "instant": true,
            "intervalFactor": 1,
            "legendFormat": "",
            "refId": "A"
          }
        ],
        "title": "BankStaff Scheduled Tasks (Last Run)",
        "transform": "table",
        "type": "table"
      },
      {
        "collapsed": true,
        "gridPos": {
          "h": 1,
          "w": 24,
          "x": 0,
          "y": 76
        },
        "id": 74,
        "panels": [
          {
            "columns": [],
            "fontSize": "100%",
            "gridPos": {
              "h": 6,
              "w": 24,
              "x": 0,
              "y": 77
            },
            "id": 70,
            "links": [],
            "pageSize": null,
            "scroll": true,
            "showHeader": true,
            "sort": {
              "col": 3,
              "desc": false
            },
            "styles": [
              {
                "alias": "Time",
                "dateFormat": "YYYY-MM-DD HH:mm:ss",
                "pattern": "application|Time|__name__|full_name|job|region",
                "type": "hidden"
              },
              {
                "alias": "Check",
                "colorMode": null,
                "colors": [
                  "rgba(245, 54, 54, 0.9)",
                  "rgba(237, 129, 40, 0.89)",
                  "rgba(50, 172, 45, 0.97)"
                ],
                "dateFormat": "YYYY-MM-DD HH:mm:ss",
                "decimals": 2,
                "mappingType": 1,
                "pattern": "key",
                "thresholds": [],
                "type": "number",
                "unit": "short"
              },
              {
                "alias": "Version",
                "colorMode": null,
                "colors": [
                  "rgba(245, 54, 54, 0.9)",
                  "rgba(237, 129, 40, 0.89)",
                  "rgba(50, 172, 45, 0.97)"
                ],
                "dateFormat": "YYYY-MM-DD HH:mm:ss",
                "decimals": 2,
                "mappingType": 1,
                "pattern": "version",
                "thresholds": [],
                "type": "number",
                "unit": "short"
              },
              {
                "alias": "Result",
                "colorMode": "cell",
                "colors": [
                  "rgba(245, 54, 54, 0.9)",
                  "rgba(245, 54, 54, 0.9)",
                  "rgba(50, 172, 45, 0.97)"
                ],
                "dateFormat": "YYYY-MM-DD HH:mm:ss",
                "decimals": 2,
                "mappingType": 1,
                "pattern": "Value",
                "thresholds": [
                  "0",
                  "1"
                ],
                "type": "string",
                "unit": "short",
                "valueMaps": [
                  {
                    "text": "Fail",
                    "value": "0"
                  },
                  {
                    "text": "Pass",
                    "value": "1"
                  }
                ]
              },
              {
                "alias": "Application Instance",
                "colorMode": null,
                "colors": [
                  "rgba(245, 54, 54, 0.9)",
                  "rgba(237, 129, 40, 0.89)",
                  "rgba(50, 172, 45, 0.97)"
                ],
                "dateFormat": "YYYY-MM-DD HH:mm:ss",
                "decimals": 2,
                "mappingType": 1,
                "pattern": "exported_instance",
                "thresholds": [],
                "type": "number",
                "unit": "short"
              },
              {
                "alias": "",
                "colorMode": null,
                "colors": [
                  "rgba(245, 54, 54, 0.9)",
                  "rgba(237, 129, 40, 0.89)",
                  "rgba(50, 172, 45, 0.97)"
                ],
                "decimals": 2,
                "pattern": "/.*/",
                "thresholds": [],
                "type": "number",
                "unit": "short"
              }
            ],
            "targets": [
              {
                "expr": "canary_status_item{region=\"$region\",instance=\"$applicationserver\",application=\"eExpenses\"}",
                "format": "table",
                "instant": true,
                "intervalFactor": 1,
                "refId": "A"
              }
            ],
            "timeFrom": null,
            "timeShift": null,
            "title": "eExpenses",
            "transform": "table",
            "type": "table"
          },
          {
            "columns": [],
            "fontSize": "100%",
            "gridPos": {
              "h": 7,
              "w": 24,
              "x": 0,
              "y": 83
            },
            "id": 102,
            "links": [],
            "pageSize": 10,
            "scroll": true,
            "showHeader": true,
            "sort": {
              "col": 10,
              "desc": false
            },
            "styles": [
              {
                "alias": "Time",
                "dateFormat": "YYYY-MM-DD HH:mm:ss",
                "pattern": "Time",
                "type": "hidden"
              },
              {
                "alias": "",
                "colorMode": null,
                "colors": [
                  "rgba(245, 54, 54, 0.9)",
                  "rgba(237, 129, 40, 0.89)",
                  "rgba(50, 172, 45, 0.97)"
                ],
                "dateFormat": "YYYY-MM-DD HH:mm:ss",
                "decimals": 2,
                "mappingType": 1,
                "pattern": "instance",
                "thresholds": [],
                "type": "hidden",
                "unit": "short"
              },
              {
                "alias": "",
                "colorMode": null,
                "colors": [
                  "rgba(245, 54, 54, 0.9)",
                  "rgba(237, 129, 40, 0.89)",
                  "rgba(50, 172, 45, 0.97)"
                ],
                "dateFormat": "YYYY-MM-DD HH:mm:ss",
                "decimals": 2,
                "mappingType": 1,
                "pattern": "job",
                "thresholds": [],
                "type": "hidden",
                "unit": "short"
              },
              {
                "alias": "Scheduled Task",
                "colorMode": null,
                "colors": [
                  "rgba(245, 54, 54, 0.9)",
                  "rgba(237, 129, 40, 0.89)",
                  "rgba(50, 172, 45, 0.97)"
                ],
                "dateFormat": "YYYY-MM-DD HH:mm:ss",
                "decimals": 2,
                "mappingType": 1,
                "pattern": "name",
                "thresholds": [],
                "type": "number",
                "unit": "short"
              },
              {
                "alias": "",
                "colorMode": null,
                "colors": [
                  "rgba(245, 54, 54, 0.9)",
                  "rgba(237, 129, 40, 0.89)",
                  "rgba(50, 172, 45, 0.97)"
                ],
                "dateFormat": "YYYY-MM-DD HH:mm:ss",
                "decimals": 2,
                "mappingType": 1,
                "pattern": "__name__",
                "thresholds": [],
                "type": "hidden",
                "unit": "short"
              },
              {
                "alias": "",
                "colorMode": null,
                "colors": [
                  "rgba(245, 54, 54, 0.9)",
                  "rgba(237, 129, 40, 0.89)",
                  "rgba(50, 172, 45, 0.97)"
                ],
                "dateFormat": "YYYY-MM-DD HH:mm:ss",
                "decimals": 2,
                "mappingType": 1,
                "pattern": "region",
                "thresholds": [],
                "type": "hidden",
                "unit": "short"
              },
              {
                "alias": "Location",
                "colorMode": null,
                "colors": [
                  "rgba(245, 54, 54, 0.9)",
                  "rgba(237, 129, 40, 0.89)",
                  "rgba(50, 172, 45, 0.97)"
                ],
                "dateFormat": "YYYY-MM-DD HH:mm:ss",
                "decimals": 2,
                "mappingType": 1,
                "pattern": "taskpath",
                "thresholds": [],
                "type": "number",
                "unit": "short"
              },
              {
                "alias": "Last Run",
                "colorMode": "cell",
                "colors": [
                  "#d44a3a",
                  "#d44a3a",
                  "#299c46"
                ],
                "dateFormat": "YYYY-MM-DD HH:mm:ss",
                "decimals": 0,
                "mappingType": 1,
                "pattern": "Value",
                "thresholds": [
                  "0",
                  "1"
                ],
                "type": "string",
                "unit": "none",
                "valueMaps": [
                  {
                    "text": "Failed",
                    "value": "0"
                  },
                  {
                    "text": "Successful",
                    "value": "1"
                  }
                ]
              },
              {
                "alias": "",
                "colorMode": null,
                "colors": [
                  "rgba(245, 54, 54, 0.9)",
                  "rgba(237, 129, 40, 0.89)",
                  "rgba(50, 172, 45, 0.97)"
                ],
                "decimals": 2,
                "pattern": "/.*/",
                "thresholds": [],
                "type": "number",
                "unit": "short"
              }
            ],
            "targets": [
              {
                "expr": "coalmine_scheduled_task{instance=\"$applicationserver\",taskpath=~\".*eExpenses.*\"}",
                "format": "table",
                "instant": true,
                "intervalFactor": 1,
                "legendFormat": "",
                "refId": "A"
              }
            ],
            "title": "eExpenses Scheduled Tasks (Last Run)",
            "transform": "table",
            "type": "table"
          }
        ],
        "title": "eExpenses",
        "type": "row"
      },
      {
        "collapsed": true,
        "gridPos": {
          "h": 1,
          "w": 24,
          "x": 0,
          "y": 77
        },
        "id": 80,
        "panels": [
          {
            "columns": [],
            "fontSize": "100%",
            "gridPos": {
              "h": 8,
              "w": 24,
              "x": 0,
              "y": 91
            },
            "id": 76,
            "links": [],
            "pageSize": null,
            "scroll": true,
            "showHeader": true,
            "sort": {
              "col": 3,
              "desc": false
            },
            "styles": [
              {
                "alias": "Time",
                "dateFormat": "YYYY-MM-DD HH:mm:ss",
                "pattern": "Time",
                "type": "hidden"
              },
              {
                "alias": "",
                "colorMode": null,
                "colors": [
                  "rgba(245, 54, 54, 0.9)",
                  "rgba(237, 129, 40, 0.89)",
                  "rgba(50, 172, 45, 0.97)"
                ],
                "dateFormat": "YYYY-MM-DD HH:mm:ss",
                "decimals": 2,
                "mappingType": 1,
                "pattern": "instance|application|Time|__name__|full_name|job|region",
                "thresholds": [],
                "type": "hidden",
                "unit": "short"
              },
              {
                "alias": "Check",
                "colorMode": null,
                "colors": [
                  "rgba(245, 54, 54, 0.9)",
                  "rgba(237, 129, 40, 0.89)",
                  "rgba(50, 172, 45, 0.97)"
                ],
                "dateFormat": "YYYY-MM-DD HH:mm:ss",
                "decimals": 2,
                "mappingType": 1,
                "pattern": "key",
                "thresholds": [],
                "type": "string",
                "unit": "short",
                "valueMaps": [
                  {
                    "text": "",
                    "value": ""
                  }
                ]
              },
              {
                "alias": "Version",
                "colorMode": null,
                "colors": [
                  "rgba(245, 54, 54, 0.9)",
                  "rgba(237, 129, 40, 0.89)",
                  "rgba(50, 172, 45, 0.97)"
                ],
                "dateFormat": "YYYY-MM-DD HH:mm:ss",
                "decimals": 2,
                "mappingType": 1,
                "pattern": "version",
                "thresholds": [],
                "type": "number",
                "unit": "short"
              },
              {
                "alias": "Result",
                "colorMode": "cell",
                "colors": [
                  "rgba(245, 54, 54, 0.9)",
                  "rgba(245, 54, 54, 0.9)",
                  "rgba(50, 172, 45, 0.97)"
                ],
                "dateFormat": "YYYY-MM-DD HH:mm:ss",
                "decimals": 2,
                "mappingType": 1,
                "pattern": "Value",
                "thresholds": [
                  "0",
                  "1"
                ],
                "type": "string",
                "unit": "short",
                "valueMaps": [
                  {
                    "text": "Fail",
                    "value": "0"
                  },
                  {
                    "text": "Pass",
                    "value": "1"
                  }
                ]
              },
              {
                "alias": "Application Instance",
                "colorMode": null,
                "colors": [
                  "rgba(245, 54, 54, 0.9)",
                  "rgba(237, 129, 40, 0.89)",
                  "rgba(50, 172, 45, 0.97)"
                ],
                "dateFormat": "YYYY-MM-DD HH:mm:ss",
                "decimals": 2,
                "mappingType": 1,
                "pattern": "exported_instance",
                "thresholds": [],
                "type": "number",
                "unit": "short"
              },
              {
                "alias": "",
                "colorMode": null,
                "colors": [
                  "rgba(245, 54, 54, 0.9)",
                  "rgba(237, 129, 40, 0.89)",
                  "rgba(50, 172, 45, 0.97)"
                ],
                "decimals": 2,
                "pattern": "/.*/",
                "thresholds": [],
                "type": "number",
                "unit": "short"
              }
            ],
            "targets": [
              {
                "expr": "canary_status_item{region=\"$region\",instance=\"$applicationserver\",application=\"EmployeeOnlineHealth\"}",
                "format": "table",
                "instant": true,
                "intervalFactor": 1,
                "refId": "A"
              }
            ],
            "timeFrom": null,
            "timeShift": null,
            "title": "Employee Online Health",
            "transform": "table",
            "type": "table"
          }
        ],
        "title": "Employee Online Health",
        "type": "row"
      },
      {
        "collapsed": true,
        "gridPos": {
          "h": 1,
          "w": 24,
          "x": 0,
          "y": 78
        },
        "id": 88,
        "panels": [
          {
            "columns": [],
            "fontSize": "100%",
            "gridPos": {
              "h": 6,
              "w": 24,
              "x": 0,
              "y": 100
            },
            "id": 86,
            "links": [],
            "pageSize": null,
            "scroll": true,
            "showHeader": true,
            "sort": {
              "col": 0,
              "desc": true
            },
            "styles": [
              {
                "alias": "Time",
                "dateFormat": "YYYY-MM-DD HH:mm:ss",
                "pattern": "Time",
                "type": "hidden"
              },
              {
                "alias": "",
                "colorMode": null,
                "colors": [
                  "rgba(245, 54, 54, 0.9)",
                  "rgba(237, 129, 40, 0.89)",
                  "rgba(50, 172, 45, 0.97)"
                ],
                "dateFormat": "YYYY-MM-DD HH:mm:ss",
                "decimals": 2,
                "mappingType": 1,
                "pattern": "instance|__name__|application|full_name|job|region",
                "thresholds": [],
                "type": "hidden",
                "unit": "short"
              },
              {
                "alias": "Check",
                "colorMode": null,
                "colors": [
                  "rgba(245, 54, 54, 0.9)",
                  "rgba(237, 129, 40, 0.89)",
                  "rgba(50, 172, 45, 0.97)"
                ],
                "dateFormat": "YYYY-MM-DD HH:mm:ss",
                "decimals": 2,
                "mappingType": 1,
                "pattern": "key",
                "thresholds": [],
                "type": "string",
                "unit": "short"
              },
              {
                "alias": "Version",
                "colorMode": null,
                "colors": [
                  "rgba(245, 54, 54, 0.9)",
                  "rgba(237, 129, 40, 0.89)",
                  "rgba(50, 172, 45, 0.97)"
                ],
                "dateFormat": "YYYY-MM-DD HH:mm:ss",
                "decimals": 2,
                "mappingType": 1,
                "pattern": "version",
                "thresholds": [],
                "type": "number",
                "unit": "short"
              },
              {
                "alias": "Result",
                "colorMode": "cell",
                "colors": [
                  "rgba(245, 54, 54, 0.9)",
                  "rgba(237, 129, 40, 0.89)",
                  "rgba(50, 172, 45, 0.97)"
                ],
                "dateFormat": "YYYY-MM-DD HH:mm:ss",
                "decimals": 2,
                "mappingType": 1,
                "pattern": "Value",
                "thresholds": [
                  "0",
                  "1"
                ],
                "type": "string",
                "unit": "short",
                "valueMaps": [
                  {
                    "text": "Fail",
                    "value": "0"
                  },
                  {
                    "text": "Pass",
                    "value": "1"
                  }
                ]
              },
              {
                "alias": "Application Instance",
                "colorMode": null,
                "colors": [
                  "rgba(245, 54, 54, 0.9)",
                  "rgba(237, 129, 40, 0.89)",
                  "rgba(50, 172, 45, 0.97)"
                ],
                "dateFormat": "YYYY-MM-DD HH:mm:ss",
                "decimals": 2,
                "mappingType": 1,
                "pattern": "exported_instance",
                "thresholds": [],
                "type": "number",
                "unit": "short"
              },
              {
                "alias": "",
                "colorMode": null,
                "colors": [
                  "rgba(245, 54, 54, 0.9)",
                  "rgba(237, 129, 40, 0.89)",
                  "rgba(50, 172, 45, 0.97)"
                ],
                "decimals": 2,
                "pattern": "/.*/",
                "thresholds": [],
                "type": "number",
                "unit": "short"
              }
            ],
            "targets": [
              {
                "expr": "canary_status_item{region=\"$region\",instance=\"$applicationserver\",application=\"SAM\"}",
                "format": "table",
                "instant": true,
                "intervalFactor": 1,
                "legendFormat": "",
                "refId": "A"
              },
              {
                "expr": "",
                "format": "table",
                "intervalFactor": 1,
                "refId": "B"
              }
            ],
            "timeFrom": null,
            "timeShift": null,
            "title": "Safecare Activity Manager (SAM)",
            "transform": "table",
            "type": "table"
          }
        ],
        "title": "Safecare Activity Manager (SAM)",
        "type": "row"
      },
      {
        "collapsed": true,
        "gridPos": {
          "h": 1,
          "w": 24,
          "x": 0,
          "y": 79
        },
        "id": 83,
        "panels": [
          {
            "columns": [],
            "fontSize": "100%",
            "gridPos": {
              "h": 6,
              "w": 24,
              "x": 0,
              "y": 101
            },
            "id": 85,
            "links": [],
            "pageSize": null,
            "scroll": true,
            "showHeader": true,
            "sort": {
              "col": 0,
              "desc": true
            },
            "styles": [
              {
                "alias": "Time",
                "dateFormat": "YYYY-MM-DD HH:mm:ss",
                "pattern": "Time",
                "type": "hidden"
              },
              {
                "alias": "",
                "colorMode": null,
                "colors": [
                  "rgba(245, 54, 54, 0.9)",
                  "rgba(237, 129, 40, 0.89)",
                  "rgba(50, 172, 45, 0.97)"
                ],
                "dateFormat": "YYYY-MM-DD HH:mm:ss",
                "decimals": 2,
                "mappingType": 1,
                "pattern": "instance|__name__|application|full_name|job|region",
                "thresholds": [],
                "type": "hidden",
                "unit": "short"
              },
              {
                "alias": "Check",
                "colorMode": null,
                "colors": [
                  "rgba(245, 54, 54, 0.9)",
                  "rgba(237, 129, 40, 0.89)",
                  "rgba(50, 172, 45, 0.97)"
                ],
                "dateFormat": "YYYY-MM-DD HH:mm:ss",
                "decimals": 2,
                "mappingType": 1,
                "pattern": "key",
                "thresholds": [],
                "type": "string",
                "unit": "short"
              },
              {
                "alias": "Version",
                "colorMode": null,
                "colors": [
                  "rgba(245, 54, 54, 0.9)",
                  "rgba(237, 129, 40, 0.89)",
                  "rgba(50, 172, 45, 0.97)"
                ],
                "dateFormat": "YYYY-MM-DD HH:mm:ss",
                "decimals": 2,
                "mappingType": 1,
                "pattern": "version",
                "thresholds": [],
                "type": "number",
                "unit": "short"
              },
              {
                "alias": "Result",
                "colorMode": "cell",
                "colors": [
                  "rgba(245, 54, 54, 0.9)",
                  "rgba(237, 129, 40, 0.89)",
                  "rgba(50, 172, 45, 0.97)"
                ],
                "dateFormat": "YYYY-MM-DD HH:mm:ss",
                "decimals": 2,
                "mappingType": 1,
                "pattern": "Value",
                "thresholds": [
                  "0",
                  "1"
                ],
                "type": "string",
                "unit": "short",
                "valueMaps": [
                  {
                    "text": "Fail",
                    "value": "0"
                  },
                  {
                    "text": "Pass",
                    "value": "1"
                  }
                ]
              },
              {
                "alias": "Application Instance",
                "colorMode": null,
                "colors": [
                  "rgba(245, 54, 54, 0.9)",
                  "rgba(237, 129, 40, 0.89)",
                  "rgba(50, 172, 45, 0.97)"
                ],
                "dateFormat": "YYYY-MM-DD HH:mm:ss",
                "decimals": 2,
                "mappingType": 1,
                "pattern": "exported_instance",
                "thresholds": [],
                "type": "number",
                "unit": "short"
              },
              {
                "alias": "",
                "colorMode": null,
                "colors": [
                  "rgba(245, 54, 54, 0.9)",
                  "rgba(237, 129, 40, 0.89)",
                  "rgba(50, 172, 45, 0.97)"
                ],
                "decimals": 2,
                "pattern": "/.*/",
                "thresholds": [],
                "type": "number",
                "unit": "short"
              }
            ],
            "targets": [
              {
                "expr": "canary_status_item{region=\"$region\",instance=\"$applicationserver\",application=\"Planner\"}",
                "format": "table",
                "instant": true,
                "intervalFactor": 1,
                "legendFormat": "",
                "refId": "A"
              }
            ],
            "timeFrom": null,
            "timeShift": null,
            "title": "Planner",
            "transform": "table",
            "type": "table"
          }
        ],
        "title": "Planner",
        "type": "row"
      },
      {
        "collapsed": true,
        "gridPos": {
          "h": 1,
          "w": 24,
          "x": 0,
          "y": 80
        },
        "id": 72,
        "panels": [
          {
            "columns": [],
            "fontSize": "100%",
            "gridPos": {
              "h": 6,
              "w": 24,
              "x": 0,
              "y": 102
            },
            "id": 89,
            "links": [],
            "pageSize": null,
            "scroll": true,
            "showHeader": true,
            "sort": {
              "col": 10,
              "desc": false
            },
            "styles": [
              {
                "alias": "Time",
                "dateFormat": "YYYY-MM-DD HH:mm:ss",
                "pattern": "Time",
                "type": "hidden"
              },
              {
                "alias": "",
                "colorMode": null,
                "colors": [
                  "rgba(245, 54, 54, 0.9)",
                  "rgba(237, 129, 40, 0.89)",
                  "rgba(50, 172, 45, 0.97)"
                ],
                "dateFormat": "YYYY-MM-DD HH:mm:ss",
                "decimals": 2,
                "mappingType": 1,
                "pattern": "instance|__name__|application|full_name|job|region",
                "thresholds": [],
                "type": "hidden",
                "unit": "short"
              },
              {
                "alias": "Check",
                "colorMode": null,
                "colors": [
                  "rgba(245, 54, 54, 0.9)",
                  "rgba(237, 129, 40, 0.89)",
                  "rgba(50, 172, 45, 0.97)"
                ],
                "dateFormat": "YYYY-MM-DD HH:mm:ss",
                "decimals": 2,
                "mappingType": 1,
                "pattern": "key",
                "thresholds": [],
                "type": "string",
                "unit": "short"
              },
              {
                "alias": "Version",
                "colorMode": null,
                "colors": [
                  "rgba(245, 54, 54, 0.9)",
                  "rgba(237, 129, 40, 0.89)",
                  "rgba(50, 172, 45, 0.97)"
                ],
                "dateFormat": "YYYY-MM-DD HH:mm:ss",
                "decimals": 2,
                "mappingType": 1,
                "pattern": "version",
                "thresholds": [],
                "type": "number",
                "unit": "short"
              },
              {
                "alias": "Result",
                "colorMode": "cell",
                "colors": [
                  "rgba(245, 54, 54, 0.9)",
                  "rgba(245, 54, 54, 0.9)",
                  "rgba(50, 172, 45, 0.97)"
                ],
                "dateFormat": "YYYY-MM-DD HH:mm:ss",
                "decimals": 2,
                "mappingType": 1,
                "pattern": "Value",
                "thresholds": [
                  "0",
                  "1"
                ],
                "type": "string",
                "unit": "short",
                "valueMaps": [
                  {
                    "text": "Fail",
                    "value": "0"
                  },
                  {
                    "text": "Pass",
                    "value": "1"
                  }
                ]
              },
              {
                "alias": "Application Instance",
                "colorMode": null,
                "colors": [
                  "rgba(245, 54, 54, 0.9)",
                  "rgba(237, 129, 40, 0.89)",
                  "rgba(50, 172, 45, 0.97)"
                ],
                "dateFormat": "YYYY-MM-DD HH:mm:ss",
                "decimals": 2,
                "mappingType": 1,
                "pattern": "exported_instance",
                "thresholds": [],
                "type": "number",
                "unit": "short"
              },
              {
                "alias": "",
                "colorMode": null,
                "colors": [
                  "rgba(245, 54, 54, 0.9)",
                  "rgba(237, 129, 40, 0.89)",
                  "rgba(50, 172, 45, 0.97)"
                ],
                "decimals": 2,
                "pattern": "/.*/",
                "thresholds": [],
                "type": "number",
                "unit": "short"
              }
            ],
            "targets": [
              {
                "expr": "canary_status_item{region=\"$region\",instance=\"$applicationserver\",application=\"SafeCareMobile\"}",
                "format": "table",
                "instant": true,
                "intervalFactor": 1,
                "legendFormat": "",
                "refId": "A"
              }
            ],
            "timeFrom": null,
            "timeShift": null,
            "title": "SafeCareMobile",
            "transform": "table",
            "type": "table"
          }
        ],
        "title": "SafeCareMobile",
        "type": "row"
      }
    ],
    "refresh": "30s",
    "schemaVersion": 17,
    "style": "dark",
    "tags": [],
    "templating": {
      "list": [
        {
          "allValue": null,
          "current": {
            "selected": true,
            "tags": [],
            "text": "hg1-allocate",
            "value": "hg1-allocate"
          },
          "datasource": "Prometheus",
          "definition": "",
          "hide": 0,
          "includeAll": false,
          "label": "Region",
          "multi": false,
          "name": "region",
          "options": [],
          "query": "label_values(canary_status_item, region)",
          "refresh": 1,
          "regex": "",
          "skipUrlSync": false,
          "sort": 1,
          "tagValuesQuery": "",
          "tags": [],
          "tagsQuery": "",
          "type": "query",
          "useTags": false
        },
        {
          "allValue": null,
          "current": {
            "tags": [],
            "text": "UKASBNK135.Allocate-Cloud.com",
            "value": "UKASBNK135.Allocate-Cloud.com"
          },
          "datasource": "Prometheus",
          "definition": "label_values(canary_status_item{region=\"$region\"},instance)",
          "hide": 0,
          "includeAll": false,
          "label": "Application Server",
          "multi": false,
          "name": "applicationserver",
          "options": [],
          "query": "label_values(canary_status_item{region=\"$region\"},instance)",
          "refresh": 1,
          "regex": "",
          "skipUrlSync": false,
          "sort": 0,
          "tagValuesQuery": "",
          "tags": [],
          "tagsQuery": "",
          "type": "query",
          "useTags": false
        }
      ]
    },
    "time": {
      "from": "now-1h",
      "to": "now"
    },
    "timepicker": {
      "refresh_intervals": [
        "5s",
        "10s",
        "30s",
        "1m",
        "5m",
        "15m",
        "30m",
        "1h",
        "2h",
        "1d"
      ],
      "time_options": [
        "5m",
        "15m",
        "1h",
        "6h",
        "12h",
        "24h",
        "2d",
        "7d",
        "30d"
      ]
    },
    "timezone": "utc",
    "title": "Proof Of Life Dashboard",
    "uid": "BT2CeWXmk"
  }
}
