{
  "meta": {
    "type": "db",
    "canSave": true,
    "canEdit": true,
    "canAdmin": true,
    "canStar": true,
    "slug": "server-spec",
    "url": "/d/2dTxU0Liz/server-spec",
    "hasAcl": false,
    "isFolder": false,
    "folderId": 0,
    "folderTitle": "General",
    "folderUrl": "",
    "provisioned": false
  },
  "dashboard": {
    "annotations": {
      "list": [
        {
          "builtIn": 1,
          "datasource": "-- Grafana --",
          "enable": true,
          "hide": true,
          "iconColor": "rgba(0, 211, 255, 1)",
          "name": "Annotations & Alerts",
          "type": "dashboard"
        }
      ]
    },
    "editable": true,
    "gnetId": null,
    "graphTooltip": 0,
    "id": 104,
    "iteration": 1543437926323,
    "links": [],
    "panels": [
      {
        "collapsed": false,
        "gridPos": {
          "h": 1,
          "w": 24,
          "x": 0,
          "y": 0
        },
        "id": 8,
        "panels": [],
        "repeat": "server",
        "scopedVars": {
          "server": {
            "selected": true,
            "text": "UKASAPP04.Allocate-Cloud.com",
            "value": "UKASAPP04.Allocate-Cloud.com"
          }
        },
        "title": "$server",
        "type": "row"
      },
      {
        "aliasColors": {
          "idle": "#0A50A1"
        },
        "bars": false,
        "dashLength": 10,
        "dashes": false,
        "datasource": "Prometheus",
        "fill": 10,
        "gridPos": {
          "h": 8,
          "w": 18,
          "x": 0,
          "y": 1
        },
        "hideTimeOverride": false,
        "id": 2,
        "legend": {
          "alignAsTable": false,
          "avg": false,
          "current": true,
          "hideEmpty": false,
          "hideZero": false,
          "max": true,
          "min": false,
          "rightSide": false,
          "show": true,
          "total": false,
          "values": true
        },
        "lines": true,
        "linewidth": 0,
        "links": [],
        "nullPointMode": "connected",
        "percentage": true,
        "pointradius": 5,
        "points": false,
        "renderer": "flot",
        "repeat": null,
        "repeatDirection": "h",
        "scopedVars": {
          "server": {
            "selected": true,
            "text": "UKASAPP04.Allocate-Cloud.com",
            "value": "UKASAPP04.Allocate-Cloud.com"
          }
        },
        "seriesOverrides": [],
        "spaceLength": 10,
        "stack": true,
        "steppedLine": false,
        "targets": [
          {
            "application": {
              "filter": ""
            },
            "expr": "sum by (mode) (rate(wmi_cpu_time_total{instance=~\"$server\"}[5m]))",
            "format": "time_series",
            "functions": [],
            "group": {
              "filter": ""
            },
            "hide": false,
            "host": {
              "filter": ""
            },
            "instant": false,
            "intervalFactor": 10,
            "item": {
              "filter": ""
            },
            "legendFormat": "{{mode}}",
            "metric": "mysql_global_status_questions",
            "mode": 0,
            "options": {
              "showDisabledItems": false
            },
            "refId": "A",
            "step": 20
          }
        ],
        "thresholds": [],
        "timeFrom": null,
        "timeShift": null,
        "title": "CPU load - $server",
        "tooltip": {
          "shared": false,
          "sort": 0,
          "value_type": "individual"
        },
        "type": "graph",
        "xaxis": {
          "buckets": null,
          "mode": "time",
          "name": null,
          "show": true,
          "values": []
        },
        "yaxes": [
          {
            "format": "short",
            "label": null,
            "logBase": 1,
            "max": "100",
            "min": null,
            "show": true
          },
          {
            "format": "short",
            "label": null,
            "logBase": 1,
            "max": null,
            "min": null,
            "show": true
          }
        ],
        "yaxis": {
          "align": false,
          "alignLevel": null
        }
      },
      {
        "cacheTimeout": null,
        "colorBackground": false,
        "colorValue": false,
        "colors": [
          "#299c46",
          "rgba(237, 129, 40, 0.89)",
          "#d44a3a"
        ],
        "datasource": "Prometheus",
        "format": "none",
        "gauge": {
          "maxValue": 100,
          "minValue": 0,
          "show": false,
          "thresholdLabels": false,
          "thresholdMarkers": true
        },
        "gridPos": {
          "h": 8,
          "w": 6,
          "x": 18,
          "y": 1
        },
        "id": 4,
        "interval": null,
        "links": [],
        "mappingType": 1,
        "mappingTypes": [
          {
            "name": "value to text",
            "value": 1
          },
          {
            "name": "range to text",
            "value": 2
          }
        ],
        "maxDataPoints": 100,
        "nullPointMode": "connected",
        "nullText": null,
        "postfix": "",
        "postfixFontSize": "50%",
        "prefix": "",
        "prefixFontSize": "50%",
        "rangeMaps": [
          {
            "from": "null",
            "text": "N/A",
            "to": "null"
          }
        ],
        "repeat": null,
        "repeatDirection": "h",
        "scopedVars": {
          "server": {
            "selected": true,
            "text": "UKASAPP04.Allocate-Cloud.com",
            "value": "UKASAPP04.Allocate-Cloud.com"
          }
        },
        "sparkline": {
          "fillColor": "rgba(31, 118, 189, 0.18)",
          "full": false,
          "lineColor": "rgb(31, 120, 193)",
          "show": false
        },
        "tableColumn": "",
        "targets": [
          {
            "expr": "wmi_cs_logical_processors{instance=~\"$server\"}",
            "format": "time_series",
            "instant": true,
            "intervalFactor": 1,
            "legendFormat": "",
            "refId": "A"
          }
        ],
        "thresholds": "",
        "title": "Logical Processors",
        "type": "singlestat",
        "valueFontSize": "200%",
        "valueMaps": [
          {
            "op": "=",
            "text": "N/A",
            "value": "null"
          }
        ],
        "valueName": "total"
      },
      {
        "aliasColors": {},
        "bars": false,
        "dashLength": 10,
        "dashes": false,
        "datasource": "Prometheus",
        "fill": 1,
        "gridPos": {
          "h": 8,
          "w": 18,
          "x": 0,
          "y": 9
        },
        "hideTimeOverride": false,
        "id": 10,
        "legend": {
          "alignAsTable": false,
          "avg": false,
          "current": true,
          "max": true,
          "min": false,
          "rightSide": false,
          "show": true,
          "total": false,
          "values": true
        },
        "lines": true,
        "linewidth": 1,
        "links": [],
        "nullPointMode": "connected",
        "percentage": false,
        "pointradius": 5,
        "points": false,
        "renderer": "flot",
        "seriesOverrides": [],
        "spaceLength": 10,
        "stack": false,
        "steppedLine": false,
        "targets": [
          {
            "application": {
              "filter": ""
            },
            "expr": "wmi_os_virtual_memory_bytes{instance=~\"$server\"}",
            "format": "time_series",
            "functions": [],
            "group": {
              "filter": ""
            },
            "hide": false,
            "host": {
              "filter": ""
            },
            "intervalFactor": 1,
            "item": {
              "filter": ""
            },
            "legendFormat": "Virtual memory",
            "metric": "mysql_global_status_questions",
            "mode": 0,
            "options": {
              "showDisabledItems": false
            },
            "refId": "A",
            "step": 5
          },
          {
            "application": {
              "filter": ""
            },
            "expr": "wmi_cs_physical_memory_bytes{instance=~\"$server\"}",
            "format": "time_series",
            "functions": [],
            "group": {
              "filter": ""
            },
            "hide": false,
            "host": {
              "filter": ""
            },
            "intervalFactor": 1,
            "item": {
              "filter": ""
            },
            "legendFormat": "Physical memory",
            "metric": "mysql_global_status_questions",
            "mode": 0,
            "options": {
              "showDisabledItems": false
            },
            "refId": "B",
            "step": 5
          },
          {
            "application": {
              "filter": ""
            },
            "expr": "wmi_os_physical_memory_free_bytes{instance=~\"$server\"}",
            "format": "time_series",
            "functions": [],
            "group": {
              "filter": ""
            },
            "hide": false,
            "host": {
              "filter": ""
            },
            "intervalFactor": 1,
            "item": {
              "filter": ""
            },
            "legendFormat": "Free physical memory",
            "metric": "mysql_global_status_questions",
            "mode": 0,
            "options": {
              "showDisabledItems": false
            },
            "refId": "C",
            "step": 5
          }
        ],
        "thresholds": [],
        "timeFrom": null,
        "timeShift": null,
        "title": "Memory",
        "tooltip": {
          "shared": false,
          "sort": 0,
          "value_type": "individual"
        },
        "type": "graph",
        "xaxis": {
          "buckets": null,
          "mode": "time",
          "name": null,
          "show": true,
          "values": []
        },
        "yaxes": [
          {
            "format": "decbytes",
            "label": null,
            "logBase": 1,
            "max": null,
            "min": null,
            "show": true
          },
          {
            "format": "short",
            "label": null,
            "logBase": 1,
            "max": null,
            "min": null,
            "show": true
          }
        ],
        "yaxis": {
          "align": false,
          "alignLevel": null
        }
      },
      {
        "cacheTimeout": null,
        "colorBackground": false,
        "colorValue": false,
        "colors": [
          "#299c46",
          "rgba(237, 129, 40, 0.89)",
          "#d44a3a"
        ],
        "datasource": null,
        "format": "decgbytes",
        "gauge": {
          "maxValue": 100,
          "minValue": 0,
          "show": false,
          "thresholdLabels": false,
          "thresholdMarkers": true
        },
        "gridPos": {
          "h": 8,
          "w": 6,
          "x": 18,
          "y": 9
        },
        "id": 6,
        "interval": null,
        "links": [],
        "mappingType": 1,
        "mappingTypes": [
          {
            "name": "value to text",
            "value": 1
          },
          {
            "name": "range to text",
            "value": 2
          }
        ],
        "maxDataPoints": 100,
        "nullPointMode": "connected",
        "nullText": null,
        "postfix": "",
        "postfixFontSize": "50%",
        "prefix": "",
        "prefixFontSize": "50%",
        "rangeMaps": [
          {
            "from": "null",
            "text": "N/A",
            "to": "null"
          }
        ],
        "repeat": null,
        "repeatDirection": null,
        "scopedVars": {
          "server": {
            "selected": true,
            "text": "UKASAPP04.Allocate-Cloud.com",
            "value": "UKASAPP04.Allocate-Cloud.com"
          }
        },
        "sparkline": {
          "fillColor": "rgba(31, 118, 189, 0.18)",
          "full": false,
          "lineColor": "rgb(31, 120, 193)",
          "show": false
        },
        "tableColumn": "",
        "targets": [
          {
            "expr": "wmi_cs_physical_memory_bytes{instance=~\"$server\"} * 1e-09",
            "format": "time_series",
            "intervalFactor": 1,
            "refId": "A"
          }
        ],
        "thresholds": "",
        "title": "Memory",
        "type": "singlestat",
        "valueFontSize": "200%",
        "valueMaps": [
          {
            "op": "=",
            "text": "N/A",
            "value": "null"
          }
        ],
        "valueName": "current"
      }
    ],
    "schemaVersion": 16,
    "style": "dark",
    "tags": [],
    "templating": {
      "list": [
        {
          "allValue": null,
          "current": {
            "text": "ap-southeast-2",
            "value": "ap-southeast-2"
          },
          "datasource": "Prometheus",
          "hide": 0,
          "includeAll": false,
          "label": "region",
          "multi": false,
          "name": "region",
          "options": [],
          "query": "label_values(wmi_exporter_build_info, region)",
          "refresh": 1,
          "regex": "",
          "skipUrlSync": false,
          "sort": 0,
          "tagValuesQuery": "",
          "tags": [],
          "tagsQuery": "",
          "type": "query",
          "useTags": false
        },
        {
          "allValue": null,
          "current": {
            "text": "AUASSQL001.Allocate-Cloud.com.au",
            "value": "AUASSQL001.Allocate-Cloud.com.au"
          },
          "datasource": "Prometheus",
          "hide": 0,
          "includeAll": true,
          "label": "server",
          "multi": false,
          "name": "server",
          "options": [],
          "query": "label_values(wmi_exporter_build_info{region=\"$region\"}, instance)",
          "refresh": 1,
          "regex": "",
          "skipUrlSync": false,
          "sort": 0,
          "tagValuesQuery": "",
          "tags": [],
          "tagsQuery": "",
          "type": "query",
          "useTags": false
        }
      ]
    },
    "time": {
      "from": "now-6h",
      "to": "now"
    },
    "timepicker": {
      "refresh_intervals": [
        "5s",
        "10s",
        "30s",
        "1m",
        "5m",
        "15m",
        "30m",
        "1h",
        "2h",
        "1d"
      ],
      "time_options": [
        "5m",
        "15m",
        "1h",
        "6h",
        "12h",
        "24h",
        "2d",
        "7d",
        "30d"
      ]
    },
    "timezone": "",
    "title": "Server Spec",
    "uid": "2dTxU0Liz"
  }
}
