{
  "meta": {
    "type": "db",
    "canSave": true,
    "canEdit": true,
    "canAdmin": true,
    "canStar": true,
    "slug": "sql-server-alerts",
    "url": "/d/-7ZgTO-iz/sql-server-alerts",
    "hasAcl": false,
    "isFolder": false,
    "folderId": 133,
    "folderTitle": "SQL Server Dashboards",
    "folderUrl": "/dashboards/f/niSpctrmz/sql-server-dashboards",
    "provisioned": false
  },
  "dashboard": {
    "annotations": {
      "list": [
        {
          "builtIn": 1,
          "datasource": "-- Grafana --",
          "enable": true,
          "hide": true,
          "iconColor": "rgba(0, 211, 255, 1)",
          "name": "Annotations & Alerts",
          "type": "dashboard"
        }
      ]
    },
    "description": "Prometheus dashboard for Microsoft SQL Server",
    "editable": true,
    "gnetId": 763,
    "graphTooltip": 1,
    "id": 92,
    "links": [],
    "panels": [
      {
        "alert": {
          "conditions": [
            {
              "evaluator": {
                "params": [
                  10
                ],
                "type": "gt"
              },
              "operator": {
                "type": "and"
              },
              "query": {
                "params": [
                  "A",
                  "5m",
                  "now"
                ]
              },
              "reducer": {
                "params": [],
                "type": "avg"
              },
              "type": "query"
            }
          ],
          "executionErrorState": "keep_state",
          "frequency": "10s",
          "handler": 1,
          "message": "RFLFT is generating deadlocks. \n\nRun a SSMS query on the master db -\n\ndbcc opentran\n\nThis should return a set of results that contains a spid.\n\nTake the spid and run  -\n\nkill Spid 123456\n\nRe-run\n\ndbcc opentran \n\nThis should result No active open transactions\n\nIf it does not work then you can restart the SQL instance.\n\nAfter any of the above, then I would check the BS link to ensure we can login.\n\nhttps://rflft.allocate-cloud.com/BankStaff/UserLogin.aspx",
          "name": "[P1] SQL General Statistics/Processes blocked alert",
          "noDataState": "no_data",
          "notifications": [
            {
              "id": 6
            }
          ]
        },
        "aliasColors": {},
        "bars": false,
        "dashLength": 10,
        "dashes": false,
        "datasource": "Prometheus",
        "editable": true,
        "error": false,
        "fill": 1,
        "grid": {},
        "gridPos": {
          "h": 9,
          "w": 17,
          "x": 0,
          "y": 0
        },
        "id": 50,
        "legend": {
          "alignAsTable": false,
          "avg": true,
          "current": true,
          "max": false,
          "min": false,
          "rightSide": false,
          "show": true,
          "total": true,
          "values": true
        },
        "lines": true,
        "linewidth": 1,
        "links": [],
        "nullPointMode": "null",
        "percentage": false,
        "pointradius": 5,
        "points": false,
        "renderer": "flot",
        "seriesOverrides": [],
        "spaceLength": 10,
        "stack": false,
        "steppedLine": false,
        "targets": [
          {
            "expr": "wmi_mssql_genstats_blocked_processes{instance=\"UKASSQLTEMP.Allocate-Cloud.com\",exported_instance=~\"RFLFT\"}",
            "format": "time_series",
            "hide": false,
            "interval": "",
            "intervalFactor": 1,
            "legendFormat": "{{exported_instance}}",
            "refId": "A",
            "step": 20
          }
        ],
        "thresholds": [
          {
            "colorMode": "critical",
            "fill": true,
            "line": true,
            "op": "gt",
            "value": 10
          }
        ],
        "timeFrom": null,
        "timeShift": null,
        "title": "RFLFT - SQLServer:General Statistics/Processes blocked",
        "tooltip": {
          "msResolution": true,
          "shared": true,
          "sort": 0,
          "value_type": "cumulative"
        },
        "transparent": true,
        "type": "graph",
        "xaxis": {
          "buckets": null,
          "mode": "time",
          "name": null,
          "show": true,
          "values": []
        },
        "yaxes": [
          {
            "decimals": null,
            "format": "none",
            "label": null,
            "logBase": 1,
            "max": null,
            "min": "0",
            "show": true
          },
          {
            "format": "short",
            "label": null,
            "logBase": 1,
            "max": null,
            "min": null,
            "show": true
          }
        ],
        "yaxis": {
          "align": false,
          "alignLevel": null
        }
      },
      {
        "dashboardFilter": "",
        "dashboardTags": [],
        "folderId": null,
        "gridPos": {
          "h": 8,
          "w": 7,
          "x": 17,
          "y": 0
        },
        "id": 52,
        "limit": 10,
        "links": [],
        "nameFilter": "",
        "onlyAlertsOnDashboard": true,
        "show": "current",
        "sortOrder": 1,
        "stateFilter": [],
        "title": "Alerts",
        "type": "alertlist"
      },
      {
        "aliasColors": {},
        "bars": false,
        "dashLength": 10,
        "dashes": false,
        "datasource": "Prometheus",
        "fill": 1,
        "gridPos": {
          "h": 9,
          "w": 17,
          "x": 0,
          "y": 9
        },
        "id": 54,
        "legend": {
          "avg": false,
          "current": false,
          "max": false,
          "min": false,
          "show": true,
          "total": false,
          "values": false
        },
        "lines": true,
        "linewidth": 1,
        "links": [],
        "nullPointMode": "null",
        "percentage": false,
        "pointradius": 5,
        "points": false,
        "renderer": "flot",
        "seriesOverrides": [],
        "spaceLength": 10,
        "stack": false,
        "steppedLine": false,
        "targets": [
          {
            "expr": "wmi_iis_worker_current_requests{region=\"hg1-allocate\",instance=\"UKASBNK47.Allocate-Cloud.com\"}",
            "format": "time_series",
            "interval": "",
            "intervalFactor": 1,
            "legendFormat": "{{app}}",
            "refId": "A"
          }
        ],
        "thresholds": [],
        "timeFrom": null,
        "timeShift": null,
        "title": "Application Pool Requests",
        "tooltip": {
          "shared": true,
          "sort": 0,
          "value_type": "individual"
        },
        "type": "graph",
        "xaxis": {
          "buckets": null,
          "mode": "time",
          "name": null,
          "show": true,
          "values": []
        },
        "yaxes": [
          {
            "format": "short",
            "label": null,
            "logBase": 1,
            "max": null,
            "min": null,
            "show": true
          },
          {
            "format": "short",
            "label": null,
            "logBase": 1,
            "max": null,
            "min": null,
            "show": true
          }
        ],
        "yaxis": {
          "align": false,
          "alignLevel": null
        }
      }
    ],
    "refresh": false,
    "schemaVersion": 18,
    "style": "dark",
    "tags": [],
    "templating": {
      "list": [
        {
          "allValue": null,
          "current": {
            "text": "hg1-allocate",
            "value": "hg1-allocate"
          },
          "datasource": "Prometheus",
          "hide": 0,
          "includeAll": false,
          "label": "Region",
          "multi": false,
          "name": "region",
          "options": [],
          "query": "label_values(wmi_system_system_up_time, region)",
          "refresh": 2,
          "regex": "",
          "skipUrlSync": false,
          "sort": 2,
          "tagValuesQuery": "",
          "tags": [],
          "tagsQuery": "",
          "type": "query",
          "useTags": false
        },
        {
          "current": {
            "text": "Prometheus",
            "value": "Prometheus"
          },
          "hide": 2,
          "label": null,
          "name": "source",
          "options": [],
          "query": "prometheus",
          "refresh": 1,
          "regex": "/Prometheus$/",
          "skipUrlSync": false,
          "type": "datasource"
        },
        {
          "allValue": null,
          "current": {
            "text": "UKASSQLTEMP.Allocate-Cloud.com",
            "value": "UKASSQLTEMP.Allocate-Cloud.com"
          },
          "datasource": "$source",
          "hide": 0,
          "includeAll": false,
          "label": null,
          "multi": false,
          "name": "server",
          "options": [],
          "query": "label_values(wmi_mssql_genstats_transactions{region=\"$region\"}, instance)",
          "refresh": 1,
          "regex": "",
          "skipUrlSync": false,
          "sort": 1,
          "tagValuesQuery": "",
          "tags": [],
          "tagsQuery": "",
          "type": "query",
          "useTags": false
        },
        {
          "allValue": null,
          "current": {
            "text": "All",
            "value": "$__all"
          },
          "datasource": "$source",
          "hide": 0,
          "includeAll": true,
          "label": "Instance",
          "multi": false,
          "name": "DBinstance",
          "options": [],
          "query": "label_values(wmi_mssql_databases_log_pool_hash_inserts{instance=\"$server\"}, exported_instance)",
          "refresh": 1,
          "regex": "",
          "skipUrlSync": false,
          "sort": 0,
          "tagValuesQuery": "",
          "tags": [],
          "tagsQuery": "",
          "type": "query",
          "useTags": false
        }
      ]
    },
    "time": {
      "from": "now-15m",
      "to": "now"
    },
    "timepicker": {
      "refresh_intervals": [
        "5s",
        "10s",
        "30s",
        "1m",
        "5m",
        "15m",
        "30m",
        "1h",
        "2h",
        "1d"
      ],
      "time_options": [
        "5m",
        "15m",
        "1h",
        "6h",
        "12h",
        "24h",
        "2d",
        "7d",
        "30d"
      ]
    },
    "timezone": "browser",
    "title": "SQL Server Alerts",
    "uid": "-7ZgTO-iz"
  }
}
