{
  "meta": {
    "type": "db",
    "canSave": true,
    "canEdit": true,
    "canAdmin": true,
    "canStar": true,
    "slug": "sql-tempdb-sizes",
    "url": "/d/4eENdpriz/sql-tempdb-sizes",
    "hasAcl": false,
    "isFolder": false,
    "folderId": 133,
    "folderTitle": "SQL Server Dashboards",
    "folderUrl": "/dashboards/f/niSpctrmz/sql-server-dashboards",
    "provisioned": false
  },
  "dashboard": {
    "annotations": {
      "list": [
        {
          "builtIn": 1,
          "datasource": "-- Grafana --",
          "enable": true,
          "hide": true,
          "iconColor": "rgba(0, 211, 255, 1)",
          "name": "Annotations & Alerts",
          "type": "dashboard"
        }
      ]
    },
    "editable": true,
    "gnetId": null,
    "graphTooltip": 0,
    "id": 131,
    "iteration": 1550843998466,
    "links": [],
    "panels": [
      {
        "columns": [],
        "fontSize": "100%",
        "gridPos": {
          "h": 12,
          "w": 24,
          "x": 0,
          "y": 0
        },
        "id": 2,
        "links": [],
        "pageSize": null,
        "scroll": true,
        "showHeader": true,
        "sort": {
          "col": 7,
          "desc": true
        },
        "styles": [
          {
            "alias": "Time",
            "dateFormat": "YYYY-MM-DD HH:mm:ss",
            "pattern": "Time",
            "type": "hidden"
          },
          {
            "alias": "",
            "colorMode": null,
            "colors": [
              "rgba(245, 54, 54, 0.9)",
              "rgba(237, 129, 40, 0.89)",
              "rgba(50, 172, 45, 0.97)"
            ],
            "dateFormat": "YYYY-MM-DD HH:mm:ss",
            "decimals": 2,
            "mappingType": 1,
            "pattern": "__name__",
            "thresholds": [],
            "type": "hidden",
            "unit": "short"
          },
          {
            "alias": "Size",
            "colorMode": null,
            "colors": [
              "rgba(245, 54, 54, 0.9)",
              "rgba(237, 129, 40, 0.89)",
              "rgba(50, 172, 45, 0.97)"
            ],
            "dateFormat": "YYYY-MM-DD HH:mm:ss",
            "decimals": 2,
            "mappingType": 1,
            "pattern": "Value",
            "thresholds": [],
            "type": "number",
            "unit": "decbytes"
          },
          {
            "alias": "",
            "colorMode": null,
            "colors": [
              "rgba(245, 54, 54, 0.9)",
              "rgba(237, 129, 40, 0.89)",
              "rgba(50, 172, 45, 0.97)"
            ],
            "decimals": 2,
            "pattern": "/.*/",
            "thresholds": [],
            "type": "number",
            "unit": "short"
          }
        ],
        "targets": [
          {
            "expr": "wmi_mssql_databases_data_files_size_bytes{instance=~\"$server\",exported_instance=~\"$DBinstance\",database=~\"tempdb\"}",
            "format": "table",
            "instant": true,
            "intervalFactor": 1,
            "refId": "A"
          }
        ],
        "timeFrom": null,
        "timeShift": null,
        "title": "TempDB Sizes",
        "transform": "table",
        "type": "table"
      }
    ],
    "schemaVersion": 18,
    "style": "dark",
    "tags": [],
    "templating": {
      "list": [
        {
          "allValue": null,
          "current": {
            "text": "ap-southeast-1",
            "value": "ap-southeast-1"
          },
          "datasource": "Prometheus",
          "definition": "label_values(wmi_system_system_up_time, region)",
          "hide": 0,
          "includeAll": true,
          "label": "Region",
          "multi": false,
          "name": "region",
          "options": [],
          "query": "label_values(wmi_system_system_up_time, region)",
          "refresh": 1,
          "regex": "",
          "skipUrlSync": false,
          "sort": 1,
          "tagValuesQuery": "",
          "tags": [],
          "tagsQuery": "",
          "type": "query",
          "useTags": false
        },
        {
          "allValue": null,
          "current": {
            "text": "SGASSQLPREPROD1.Allocate-Cloud.sg",
            "value": "SGASSQLPREPROD1.Allocate-Cloud.sg"
          },
          "datasource": "Prometheus",
          "definition": "label_values(wmi_mssql_genstats_transactions{region=~\"$region\"}, instance)",
          "hide": 0,
          "includeAll": true,
          "label": null,
          "multi": false,
          "name": "server",
          "options": [],
          "query": "label_values(wmi_mssql_genstats_transactions{region=~\"$region\"}, instance)",
          "refresh": 1,
          "regex": "",
          "skipUrlSync": false,
          "sort": 1,
          "tagValuesQuery": "",
          "tags": [],
          "tagsQuery": "",
          "type": "query",
          "useTags": false
        },
        {
          "allValue": "",
          "current": {
            "text": "GLOBAL",
            "value": "GLOBAL"
          },
          "datasource": "Prometheus",
          "definition": "label_values(wmi_mssql_databases_log_pool_hash_inserts{instance=~\"$server\"}, exported_instance)",
          "hide": 0,
          "includeAll": true,
          "label": null,
          "multi": false,
          "name": "DBinstance",
          "options": [],
          "query": "label_values(wmi_mssql_databases_log_pool_hash_inserts{instance=~\"$server\"}, exported_instance)",
          "refresh": 1,
          "regex": "",
          "skipUrlSync": false,
          "sort": 1,
          "tagValuesQuery": "",
          "tags": [],
          "tagsQuery": "",
          "type": "query",
          "useTags": false
        }
      ]
    },
    "time": {
      "from": "now-6h",
      "to": "now"
    },
    "timepicker": {
      "refresh_intervals": [
        "5s",
        "10s",
        "30s",
        "1m",
        "5m",
        "15m",
        "30m",
        "1h",
        "2h",
        "1d"
      ],
      "time_options": [
        "5m",
        "15m",
        "1h",
        "6h",
        "12h",
        "24h",
        "2d",
        "7d",
        "30d"
      ]
    },
    "timezone": "",
    "title": "SQL - TempDB Sizes",
    "uid": "4eENdpriz"
  }
}
