{
  "meta": {
    "type": "db",
    "canSave": true,
    "canEdit": true,
    "canAdmin": true,
    "canStar": true,
    "slug": "sql-server-overview",
    "url": "/d/ZPir1AFiz/sql-server-overview",
    "hasAcl": false,
    "isFolder": false,
    "folderId": 133,
    "folderTitle": "SQL Server Dashboards",
    "folderUrl": "/dashboards/f/niSpctrmz/sql-server-dashboards",
    "provisioned": false
  },
  "dashboard": {
    "annotations": {
      "list": [
        {
          "builtIn": 1,
          "datasource": "-- Grafana --",
          "enable": true,
          "hide": true,
          "iconColor": "rgba(0, 211, 255, 1)",
          "name": "Annotations & Alerts",
          "type": "dashboard"
        }
      ]
    },
    "description": "Prometheus dashboard for Microsoft SQL Server",
    "editable": true,
    "gnetId": 763,
    "graphTooltip": 1,
    "id": 69,
    "links": [],
    "panels": [
      {
        "aliasColors": {},
        "bars": false,
        "dashLength": 10,
        "dashes": false,
        "datasource": "$source",
        "editable": true,
        "error": false,
        "fill": 1,
        "grid": {},
        "gridPos": {
          "h": 7,
          "w": 6,
          "x": 0,
          "y": 0
        },
        "id": 1,
        "legend": {
          "avg": false,
          "current": false,
          "max": false,
          "min": false,
          "show": false,
          "total": false,
          "values": false
        },
        "lines": true,
        "linewidth": 1,
        "links": [],
        "nullPointMode": "connected",
        "percentage": false,
        "pointradius": 5,
        "points": false,
        "renderer": "flot",
        "seriesOverrides": [],
        "spaceLength": 10,
        "stack": false,
        "steppedLine": false,
        "targets": [
          {
            "expr": "sum (irate(wmi_cpu_time_total{instance=\"$server\", mode!=\"idle\"}[5m])) / count (wmi_cpu_time_total{instance=\"$server\",mode=\"idle\"}) * 100",
            "format": "time_series",
            "hide": false,
            "interval": "",
            "intervalFactor": 1,
            "legendFormat": "",
            "refId": "A",
            "step": 20
          }
        ],
        "thresholds": [],
        "timeFrom": null,
        "timeShift": null,
        "title": "% Processor Time",
        "tooltip": {
          "msResolution": true,
          "shared": true,
          "sort": 0,
          "value_type": "cumulative"
        },
        "type": "graph",
        "xaxis": {
          "buckets": null,
          "mode": "time",
          "name": null,
          "show": true,
          "values": []
        },
        "yaxes": [
          {
            "decimals": null,
            "format": "percent",
            "label": null,
            "logBase": 1,
            "max": "100",
            "min": "0",
            "show": true
          },
          {
            "decimals": null,
            "format": "short",
            "label": null,
            "logBase": 1,
            "max": null,
            "min": null,
            "show": true
          }
        ],
        "yaxis": {
          "align": false,
          "alignLevel": null
        }
      },
      {
        "aliasColors": {},
        "bars": false,
        "dashLength": 10,
        "dashes": false,
        "datasource": "$source",
        "editable": true,
        "error": false,
        "fill": 1,
        "grid": {},
        "gridPos": {
          "h": 7,
          "w": 6,
          "x": 6,
          "y": 0
        },
        "id": 44,
        "legend": {
          "avg": false,
          "current": false,
          "max": false,
          "min": false,
          "show": false,
          "total": false,
          "values": false
        },
        "lines": true,
        "linewidth": 1,
        "links": [],
        "nullPointMode": "connected",
        "percentage": false,
        "pointradius": 5,
        "points": false,
        "renderer": "flot",
        "seriesOverrides": [],
        "spaceLength": 10,
        "stack": false,
        "steppedLine": false,
        "targets": [
          {
            "expr": "wmi_system_processor_queue_length{instance=\"$server\"}",
            "format": "time_series",
            "hide": false,
            "interval": "",
            "intervalFactor": 1,
            "legendFormat": "",
            "refId": "A",
            "step": 20
          }
        ],
        "thresholds": [],
        "timeFrom": null,
        "timeShift": null,
        "title": "Processor Queue Length",
        "tooltip": {
          "msResolution": true,
          "shared": true,
          "sort": 0,
          "value_type": "cumulative"
        },
        "type": "graph",
        "xaxis": {
          "buckets": null,
          "mode": "time",
          "name": null,
          "show": true,
          "values": []
        },
        "yaxes": [
          {
            "decimals": null,
            "format": "none",
            "label": null,
            "logBase": 1,
            "max": null,
            "min": "0",
            "show": true
          },
          {
            "format": "short",
            "label": null,
            "logBase": 1,
            "max": null,
            "min": null,
            "show": true
          }
        ],
        "yaxis": {
          "align": false,
          "alignLevel": null
        }
      },
      {
        "aliasColors": {},
        "bars": false,
        "dashLength": 10,
        "dashes": false,
        "datasource": "$source",
        "editable": true,
        "error": false,
        "fill": 0,
        "grid": {},
        "gridPos": {
          "h": 7,
          "w": 6,
          "x": 12,
          "y": 0
        },
        "id": 34,
        "legend": {
          "avg": false,
          "current": false,
          "max": false,
          "min": false,
          "show": true,
          "total": false,
          "values": false
        },
        "lines": true,
        "linewidth": 1,
        "links": [],
        "nullPointMode": "connected",
        "percentage": false,
        "pointradius": 5,
        "points": false,
        "renderer": "flot",
        "seriesOverrides": [
          {
            "alias": "Total",
            "color": "#0a50a1"
          },
          {
            "alias": "Used",
            "color": "#629e51",
            "fill": 1
          }
        ],
        "spaceLength": 10,
        "stack": false,
        "steppedLine": false,
        "targets": [
          {
            "expr": "wmi_os_visible_memory_bytes{instance=\"$server\"}  \n",
            "format": "time_series",
            "hide": false,
            "interval": "",
            "intervalFactor": 1,
            "legendFormat": "Total",
            "refId": "A",
            "step": 20
          },
          {
            "expr": "wmi_os_visible_memory_bytes{instance=\"$server\"} - wmi_os_physical_memory_free_bytes{instance=\"$server\"}",
            "format": "time_series",
            "intervalFactor": 1,
            "legendFormat": "Used",
            "refId": "B"
          }
        ],
        "thresholds": [],
        "timeFrom": null,
        "timeShift": null,
        "title": "Physical Memory",
        "tooltip": {
          "msResolution": true,
          "shared": true,
          "sort": 0,
          "value_type": "cumulative"
        },
        "type": "graph",
        "xaxis": {
          "buckets": null,
          "mode": "time",
          "name": null,
          "show": true,
          "values": []
        },
        "yaxes": [
          {
            "decimals": null,
            "format": "decbytes",
            "label": null,
            "logBase": 1,
            "max": null,
            "min": "0",
            "show": true
          },
          {
            "format": "short",
            "label": null,
            "logBase": 1,
            "max": null,
            "min": null,
            "show": true
          }
        ],
        "yaxis": {
          "align": false,
          "alignLevel": null
        }
      },
      {
        "cacheTimeout": null,
        "colorBackground": false,
        "colorPrefix": false,
        "colorValue": false,
        "colors": [
          "#299c46",
          "rgba(237, 129, 40, 0.89)",
          "#d44a3a"
        ],
        "format": "none",
        "gauge": {
          "maxValue": 100,
          "minValue": 0,
          "show": false,
          "thresholdLabels": false,
          "thresholdMarkers": true
        },
        "gridPos": {
          "h": 7,
          "w": 6,
          "x": 18,
          "y": 0
        },
        "id": 57,
        "interval": null,
        "links": [],
        "mappingType": 1,
        "mappingTypes": [
          {
            "name": "value to text",
            "value": 1
          },
          {
            "name": "range to text",
            "value": 2
          }
        ],
        "maxDataPoints": 100,
        "nullPointMode": "connected",
        "nullText": null,
        "postfix": "",
        "postfixFontSize": "50%",
        "prefix": "",
        "prefixFontSize": "50%",
        "rangeMaps": [
          {
            "from": "null",
            "text": "N/A",
            "to": "null"
          }
        ],
        "sparkline": {
          "fillColor": "rgba(31, 118, 189, 0.18)",
          "full": false,
          "lineColor": "rgb(31, 120, 193)",
          "show": false
        },
        "tableColumn": "Value",
        "targets": [
          {
            "expr": "count(wmi_mssql_genstats_user_connections{instance=\"$server\"})",
            "format": "table",
            "instant": true,
            "interval": "",
            "intervalFactor": 1,
            "legendFormat": "",
            "refId": "A"
          }
        ],
        "thresholds": "",
        "title": "Number of Instances on $server",
        "type": "singlestat",
        "valueFontSize": "200%",
        "valueMaps": [
          {
            "op": "=",
            "text": "N/A",
            "value": "null"
          }
        ],
        "valueName": "avg"
      },
      {
        "aliasColors": {},
        "bars": false,
        "dashLength": 10,
        "dashes": false,
        "datasource": "$source",
        "editable": true,
        "error": false,
        "fill": 1,
        "grid": {},
        "gridPos": {
          "h": 9,
          "w": 12,
          "x": 0,
          "y": 7
        },
        "id": 41,
        "legend": {
          "avg": false,
          "current": false,
          "max": false,
          "min": false,
          "show": true,
          "total": false,
          "values": false
        },
        "lines": true,
        "linewidth": 1,
        "links": [],
        "nullPointMode": "connected",
        "percentage": false,
        "pointradius": 5,
        "points": false,
        "renderer": "flot",
        "seriesOverrides": [],
        "spaceLength": 10,
        "stack": false,
        "steppedLine": false,
        "targets": [
          {
            "expr": "irate(wmi_logical_disk_writes_total{instance=\"$server\"}[5m])",
            "format": "time_series",
            "hide": false,
            "interval": "",
            "intervalFactor": 1,
            "legendFormat": "{{ volume }} - Writes",
            "refId": "A",
            "step": 20
          },
          {
            "expr": "irate(wmi_logical_disk_reads_total{instance=\"$server\"}[5m])",
            "format": "time_series",
            "interval": "",
            "intervalFactor": 1,
            "legendFormat": "{{ volume }} - Reads",
            "refId": "B"
          }
        ],
        "thresholds": [],
        "timeFrom": null,
        "timeShift": null,
        "title": "Disk Reads & Writes",
        "tooltip": {
          "msResolution": true,
          "shared": true,
          "sort": 0,
          "value_type": "cumulative"
        },
        "type": "graph",
        "xaxis": {
          "buckets": null,
          "mode": "time",
          "name": null,
          "show": true,
          "values": []
        },
        "yaxes": [
          {
            "decimals": null,
            "format": "none",
            "label": null,
            "logBase": 1,
            "max": null,
            "min": null,
            "show": true
          },
          {
            "format": "short",
            "label": null,
            "logBase": 1,
            "max": null,
            "min": null,
            "show": true
          }
        ],
        "yaxis": {
          "align": false,
          "alignLevel": null
        }
      },
      {
        "columns": [],
        "fontSize": "100%",
        "gridPos": {
          "h": 9,
          "w": 12,
          "x": 12,
          "y": 7
        },
        "id": 59,
        "links": [],
        "pageSize": null,
        "scroll": true,
        "showHeader": true,
        "sort": {
          "col": 0,
          "desc": true
        },
        "styles": [
          {
            "alias": "Time",
            "dateFormat": "YYYY-MM-DD HH:mm:ss",
            "pattern": "Time",
            "type": "hidden"
          },
          {
            "alias": "Size",
            "colorMode": null,
            "colors": [
              "rgba(245, 54, 54, 0.9)",
              "rgba(237, 129, 40, 0.89)",
              "rgba(50, 172, 45, 0.97)"
            ],
            "dateFormat": "YYYY-MM-DD HH:mm:ss",
            "decimals": 2,
            "mappingType": 1,
            "pattern": "Value",
            "thresholds": [],
            "type": "number",
            "unit": "bytes"
          },
          {
            "alias": "",
            "colorMode": null,
            "colors": [
              "rgba(245, 54, 54, 0.9)",
              "rgba(237, 129, 40, 0.89)",
              "rgba(50, 172, 45, 0.97)"
            ],
            "dateFormat": "YYYY-MM-DD HH:mm:ss",
            "decimals": 2,
            "mappingType": 1,
            "pattern": "__name__",
            "thresholds": [],
            "type": "hidden",
            "unit": "short"
          },
          {
            "alias": "Instance",
            "colorMode": null,
            "colors": [
              "rgba(245, 54, 54, 0.9)",
              "rgba(237, 129, 40, 0.89)",
              "rgba(50, 172, 45, 0.97)"
            ],
            "dateFormat": "YYYY-MM-DD HH:mm:ss",
            "decimals": 2,
            "mappingType": 1,
            "pattern": "exported_instance",
            "thresholds": [],
            "type": "number",
            "unit": "short"
          },
          {
            "alias": "Server",
            "colorMode": null,
            "colors": [
              "rgba(245, 54, 54, 0.9)",
              "rgba(237, 129, 40, 0.89)",
              "rgba(50, 172, 45, 0.97)"
            ],
            "dateFormat": "YYYY-MM-DD HH:mm:ss",
            "decimals": 2,
            "mappingType": 1,
            "pattern": "instance",
            "thresholds": [],
            "type": "number",
            "unit": "short"
          },
          {
            "alias": "",
            "colorMode": null,
            "colors": [
              "rgba(245, 54, 54, 0.9)",
              "rgba(237, 129, 40, 0.89)",
              "rgba(50, 172, 45, 0.97)"
            ],
            "dateFormat": "YYYY-MM-DD HH:mm:ss",
            "decimals": 2,
            "mappingType": 1,
            "pattern": "job",
            "thresholds": [],
            "type": "hidden",
            "unit": "short"
          },
          {
            "alias": "Region",
            "colorMode": null,
            "colors": [
              "rgba(245, 54, 54, 0.9)",
              "rgba(237, 129, 40, 0.89)",
              "rgba(50, 172, 45, 0.97)"
            ],
            "dateFormat": "YYYY-MM-DD HH:mm:ss",
            "decimals": 2,
            "mappingType": 1,
            "pattern": "region",
            "thresholds": [],
            "type": "number",
            "unit": "short"
          },
          {
            "alias": "Database",
            "colorMode": null,
            "colors": [
              "rgba(245, 54, 54, 0.9)",
              "rgba(237, 129, 40, 0.89)",
              "rgba(50, 172, 45, 0.97)"
            ],
            "dateFormat": "YYYY-MM-DD HH:mm:ss",
            "decimals": 2,
            "mappingType": 1,
            "pattern": "database",
            "thresholds": [],
            "type": "number",
            "unit": "short"
          },
          {
            "alias": "",
            "colorMode": null,
            "colors": [
              "rgba(245, 54, 54, 0.9)",
              "rgba(237, 129, 40, 0.89)",
              "rgba(50, 172, 45, 0.97)"
            ],
            "decimals": 2,
            "pattern": "/.*/",
            "thresholds": [],
            "type": "number",
            "unit": "short"
          }
        ],
        "targets": [
          {
            "expr": "wmi_mssql_databases_data_files_size_bytes{instance=~\"$server\",exported_instance=~\"$DBinstance\",database!~\"tempdb|model|msdb|master|mssqlsystemresource|test|Test\"}",
            "format": "table",
            "instant": true,
            "intervalFactor": 1,
            "legendFormat": "",
            "refId": "A"
          }
        ],
        "title": "Mounted Databases",
        "transform": "table",
        "type": "table"
      },
      {
        "aliasColors": {},
        "bars": false,
        "dashLength": 10,
        "dashes": false,
        "datasource": "$source",
        "editable": true,
        "error": false,
        "fill": 1,
        "grid": {},
        "gridPos": {
          "h": 7,
          "w": 6,
          "x": 0,
          "y": 16
        },
        "id": 46,
        "legend": {
          "avg": false,
          "current": false,
          "max": false,
          "min": false,
          "show": false,
          "total": false,
          "values": false
        },
        "lines": true,
        "linewidth": 1,
        "links": [],
        "nullPointMode": "connected",
        "percentage": false,
        "pointradius": 5,
        "points": false,
        "renderer": "flot",
        "seriesOverrides": [],
        "spaceLength": 10,
        "stack": false,
        "steppedLine": false,
        "targets": [
          {
            "expr": "irate(wmi_net_bytes_total{instance=\"$server\"}[5m])",
            "format": "time_series",
            "hide": false,
            "interval": "",
            "intervalFactor": 1,
            "legendFormat": "{{ nic }}",
            "refId": "A",
            "step": 20
          }
        ],
        "thresholds": [],
        "timeFrom": null,
        "timeShift": null,
        "title": "Network interface rate",
        "tooltip": {
          "msResolution": true,
          "shared": true,
          "sort": 0,
          "value_type": "cumulative"
        },
        "type": "graph",
        "xaxis": {
          "buckets": null,
          "mode": "time",
          "name": null,
          "show": true,
          "values": []
        },
        "yaxes": [
          {
            "decimals": null,
            "format": "bps",
            "label": null,
            "logBase": 1,
            "max": null,
            "min": null,
            "show": true
          },
          {
            "format": "short",
            "label": null,
            "logBase": 1,
            "max": null,
            "min": null,
            "show": true
          }
        ],
        "yaxis": {
          "align": false,
          "alignLevel": null
        }
      },
      {
        "aliasColors": {},
        "bars": false,
        "dashLength": 10,
        "dashes": false,
        "datasource": "$source",
        "editable": true,
        "error": false,
        "fill": 1,
        "grid": {},
        "gridPos": {
          "h": 7,
          "w": 6,
          "x": 6,
          "y": 16
        },
        "id": 45,
        "legend": {
          "avg": false,
          "current": false,
          "max": false,
          "min": false,
          "show": true,
          "total": false,
          "values": false
        },
        "lines": true,
        "linewidth": 1,
        "links": [],
        "nullPointMode": "connected",
        "percentage": false,
        "pointradius": 5,
        "points": false,
        "renderer": "flot",
        "seriesOverrides": [],
        "spaceLength": 10,
        "stack": false,
        "steppedLine": false,
        "targets": [
          {
            "expr": "1-rate(wmi_logical_disk_idle_seconds_total{instance=\"$server\"}[5m])",
            "format": "time_series",
            "hide": false,
            "interval": "",
            "intervalFactor": 1,
            "legendFormat": "{{ volume }}",
            "refId": "A",
            "step": 20
          }
        ],
        "thresholds": [],
        "timeFrom": null,
        "timeShift": null,
        "title": "Percent Disk Busy",
        "tooltip": {
          "msResolution": true,
          "shared": true,
          "sort": 0,
          "value_type": "cumulative"
        },
        "type": "graph",
        "xaxis": {
          "buckets": null,
          "mode": "time",
          "name": null,
          "show": true,
          "values": []
        },
        "yaxes": [
          {
            "decimals": null,
            "format": "percentunit",
            "label": null,
            "logBase": 1,
            "max": "1",
            "min": "0",
            "show": true
          },
          {
            "format": "short",
            "label": null,
            "logBase": 1,
            "max": null,
            "min": null,
            "show": true
          }
        ],
        "yaxis": {
          "align": false,
          "alignLevel": null
        }
      },
      {
        "aliasColors": {},
        "bars": false,
        "dashLength": 10,
        "dashes": false,
        "datasource": "$source",
        "editable": true,
        "error": false,
        "fill": 1,
        "grid": {},
        "gridPos": {
          "h": 7,
          "w": 12,
          "x": 12,
          "y": 16
        },
        "id": 51,
        "legend": {
          "avg": true,
          "current": false,
          "max": false,
          "min": false,
          "show": true,
          "total": false,
          "values": true
        },
        "lines": true,
        "linewidth": 1,
        "links": [],
        "nullPointMode": "connected",
        "percentage": false,
        "pointradius": 5,
        "points": false,
        "renderer": "flot",
        "seriesOverrides": [],
        "spaceLength": 10,
        "stack": false,
        "steppedLine": false,
        "targets": [
          {
            "expr": "irate(wmi_mssql_accessmethods_page_splits{instance=\"$server\",exported_instance=~\"$DBinstance\"}[5m])",
            "format": "time_series",
            "hide": false,
            "interval": "",
            "intervalFactor": 1,
            "legendFormat": "{{exported_instance}}",
            "refId": "A",
            "step": 20
          }
        ],
        "thresholds": [],
        "timeFrom": null,
        "timeShift": null,
        "title": "SQLServer:Access Methods/Page Splits",
        "tooltip": {
          "msResolution": true,
          "shared": true,
          "sort": 0,
          "value_type": "cumulative"
        },
        "type": "graph",
        "xaxis": {
          "buckets": null,
          "mode": "time",
          "name": null,
          "show": true,
          "values": []
        },
        "yaxes": [
          {
            "decimals": null,
            "format": "none",
            "label": null,
            "logBase": 1,
            "max": null,
            "min": "0",
            "show": true
          },
          {
            "format": "short",
            "label": null,
            "logBase": 1,
            "max": null,
            "min": null,
            "show": true
          }
        ],
        "yaxis": {
          "align": false,
          "alignLevel": null
        }
      },
      {
        "aliasColors": {},
        "bars": false,
        "dashLength": 10,
        "dashes": false,
        "datasource": "$source",
        "editable": true,
        "error": false,
        "fill": 1,
        "grid": {},
        "gridPos": {
          "h": 7,
          "w": 6,
          "x": 0,
          "y": 23
        },
        "id": 35,
        "legend": {
          "avg": false,
          "current": false,
          "max": false,
          "min": false,
          "show": false,
          "total": false,
          "values": false
        },
        "lines": true,
        "linewidth": 1,
        "links": [],
        "nullPointMode": "connected",
        "percentage": false,
        "pointradius": 5,
        "points": false,
        "renderer": "flot",
        "seriesOverrides": [],
        "spaceLength": 10,
        "stack": false,
        "steppedLine": false,
        "targets": [
          {
            "expr": "(wmi_os_paging_limit_bytes{instance=\"$server\"} - wmi_os_paging_free_bytes{instance=\"$server\"}) / wmi_os_paging_limit_bytes{instance=\"$server\"}",
            "format": "time_series",
            "hide": false,
            "interval": "",
            "intervalFactor": 1,
            "legendFormat": "",
            "refId": "A",
            "step": 20
          }
        ],
        "thresholds": [],
        "timeFrom": null,
        "timeShift": null,
        "title": "Paging File usage %",
        "tooltip": {
          "msResolution": true,
          "shared": true,
          "sort": 0,
          "value_type": "cumulative"
        },
        "type": "graph",
        "xaxis": {
          "buckets": null,
          "mode": "time",
          "name": null,
          "show": true,
          "values": []
        },
        "yaxes": [
          {
            "decimals": null,
            "format": "percentunit",
            "label": null,
            "logBase": 1,
            "max": "1",
            "min": "0",
            "show": true
          },
          {
            "format": "short",
            "label": null,
            "logBase": 1,
            "max": null,
            "min": null,
            "show": true
          }
        ],
        "yaxis": {
          "align": false,
          "alignLevel": null
        }
      },
      {
        "aliasColors": {},
        "bars": false,
        "dashLength": 10,
        "dashes": false,
        "datasource": "$source",
        "editable": true,
        "error": false,
        "fill": 1,
        "grid": {},
        "gridPos": {
          "h": 7,
          "w": 6,
          "x": 6,
          "y": 23
        },
        "id": 40,
        "legend": {
          "avg": false,
          "current": false,
          "max": false,
          "min": false,
          "show": true,
          "total": false,
          "values": false
        },
        "lines": true,
        "linewidth": 1,
        "links": [],
        "nullPointMode": "connected",
        "percentage": false,
        "pointradius": 5,
        "points": false,
        "renderer": "flot",
        "seriesOverrides": [],
        "spaceLength": 10,
        "stack": false,
        "steppedLine": false,
        "targets": [
          {
            "expr": "irate(wmi_logical_disk_reads_total{instance=\"$server\"}[5m])",
            "format": "time_series",
            "hide": false,
            "interval": "",
            "intervalFactor": 1,
            "legendFormat": "{{ volume }}",
            "refId": "A",
            "step": 20
          }
        ],
        "thresholds": [],
        "timeFrom": null,
        "timeShift": null,
        "title": "Disk Reads",
        "tooltip": {
          "msResolution": true,
          "shared": true,
          "sort": 0,
          "value_type": "cumulative"
        },
        "type": "graph",
        "xaxis": {
          "buckets": null,
          "mode": "time",
          "name": null,
          "show": true,
          "values": []
        },
        "yaxes": [
          {
            "decimals": null,
            "format": "none",
            "label": null,
            "logBase": 1,
            "max": null,
            "min": null,
            "show": true
          },
          {
            "format": "short",
            "label": null,
            "logBase": 1,
            "max": null,
            "min": null,
            "show": true
          }
        ],
        "yaxis": {
          "align": false,
          "alignLevel": null
        }
      },
      {
        "aliasColors": {},
        "bars": false,
        "dashLength": 10,
        "dashes": false,
        "datasource": "$source",
        "editable": true,
        "error": false,
        "fill": 1,
        "grid": {},
        "gridPos": {
          "h": 7,
          "w": 12,
          "x": 12,
          "y": 23
        },
        "id": 49,
        "legend": {
          "alignAsTable": false,
          "avg": true,
          "current": false,
          "max": false,
          "min": false,
          "show": true,
          "total": false,
          "values": true
        },
        "lines": true,
        "linewidth": 1,
        "links": [],
        "nullPointMode": "connected",
        "percentage": false,
        "pointradius": 5,
        "points": false,
        "renderer": "flot",
        "seriesOverrides": [],
        "spaceLength": 10,
        "stack": false,
        "steppedLine": false,
        "targets": [
          {
            "expr": "irate(wmi_mssql_sqlstats_sql_compilations{instance=\"$server\",exported_instance=~\"$DBinstance\"}[5m])",
            "format": "time_series",
            "hide": false,
            "interval": "",
            "intervalFactor": 1,
            "legendFormat": "Compilations ({{exported_instance}})",
            "refId": "A",
            "step": 20
          },
          {
            "expr": "irate(wmi_mssql_sqlstats_sql_recompilations{instance=\"$server\",exported_instance=~\"$DBinstance\"}[5m])",
            "format": "time_series",
            "intervalFactor": 1,
            "legendFormat": "Recompilations ({{exported_instance}})",
            "refId": "B"
          }
        ],
        "thresholds": [],
        "timeFrom": null,
        "timeShift": null,
        "title": "SQLServer:SQL Statistics/SQL Compilations",
        "tooltip": {
          "msResolution": true,
          "shared": true,
          "sort": 0,
          "value_type": "cumulative"
        },
        "type": "graph",
        "xaxis": {
          "buckets": null,
          "mode": "time",
          "name": null,
          "show": true,
          "values": []
        },
        "yaxes": [
          {
            "decimals": null,
            "format": "none",
            "label": null,
            "logBase": 1,
            "max": null,
            "min": null,
            "show": true
          },
          {
            "format": "short",
            "label": null,
            "logBase": 1,
            "max": null,
            "min": null,
            "show": true
          }
        ],
        "yaxis": {
          "align": false,
          "alignLevel": null
        }
      },
      {
        "aliasColors": {},
        "bars": false,
        "dashLength": 10,
        "dashes": false,
        "datasource": "$source",
        "editable": true,
        "error": false,
        "fill": 1,
        "grid": {},
        "gridPos": {
          "h": 7,
          "w": 12,
          "x": 0,
          "y": 30
        },
        "id": 47,
        "legend": {
          "avg": false,
          "current": true,
          "max": false,
          "min": false,
          "show": true,
          "total": false,
          "values": true
        },
        "lines": true,
        "linewidth": 1,
        "links": [],
        "nullPointMode": "connected",
        "percentage": false,
        "pointradius": 5,
        "points": false,
        "renderer": "flot",
        "seriesOverrides": [],
        "spaceLength": 10,
        "stack": false,
        "steppedLine": false,
        "targets": [
          {
            "expr": "wmi_mssql_bufman_page_life_expectancy_seconds{instance=\"$server\",exported_instance=~\"$DBinstance\"}",
            "format": "time_series",
            "hide": false,
            "interval": "",
            "intervalFactor": 1,
            "legendFormat": "{{exported_instance}}",
            "refId": "A",
            "step": 20
          }
        ],
        "thresholds": [],
        "timeFrom": null,
        "timeShift": null,
        "title": "SQLServer:Buffer Manager/Page life expectancy",
        "tooltip": {
          "msResolution": true,
          "shared": false,
          "sort": 0,
          "value_type": "cumulative"
        },
        "type": "graph",
        "xaxis": {
          "buckets": null,
          "mode": "time",
          "name": null,
          "show": true,
          "values": []
        },
        "yaxes": [
          {
            "decimals": null,
            "format": "short",
            "label": null,
            "logBase": 1,
            "max": null,
            "min": null,
            "show": true
          },
          {
            "decimals": null,
            "format": "short",
            "label": null,
            "logBase": 1,
            "max": null,
            "min": null,
            "show": true
          }
        ],
        "yaxis": {
          "align": false,
          "alignLevel": null
        }
      },
      {
        "aliasColors": {},
        "bars": false,
        "dashLength": 10,
        "dashes": false,
        "datasource": "$source",
        "editable": true,
        "error": false,
        "fill": 1,
        "grid": {},
        "gridPos": {
          "h": 7,
          "w": 12,
          "x": 12,
          "y": 30
        },
        "id": 50,
        "legend": {
          "alignAsTable": false,
          "avg": true,
          "current": false,
          "max": false,
          "min": false,
          "rightSide": false,
          "show": true,
          "total": false,
          "values": true
        },
        "lines": true,
        "linewidth": 1,
        "links": [],
        "nullPointMode": "connected",
        "percentage": false,
        "pointradius": 5,
        "points": false,
        "renderer": "flot",
        "seriesOverrides": [],
        "spaceLength": 10,
        "stack": false,
        "steppedLine": false,
        "targets": [
          {
            "expr": "wmi_mssql_genstats_blocked_processes{instance=\"$server\",exported_instance=~\"$DBinstance\"} ",
            "format": "time_series",
            "hide": false,
            "interval": "",
            "intervalFactor": 1,
            "legendFormat": "{{exported_instance}}",
            "refId": "A",
            "step": 20
          }
        ],
        "thresholds": [],
        "timeFrom": null,
        "timeShift": null,
        "title": "SQLServer:General Statistics/Processes blocked",
        "tooltip": {
          "msResolution": true,
          "shared": true,
          "sort": 0,
          "value_type": "cumulative"
        },
        "type": "graph",
        "xaxis": {
          "buckets": null,
          "mode": "time",
          "name": null,
          "show": true,
          "values": []
        },
        "yaxes": [
          {
            "decimals": null,
            "format": "none",
            "label": null,
            "logBase": 1,
            "max": null,
            "min": "0",
            "show": true
          },
          {
            "format": "short",
            "label": null,
            "logBase": 1,
            "max": null,
            "min": null,
            "show": true
          }
        ],
        "yaxis": {
          "align": false,
          "alignLevel": null
        }
      },
      {
        "aliasColors": {},
        "bars": false,
        "dashLength": 10,
        "dashes": false,
        "fill": 1,
        "gridPos": {
          "h": 7,
          "w": 12,
          "x": 0,
          "y": 37
        },
        "id": 55,
        "legend": {
          "avg": false,
          "current": true,
          "max": false,
          "min": false,
          "show": true,
          "total": false,
          "values": true
        },
        "lines": true,
        "linewidth": 1,
        "links": [],
        "nullPointMode": "connected",
        "percentage": false,
        "pointradius": 5,
        "points": false,
        "renderer": "flot",
        "seriesOverrides": [],
        "spaceLength": 10,
        "stack": false,
        "steppedLine": false,
        "targets": [
          {
            "expr": "sum (wmi_mssql_genstats_user_connections{instance=\"$server\"})",
            "format": "time_series",
            "interval": "",
            "intervalFactor": 1,
            "legendFormat": "{{$server}}",
            "refId": "A"
          }
        ],
        "thresholds": [],
        "timeFrom": null,
        "timeShift": null,
        "title": "Logical SQL Connections",
        "tooltip": {
          "shared": true,
          "sort": 0,
          "value_type": "individual"
        },
        "type": "graph",
        "xaxis": {
          "buckets": null,
          "mode": "time",
          "name": null,
          "show": true,
          "values": []
        },
        "yaxes": [
          {
            "format": "short",
            "label": null,
            "logBase": 1,
            "max": null,
            "min": null,
            "show": true
          },
          {
            "format": "short",
            "label": null,
            "logBase": 1,
            "max": null,
            "min": null,
            "show": true
          }
        ],
        "yaxis": {
          "align": false,
          "alignLevel": null
        }
      },
      {
        "aliasColors": {},
        "bars": false,
        "dashLength": 10,
        "dashes": false,
        "datasource": "$source",
        "editable": true,
        "error": false,
        "fill": 1,
        "grid": {},
        "gridPos": {
          "h": 7,
          "w": 12,
          "x": 12,
          "y": 37
        },
        "id": 48,
        "legend": {
          "avg": true,
          "current": false,
          "max": false,
          "min": false,
          "show": true,
          "total": false,
          "values": true
        },
        "lines": true,
        "linewidth": 1,
        "links": [],
        "nullPointMode": "connected",
        "percentage": false,
        "pointradius": 5,
        "points": false,
        "renderer": "flot",
        "seriesOverrides": [],
        "spaceLength": 10,
        "stack": false,
        "steppedLine": false,
        "targets": [
          {
            "expr": "irate(wmi_mssql_accessmethods_forwarded_records{instance=\"$server\",exported_instance=~\"$DBinstance\"}[5m])",
            "format": "time_series",
            "hide": false,
            "interval": "",
            "intervalFactor": 1,
            "legendFormat": "{{exported_instance}}",
            "refId": "A",
            "step": 20
          }
        ],
        "thresholds": [],
        "timeFrom": null,
        "timeShift": null,
        "title": "SQLServer:Access Methods/Forwarded Records",
        "tooltip": {
          "msResolution": true,
          "shared": true,
          "sort": 0,
          "value_type": "cumulative"
        },
        "type": "graph",
        "xaxis": {
          "buckets": null,
          "mode": "time",
          "name": null,
          "show": true,
          "values": []
        },
        "yaxes": [
          {
            "decimals": null,
            "format": "none",
            "label": null,
            "logBase": 1,
            "max": null,
            "min": "0",
            "show": true
          },
          {
            "format": "short",
            "label": null,
            "logBase": 1,
            "max": null,
            "min": null,
            "show": true
          }
        ],
        "yaxis": {
          "align": false,
          "alignLevel": null
        }
      }
    ],
    "refresh": "1m",
    "schemaVersion": 18,
    "style": "dark",
    "tags": [],
    "templating": {
      "list": [
        {
          "allValue": null,
          "current": {
            "text": "hg1-allocate",
            "value": "hg1-allocate"
          },
          "datasource": "Prometheus",
          "hide": 0,
          "includeAll": false,
          "label": "Region",
          "multi": false,
          "name": "region",
          "options": [],
          "query": "label_values(wmi_system_system_up_time, region)",
          "refresh": 2,
          "regex": "",
          "skipUrlSync": false,
          "sort": 2,
          "tagValuesQuery": "",
          "tags": [],
          "tagsQuery": "",
          "type": "query",
          "useTags": false
        },
        {
          "current": {
            "text": "Prometheus",
            "value": "Prometheus"
          },
          "hide": 2,
          "label": null,
          "name": "source",
          "options": [],
          "query": "prometheus",
          "refresh": 1,
          "regex": "/Prometheus$/",
          "skipUrlSync": false,
          "type": "datasource"
        },
        {
          "allValue": null,
          "current": {
            "text": "UKASSQL03.Allocate-Cloud.co.uk",
            "value": "UKASSQL03.Allocate-Cloud.co.uk"
          },
          "datasource": "$source",
          "hide": 0,
          "includeAll": false,
          "label": null,
          "multi": false,
          "name": "server",
          "options": [],
          "query": "label_values(wmi_mssql_genstats_transactions{region=\"$region\"}, instance)",
          "refresh": 1,
          "regex": "",
          "skipUrlSync": false,
          "sort": 1,
          "tagValuesQuery": "",
          "tags": [],
          "tagsQuery": "",
          "type": "query",
          "useTags": false
        },
        {
          "allValue": null,
          "current": {
            "text": "All",
            "value": "$__all"
          },
          "datasource": "$source",
          "hide": 0,
          "includeAll": true,
          "label": "Instance",
          "multi": false,
          "name": "DBinstance",
          "options": [],
          "query": "label_values(wmi_mssql_databases_log_pool_hash_inserts{instance=\"$server\"}, exported_instance)",
          "refresh": 1,
          "regex": "",
          "skipUrlSync": false,
          "sort": 0,
          "tagValuesQuery": "",
          "tags": [],
          "tagsQuery": "",
          "type": "query",
          "useTags": false
        }
      ]
    },
    "time": {
      "from": "now-1h",
      "to": "now"
    },
    "timepicker": {
      "refresh_intervals": [
        "5s",
        "10s",
        "30s",
        "1m",
        "5m",
        "15m",
        "30m",
        "1h",
        "2h",
        "1d"
      ],
      "time_options": [
        "5m",
        "15m",
        "1h",
        "6h",
        "12h",
        "24h",
        "2d",
        "7d",
        "30d"
      ]
    },
    "timezone": "browser",
    "title": "SQL Server Overview",
    "uid": "ZPir1AFiz"
  }
}
