{
  "meta": {
    "type": "db",
    "canSave": true,
    "canEdit": true,
    "canAdmin": true,
    "canStar": true,
    "slug": "squid-overview",
    "url": "/d/H3Uytlvmz/squid-overview",
    "hasAcl": false,
    "isFolder": false,
    "folderId": 71,
    "folderTitle": "Draft Dashboards",
    "folderUrl": "/dashboards/f/v1iIGktik/draft-dashboards",
    "provisioned": false
  },
  "dashboard": {
    "annotations": {
      "list": [
        {
          "builtIn": 1,
          "datasource": "-- Grafana --",
          "enable": true,
          "hide": true,
          "iconColor": "rgba(0, 211, 255, 1)",
          "name": "Annotations & Alerts",
          "type": "dashboard"
        }
      ]
    },
    "description": "Performance Metrics for Squid Cache",
    "editable": true,
    "gnetId": 3154,
    "graphTooltip": 1,
    "id": 65,
    "links": [],
    "panels": [
      {
        "collapsed": false,
        "gridPos": {
          "h": 7,
          "w": 24,
          "x": 0,
          "y": 0
        },
        "id": 16,
        "panels": [],
        "repeat": "IP",
        "title": "Server",
        "type": "row"
      },
      {
        "cacheTimeout": null,
        "colorBackground": false,
        "colorValue": false,
        "colors": [
          "rgba(245, 54, 54, 0.9)",
          "rgba(237, 129, 40, 0.89)",
          "rgba(50, 172, 45, 0.97)"
        ],
        "datasource": "Prometheus",
        "decimals": 1,
        "editable": true,
        "error": false,
        "format": "d",
        "gauge": {
          "maxValue": 100,
          "minValue": 0,
          "show": false,
          "thresholdLabels": false,
          "thresholdMarkers": true
        },
        "gridPos": {
          "h": 3,
          "w": 6,
          "x": 0,
          "y": 1
        },
        "height": "55px",
        "id": 1,
        "interval": null,
        "links": [],
        "mappingType": 1,
        "mappingTypes": [
          {
            "name": "value to text",
            "value": 1
          },
          {
            "name": "range to text",
            "value": 2
          }
        ],
        "maxDataPoints": 100,
        "nullPointMode": "connected",
        "nullText": null,
        "postfix": "s",
        "postfixFontSize": "80%",
        "prefix": "",
        "prefixFontSize": "50%",
        "rangeMaps": [
          {
            "from": "null",
            "text": "N/A",
            "to": "null"
          }
        ],
        "sparkline": {
          "fillColor": "rgba(31, 118, 189, 0.18)",
          "full": false,
          "lineColor": "rgb(31, 120, 193)",
          "show": false
        },
        "tableColumn": "",
        "targets": [
          {
            "expr": "SQUID_CACHE_cacheUptime{ip=~\"$IP\"} / 8640000",
            "format": "time_series",
            "intervalFactor": 2,
            "legendFormat": "",
            "metric": "SQUID_CACHE_cacheUptime",
            "refId": "A",
            "step": 600
          }
        ],
        "thresholds": "",
        "title": "Uptime",
        "type": "singlestat",
        "valueFontSize": "80%",
        "valueMaps": [
          {
            "op": "=",
            "text": "N/A",
            "value": "null"
          }
        ],
        "valueName": "avg"
      },
      {
        "cacheTimeout": null,
        "colorBackground": false,
        "colorValue": true,
        "colors": [
          "rgba(245, 54, 54, 0.9)",
          "rgba(237, 129, 40, 0.89)",
          "rgba(50, 172, 45, 0.97)"
        ],
        "datasource": "Prometheus",
        "decimals": 0,
        "editable": true,
        "error": false,
        "format": "deckbytes",
        "gauge": {
          "maxValue": 500,
          "minValue": 500,
          "show": false,
          "thresholdLabels": false,
          "thresholdMarkers": true
        },
        "gridPos": {
          "h": 3,
          "w": 6,
          "x": 6,
          "y": 1
        },
        "height": "55px",
        "id": 3,
        "interval": null,
        "links": [],
        "mappingType": 1,
        "mappingTypes": [
          {
            "name": "value to text",
            "value": 1
          },
          {
            "name": "range to text",
            "value": 2
          }
        ],
        "maxDataPoints": 100,
        "nullPointMode": "connected",
        "nullText": null,
        "postfix": "",
        "postfixFontSize": "50%",
        "prefix": "",
        "prefixFontSize": "50%",
        "rangeMaps": [
          {
            "from": "null",
            "text": "N/A",
            "to": "null"
          }
        ],
        "sparkline": {
          "fillColor": "rgba(31, 118, 189, 0.18)",
          "full": false,
          "lineColor": "rgb(31, 120, 193)",
          "show": false
        },
        "tableColumn": "",
        "targets": [
          {
            "expr": "SQUID_CACHE_Memory{ip=~\"$IP\"}",
            "format": "time_series",
            "intervalFactor": 2,
            "metric": "SQUID_CACHE_Memory",
            "refId": "A",
            "step": 600
          }
        ],
        "thresholds": "5,10",
        "title": "Memory",
        "type": "singlestat",
        "valueFontSize": "80%",
        "valueMaps": [
          {
            "op": "=",
            "text": "N/A",
            "value": "null"
          }
        ],
        "valueName": "avg"
      },
      {
        "cacheTimeout": null,
        "colorBackground": false,
        "colorValue": true,
        "colors": [
          "rgba(245, 54, 54, 0.9)",
          "rgba(237, 129, 40, 0.89)",
          "rgba(50, 172, 45, 0.97)"
        ],
        "datasource": "Prometheus",
        "decimals": 0,
        "editable": true,
        "error": false,
        "format": "none",
        "gauge": {
          "maxValue": 500,
          "minValue": 500,
          "show": false,
          "thresholdLabels": false,
          "thresholdMarkers": true
        },
        "gridPos": {
          "h": 3,
          "w": 4,
          "x": 12,
          "y": 1
        },
        "height": "55px",
        "id": 15,
        "interval": null,
        "links": [],
        "mappingType": 1,
        "mappingTypes": [
          {
            "name": "value to text",
            "value": 1
          },
          {
            "name": "range to text",
            "value": 2
          }
        ],
        "maxDataPoints": 100,
        "nullPointMode": "connected",
        "nullText": null,
        "postfix": " %",
        "postfixFontSize": "50%",
        "prefix": "",
        "prefixFontSize": "50%",
        "rangeMaps": [
          {
            "from": "null",
            "text": "N/A",
            "to": "null"
          }
        ],
        "sparkline": {
          "fillColor": "rgba(31, 118, 189, 0.18)",
          "full": false,
          "lineColor": "rgb(31, 120, 193)",
          "show": false
        },
        "tableColumn": "",
        "targets": [
          {
            "expr": "sum (rate(SQUID_CACHE_cacheHttpHits{ip=~\"$IP\"}[5m]))   / sum (rate(SQUID_CACHE_cacheProtoClientHttpRequests{ip=~\"$IP\"}[5m])) * 100",
            "format": "time_series",
            "intervalFactor": 2,
            "metric": "SQUID_CACHE_Memory",
            "refId": "A",
            "step": 600
          }
        ],
        "thresholds": "5,10",
        "title": "Hit",
        "type": "singlestat",
        "valueFontSize": "80%",
        "valueMaps": [
          {
            "op": "=",
            "text": "N/A",
            "value": "null"
          }
        ],
        "valueName": "avg"
      },
      {
        "cacheTimeout": null,
        "colorBackground": false,
        "colorValue": true,
        "colors": [
          "rgba(40, 245, 10, 0.9)",
          "rgba(237, 129, 40, 0.89)",
          "rgba(247, 244, 10, 0.97)"
        ],
        "datasource": "Prometheus",
        "decimals": null,
        "description": "Total req/s all squid interface",
        "editable": true,
        "error": false,
        "format": "none",
        "gauge": {
          "maxValue": 100,
          "minValue": 0,
          "show": false,
          "thresholdLabels": false,
          "thresholdMarkers": true
        },
        "gridPos": {
          "h": 3,
          "w": 4,
          "x": 16,
          "y": 1
        },
        "height": "55px",
        "id": 4,
        "interval": null,
        "links": [],
        "mappingType": 1,
        "mappingTypes": [
          {
            "name": "value to text",
            "value": 1
          },
          {
            "name": "range to text",
            "value": 2
          }
        ],
        "maxDataPoints": 100,
        "nullPointMode": "connected",
        "nullText": null,
        "postfix": " r/s",
        "postfixFontSize": "80%",
        "prefix": "",
        "prefixFontSize": "50%",
        "rangeMaps": [
          {
            "from": "null",
            "text": "N/A",
            "to": "null"
          }
        ],
        "sparkline": {
          "fillColor": "rgba(31, 118, 189, 0.18)",
          "full": true,
          "lineColor": "rgb(31, 120, 193)",
          "show": true
        },
        "tableColumn": "",
        "targets": [
          {
            "expr": "sum (rate(SQUID_CACHE_cacheProtoClientHttpRequests{}[5m])) ",
            "format": "time_series",
            "intervalFactor": 2,
            "legendFormat": "Total req/s",
            "refId": "A",
            "step": 600
          }
        ],
        "thresholds": "50,200",
        "title": "Total req/s",
        "type": "singlestat",
        "valueFontSize": "80%",
        "valueMaps": [
          {
            "op": "=",
            "text": "N/A",
            "value": "null"
          }
        ],
        "valueName": "avg"
      },
      {
        "cacheTimeout": null,
        "colorBackground": false,
        "colorValue": true,
        "colors": [
          "rgba(50, 172, 45, 0.97)",
          "rgba(237, 129, 40, 0.89)",
          "rgba(245, 54, 54, 0.9)"
        ],
        "datasource": "Prometheus",
        "description": "",
        "editable": true,
        "error": false,
        "format": "none",
        "gauge": {
          "maxValue": 100,
          "minValue": 0,
          "show": false,
          "thresholdLabels": false,
          "thresholdMarkers": true
        },
        "gridPos": {
          "h": 3,
          "w": 4,
          "x": 20,
          "y": 1
        },
        "height": "55px",
        "id": 2,
        "interval": null,
        "links": [],
        "mappingType": 1,
        "mappingTypes": [
          {
            "name": "value to text",
            "value": 1
          },
          {
            "name": "range to text",
            "value": 2
          }
        ],
        "maxDataPoints": 100,
        "nullPointMode": "connected",
        "nullText": null,
        "postfix": " %",
        "postfixFontSize": "50%",
        "prefix": "",
        "prefixFontSize": "50%",
        "rangeMaps": [
          {
            "from": "null",
            "text": "N/A",
            "to": "null"
          }
        ],
        "sparkline": {
          "fillColor": "rgba(31, 118, 189, 0.18)",
          "full": false,
          "lineColor": "rgb(31, 120, 193)",
          "show": true
        },
        "tableColumn": "",
        "targets": [
          {
            "expr": "SQUID_CACHE_cacheHttpErrors{ip=\"10.30.11.42:3402\"} / 100",
            "format": "time_series",
            "intervalFactor": 2,
            "legendFormat": "",
            "metric": "SQUID_CACHE_cacheHttpErrors{ip=\"10.30.11.42:3402\"}",
            "refId": "A",
            "step": 600
          }
        ],
        "thresholds": "50,80",
        "title": "cache Http Errors",
        "type": "singlestat",
        "valueFontSize": "80%",
        "valueMaps": [
          {
            "op": "=",
            "text": "N/A",
            "value": "null"
          }
        ],
        "valueName": "avg"
      },
      {
        "aliasColors": {},
        "bars": false,
        "dashLength": 10,
        "dashes": false,
        "datasource": "Prometheus",
        "editable": true,
        "error": false,
        "fill": 1,
        "grid": {},
        "gridPos": {
          "h": 7,
          "w": 12,
          "x": 0,
          "y": 4
        },
        "id": 6,
        "legend": {
          "alignAsTable": false,
          "avg": true,
          "current": false,
          "max": true,
          "min": true,
          "rightSide": false,
          "show": false,
          "total": false,
          "values": true
        },
        "lines": true,
        "linewidth": 1,
        "links": [],
        "nullPointMode": "connected",
        "percentage": false,
        "pointradius": 5,
        "points": false,
        "renderer": "flot",
        "seriesOverrides": [],
        "spaceLength": 10,
        "stack": false,
        "steppedLine": false,
        "targets": [
          {
            "expr": "SQUID_CACHE_Memory{ip=~\"$IP\"}\n",
            "format": "time_series",
            "interval": "5m",
            "intervalFactor": 1,
            "legendFormat": "Memory",
            "metric": "SQUID_CACHE_Memory",
            "refId": "A",
            "step": 300
          }
        ],
        "thresholds": [],
        "timeFrom": null,
        "timeShift": null,
        "title": "Memory Usage",
        "tooltip": {
          "msResolution": false,
          "shared": true,
          "sort": 0,
          "value_type": "cumulative"
        },
        "transparent": true,
        "type": "graph",
        "xaxis": {
          "buckets": null,
          "mode": "time",
          "name": null,
          "show": true,
          "values": []
        },
        "yaxes": [
          {
            "format": "deckbytes",
            "label": null,
            "logBase": 1,
            "max": null,
            "min": null,
            "show": true
          },
          {
            "format": "short",
            "label": null,
            "logBase": 1,
            "max": null,
            "min": null,
            "show": false
          }
        ]
      },
      {
        "aliasColors": {},
        "bars": false,
        "dashLength": 10,
        "dashes": false,
        "datasource": "Prometheus",
        "editable": true,
        "error": false,
        "fill": 1,
        "grid": {},
        "gridPos": {
          "h": 7,
          "w": 12,
          "x": 12,
          "y": 4
        },
        "id": 12,
        "legend": {
          "avg": false,
          "current": false,
          "max": false,
          "min": false,
          "show": true,
          "total": false,
          "values": false
        },
        "lines": true,
        "linewidth": 1,
        "links": [],
        "nullPointMode": "connected",
        "percentage": false,
        "pointradius": 5,
        "points": false,
        "renderer": "flot",
        "seriesOverrides": [],
        "spaceLength": 10,
        "stack": false,
        "steppedLine": false,
        "targets": [
          {
            "expr": "SQUID_CACHE_CacheOject{ip=~\"$IP\"}",
            "format": "time_series",
            "interval": "5m",
            "intervalFactor": 2,
            "legendFormat": "CacheOject",
            "metric": "SQUID_CACHE_CacheOject",
            "refId": "A",
            "step": 600
          }
        ],
        "thresholds": [],
        "timeFrom": null,
        "timeShift": null,
        "title": "Cached Objects",
        "tooltip": {
          "msResolution": false,
          "shared": true,
          "sort": 0,
          "value_type": "cumulative"
        },
        "transparent": true,
        "type": "graph",
        "xaxis": {
          "buckets": null,
          "mode": "time",
          "name": null,
          "show": true,
          "values": []
        },
        "yaxes": [
          {
            "format": "none",
            "label": null,
            "logBase": 1,
            "max": null,
            "min": null,
            "show": true
          },
          {
            "format": "short",
            "label": null,
            "logBase": 1,
            "max": null,
            "min": null,
            "show": false
          }
        ]
      },
      {
        "collapsed": false,
        "gridPos": {
          "h": 7,
          "w": 24,
          "x": 0,
          "y": 8
        },
        "id": 17,
        "panels": [],
        "repeat": null,
        "title": "Statistics",
        "type": "row"
      },
      {
        "aliasColors": {},
        "bars": false,
        "dashLength": 10,
        "dashes": false,
        "datasource": "Prometheus",
        "editable": true,
        "error": false,
        "fill": 1,
        "grid": {},
        "gridPos": {
          "h": 7,
          "w": 12,
          "x": 0,
          "y": 9
        },
        "id": 13,
        "legend": {
          "avg": false,
          "current": false,
          "max": false,
          "min": false,
          "show": true,
          "total": false,
          "values": false
        },
        "lines": true,
        "linewidth": 1,
        "links": [],
        "nullPointMode": "connected",
        "percentage": false,
        "pointradius": 5,
        "points": false,
        "renderer": "flot",
        "seriesOverrides": [],
        "spaceLength": 10,
        "stack": false,
        "steppedLine": false,
        "targets": [
          {
            "expr": "SQUID_CACHE_cacheHttpMissSvcTime5{ip=~\"$IP\"}",
            "format": "time_series",
            "interval": "1m",
            "intervalFactor": 2,
            "legendFormat": "HTTP miss service time",
            "refId": "A",
            "step": 120
          },
          {
            "expr": "SQUID_CACHE_cacheHttpHitSvcTime5{ip=\"10.30.11.42\"}",
            "format": "time_series",
            "interval": "1m",
            "intervalFactor": 2,
            "legendFormat": "HTTP hit service time",
            "refId": "B",
            "step": 120
          }
        ],
        "thresholds": [],
        "timeFrom": null,
        "timeShift": null,
        "title": "Response time",
        "tooltip": {
          "msResolution": false,
          "shared": true,
          "sort": 0,
          "value_type": "cumulative"
        },
        "type": "graph",
        "xaxis": {
          "buckets": null,
          "mode": "time",
          "name": null,
          "show": true,
          "values": []
        },
        "yaxes": [
          {
            "format": "ms",
            "label": null,
            "logBase": 1,
            "max": null,
            "min": null,
            "show": true
          },
          {
            "format": "short",
            "label": null,
            "logBase": 1,
            "max": null,
            "min": null,
            "show": false
          }
        ]
      },
      {
        "aliasColors": {},
        "bars": false,
        "dashLength": 10,
        "dashes": false,
        "datasource": "Prometheus",
        "editable": true,
        "error": false,
        "fill": 1,
        "grid": {},
        "gridPos": {
          "h": 7,
          "w": 12,
          "x": 12,
          "y": 9
        },
        "id": 14,
        "legend": {
          "alignAsTable": true,
          "avg": true,
          "current": true,
          "max": false,
          "min": true,
          "rightSide": false,
          "show": true,
          "total": false,
          "values": true
        },
        "lines": true,
        "linewidth": 1,
        "links": [],
        "nullPointMode": "connected",
        "percentage": false,
        "pointradius": 5,
        "points": false,
        "renderer": "flot",
        "seriesOverrides": [],
        "spaceLength": 10,
        "stack": false,
        "steppedLine": false,
        "targets": [
          {
            "expr": "\nsum (rate(SQUID_CACHE_cacheHttpInKb{ip=~\"$IP\"}[5m])) ",
            "format": "time_series",
            "hide": false,
            "interval": "5m",
            "intervalFactor": 1,
            "legendFormat": "In",
            "metric": "SQUID_CACHE_cacheHttpInKb",
            "refId": "A",
            "step": 300
          },
          {
            "expr": "\nsum (rate(SQUID_CACHE_cacheHttpOutKb{ip=~\"$IP\"}[5m])) ",
            "format": "time_series",
            "hide": false,
            "interval": "5m",
            "intervalFactor": 2,
            "legendFormat": "Out",
            "metric": "SQUID_CACHE_cacheHttpOutKb",
            "refId": "B",
            "step": 600
          }
        ],
        "thresholds": [],
        "timeFrom": null,
        "timeShift": null,
        "title": "Network I/O",
        "tooltip": {
          "msResolution": false,
          "shared": true,
          "sort": 0,
          "value_type": "cumulative"
        },
        "type": "graph",
        "xaxis": {
          "buckets": null,
          "mode": "time",
          "name": null,
          "show": true,
          "values": []
        },
        "yaxes": [
          {
            "format": "Kbits",
            "label": null,
            "logBase": 1,
            "max": null,
            "min": null,
            "show": true
          },
          {
            "format": "short",
            "label": null,
            "logBase": 1,
            "max": null,
            "min": null,
            "show": false
          }
        ]
      },
      {
        "aliasColors": {},
        "bars": false,
        "dashLength": 10,
        "dashes": false,
        "datasource": "Prometheus",
        "editable": true,
        "error": false,
        "fill": 1,
        "grid": {},
        "gridPos": {
          "h": 7,
          "w": 24,
          "x": 0,
          "y": 16
        },
        "id": 7,
        "legend": {
          "alignAsTable": true,
          "avg": true,
          "current": false,
          "max": true,
          "min": true,
          "rightSide": false,
          "show": true,
          "sort": "max",
          "sortDesc": true,
          "total": false,
          "values": true
        },
        "lines": true,
        "linewidth": 1,
        "links": [],
        "nullPointMode": "connected",
        "percentage": false,
        "pointradius": 5,
        "points": false,
        "renderer": "flot",
        "repeat": null,
        "seriesOverrides": [],
        "spaceLength": 10,
        "stack": false,
        "steppedLine": false,
        "targets": [
          {
            "expr": "SQUID_CACHE_cacheHttpErrors{ip=~\"$IP\"}",
            "format": "time_series",
            "hide": false,
            "intervalFactor": 1,
            "legendFormat": "Cache Errors",
            "metric": "SQUID_CACHE_cacheHttpErrors",
            "refId": "C",
            "step": 30
          },
          {
            "expr": "sum (rate(SQUID_CACHE_cacheProtoClientHttpRequests{ip=~\"$IP\"}[5m]))  ",
            "format": "time_series",
            "hide": false,
            "interval": "5m",
            "intervalFactor": 1,
            "legendFormat": "Req/s",
            "metric": "SQUID_CACHE_cacheHttpErrors",
            "refId": "D",
            "step": 300
          },
          {
            "expr": "sum (rate(SQUID_CACHE_cacheHttpHits{ip=~\"$IP\"}[5m])) ",
            "format": "time_series",
            "hide": false,
            "interval": "5m",
            "intervalFactor": 1,
            "legendFormat": "Hit/s",
            "metric": "SQUID_CACHE_cacheHttpErrors",
            "refId": "A",
            "step": 300
          }
        ],
        "thresholds": [],
        "timeFrom": null,
        "timeShift": null,
        "title": "Hit/Miss",
        "tooltip": {
          "msResolution": false,
          "shared": true,
          "sort": 0,
          "value_type": "cumulative"
        },
        "type": "graph",
        "xaxis": {
          "buckets": null,
          "mode": "time",
          "name": null,
          "show": false,
          "values": []
        },
        "yaxes": [
          {
            "format": "none",
            "label": null,
            "logBase": 1,
            "max": null,
            "min": 0,
            "show": true
          },
          {
            "format": "short",
            "label": null,
            "logBase": 1,
            "max": null,
            "min": null,
            "show": false
          }
        ]
      }
    ],
    "refresh": false,
    "schemaVersion": 16,
    "style": "dark",
    "tags": [
      "Prometheus",
      "Squid"
    ],
    "templating": {
      "list": [
        {
          "allValue": null,
          "current": {},
          "datasource": "Prometheus",
          "hide": 0,
          "includeAll": false,
          "label": "IP SQUID",
          "multi": false,
          "name": "IP",
          "options": [],
          "query": "label_values(SQUID_CACHE_CacheOject{},ip)",
          "refresh": 1,
          "regex": "/.*:/",
          "sort": 0,
          "tagValuesQuery": "",
          "tags": [],
          "tagsQuery": "",
          "type": "query",
          "useTags": true
        }
      ]
    },
    "time": {
      "from": "now-12h",
      "to": "now"
    },
    "timepicker": {
      "refresh_intervals": [
        "5s",
        "10s",
        "30s",
        "1m",
        "5m",
        "15m",
        "30m",
        "1h",
        "2h",
        "1d"
      ],
      "time_options": [
        "5m",
        "15m",
        "1h",
        "6h",
        "12h",
        "24h",
        "2d",
        "7d",
        "30d"
      ]
    },
    "timezone": "browser",
    "title": "SQUID Overview",
    "uid": "H3Uytlvmz"
  }
}
