{
  "meta": {
    "type": "db",
    "canSave": true,
    "canEdit": true,
    "canAdmin": true,
    "canStar": true,
    "slug": "thanos-query",
    "url": "/d/opwl5gSiz/thanos-query",
    "hasAcl": false,
    "isFolder": false,
    "folderId": 61,
    "folderTitle": "Monitoring Platform Health",
    "folderUrl": "/dashboards/f/10D_Mkvmk/monitoring-platform-health",
    "provisioned": false
  },
  "dashboard": {
    "annotations": {
      "list": [
        {
          "builtIn": 1,
          "datasource": "-- Grafana --",
          "enable": true,
          "hide": true,
          "iconColor": "rgba(0, 211, 255, 1)",
          "name": "Annotations & Alerts",
          "type": "dashboard"
        }
      ]
    },
    "editable": true,
    "gnetId": null,
    "graphTooltip": 1,
    "id": 60,
    "links": [],
    "panels": [
      {
        "collapsed": false,
        "gridPos": {
          "h": 1,
          "w": 24,
          "x": 0,
          "y": 0
        },
        "id": 22,
        "panels": [],
        "repeat": null,
        "title": "Thanos Query",
        "type": "row"
      },
      {
        "aliasColors": {},
        "bars": false,
        "dashLength": 10,
        "dashes": false,
        "datasource": "Prometheus",
        "editable": true,
        "error": false,
        "fill": 1,
        "gridPos": {
          "h": 7,
          "w": 24,
          "x": 0,
          "y": 1
        },
        "id": 6,
        "legend": {
          "alignAsTable": true,
          "avg": true,
          "current": true,
          "hideEmpty": false,
          "hideZero": false,
          "max": false,
          "min": false,
          "rightSide": true,
          "show": true,
          "sort": "current",
          "sortDesc": true,
          "total": false,
          "values": true
        },
        "lines": true,
        "linewidth": 1,
        "links": [],
        "nullPointMode": "null as zero",
        "percentage": false,
        "pointradius": 5,
        "points": false,
        "renderer": "flot",
        "seriesOverrides": [],
        "spaceLength": 10,
        "stack": false,
        "steppedLine": false,
        "targets": [
          {
            "expr": "sum(rate(grpc_client_handled_total[$interval])) by (grpc_code, grpc_method)",
            "format": "time_series",
            "intervalFactor": 1,
            "legendFormat": "{{grpc_code}} {{grpc_method}}",
            "refId": "A"
          }
        ],
        "thresholds": [],
        "timeFrom": null,
        "timeShift": null,
        "title": "Request RPS",
        "tooltip": {
          "msResolution": false,
          "shared": true,
          "sort": 1,
          "value_type": "individual"
        },
        "type": "graph",
        "xaxis": {
          "buckets": null,
          "mode": "time",
          "name": null,
          "show": true,
          "values": []
        },
        "yaxes": [
          {
            "format": "s",
            "label": null,
            "logBase": 1,
            "max": null,
            "min": "0",
            "show": true
          },
          {
            "format": "short",
            "label": null,
            "logBase": 1,
            "max": null,
            "min": "0",
            "show": true
          }
        ],
        "yaxis": {
          "align": false,
          "alignLevel": null
        }
      },
      {
        "aliasColors": {},
        "bars": false,
        "dashLength": 10,
        "dashes": false,
        "datasource": "Prometheus",
        "editable": true,
        "error": false,
        "fill": 1,
        "gridPos": {
          "h": 7,
          "w": 24,
          "x": 0,
          "y": 8
        },
        "id": 27,
        "legend": {
          "alignAsTable": true,
          "avg": true,
          "current": true,
          "hideEmpty": true,
          "hideZero": false,
          "max": false,
          "min": false,
          "rightSide": true,
          "show": true,
          "sort": "avg",
          "sortDesc": true,
          "total": false,
          "values": true
        },
        "lines": true,
        "linewidth": 1,
        "links": [],
        "nullPointMode": "connected",
        "percentage": false,
        "pointradius": 5,
        "points": false,
        "renderer": "flot",
        "seriesOverrides": [],
        "spaceLength": 10,
        "stack": false,
        "steppedLine": false,
        "targets": [
          {
            "expr": "histogram_quantile(0.9999, sum(rate(grpc_client_handling_seconds_bucket[$interval])) by (grpc_method, le))",
            "format": "time_series",
            "intervalFactor": 1,
            "legendFormat": "99.99 {{grpc_method}}",
            "refId": "A"
          }
        ],
        "thresholds": [],
        "timeFrom": null,
        "timeShift": null,
        "title": "Response Time Quantile [$interval]",
        "tooltip": {
          "msResolution": false,
          "shared": true,
          "sort": 0,
          "value_type": "individual"
        },
        "type": "graph",
        "xaxis": {
          "buckets": null,
          "mode": "time",
          "name": null,
          "show": true,
          "values": []
        },
        "yaxes": [
          {
            "format": "s",
            "label": null,
            "logBase": 1,
            "max": null,
            "min": "0",
            "show": true
          },
          {
            "format": "short",
            "label": null,
            "logBase": 1,
            "max": null,
            "min": "0",
            "show": true
          }
        ],
        "yaxis": {
          "align": false,
          "alignLevel": null
        }
      },
      {
        "aliasColors": {},
        "bars": false,
        "dashLength": 10,
        "dashes": false,
        "datasource": "Prometheus",
        "editable": true,
        "error": false,
        "fill": 1,
        "gridPos": {
          "h": 7,
          "w": 24,
          "x": 0,
          "y": 15
        },
        "id": 32,
        "legend": {
          "alignAsTable": true,
          "avg": true,
          "current": true,
          "hideEmpty": true,
          "hideZero": false,
          "max": false,
          "min": false,
          "rightSide": true,
          "show": true,
          "sort": "avg",
          "sortDesc": true,
          "total": false,
          "values": true
        },
        "lines": true,
        "linewidth": 1,
        "links": [],
        "nullPointMode": "connected",
        "percentage": false,
        "pointradius": 5,
        "points": false,
        "renderer": "flot",
        "seriesOverrides": [],
        "spaceLength": 10,
        "stack": false,
        "steppedLine": false,
        "targets": [
          {
            "expr": "histogram_quantile(0.9999, sum(rate(thanos_query_api_instant_query_duration_seconds_bucket{job=\"thanos-query\"}[$interval])) by (le))",
            "format": "time_series",
            "interval": "",
            "intervalFactor": 1,
            "legendFormat": "instant_query",
            "refId": "A"
          },
          {
            "expr": "histogram_quantile(0.9999, sum(rate(thanos_query_api_range_query_duration_seconds_bucket{job=\"thanos-query\"}[$interval])) by (le))",
            "format": "time_series",
            "intervalFactor": 1,
            "legendFormat": "range_query",
            "refId": "B"
          }
        ],
        "thresholds": [],
        "timeFrom": null,
        "timeShift": null,
        "title": "Thanos Query 99.99 Quantile [$interval]",
        "tooltip": {
          "msResolution": false,
          "shared": true,
          "sort": 0,
          "value_type": "individual"
        },
        "type": "graph",
        "xaxis": {
          "buckets": null,
          "mode": "time",
          "name": null,
          "show": true,
          "values": []
        },
        "yaxes": [
          {
            "format": "s",
            "label": null,
            "logBase": 1,
            "max": null,
            "min": "0",
            "show": true
          },
          {
            "format": "short",
            "label": null,
            "logBase": 1,
            "max": null,
            "min": "0",
            "show": true
          }
        ],
        "yaxis": {
          "align": false,
          "alignLevel": null
        }
      },
      {
        "aliasColors": {},
        "bars": false,
        "dashLength": 10,
        "dashes": false,
        "datasource": "Prometheus",
        "fill": 1,
        "gridPos": {
          "h": 9,
          "w": 24,
          "x": 0,
          "y": 22
        },
        "id": 31,
        "legend": {
          "alignAsTable": true,
          "avg": false,
          "current": false,
          "max": false,
          "min": false,
          "rightSide": true,
          "show": true,
          "total": false,
          "values": false
        },
        "lines": true,
        "linewidth": 1,
        "links": [],
        "nullPointMode": "null",
        "percentage": false,
        "pointradius": 5,
        "points": false,
        "renderer": "flot",
        "seriesOverrides": [],
        "spaceLength": 10,
        "stack": false,
        "steppedLine": false,
        "targets": [
          {
            "expr": "rate(prometheus_engine_query_duration_seconds{quantile=\"0.99\"}[$interval])",
            "format": "time_series",
            "intervalFactor": 1,
            "legendFormat": "{{instance}} {{slice}}",
            "refId": "A"
          }
        ],
        "thresholds": [],
        "timeFrom": null,
        "timeShift": null,
        "title": "Prometheus Query 99 Quantile [$interval]",
        "tooltip": {
          "shared": true,
          "sort": 0,
          "value_type": "individual"
        },
        "type": "graph",
        "xaxis": {
          "buckets": null,
          "mode": "time",
          "name": null,
          "show": true,
          "values": []
        },
        "yaxes": [
          {
            "format": "s",
            "label": null,
            "logBase": 1,
            "max": null,
            "min": null,
            "show": true
          },
          {
            "format": "short",
            "label": null,
            "logBase": 1,
            "max": null,
            "min": null,
            "show": true
          }
        ],
        "yaxis": {
          "align": false,
          "alignLevel": null
        }
      },
      {
        "aliasColors": {},
        "bars": false,
        "dashLength": 10,
        "dashes": false,
        "datasource": "Prometheus",
        "fill": 1,
        "gridPos": {
          "h": 9,
          "w": 12,
          "x": 0,
          "y": 31
        },
        "id": 29,
        "legend": {
          "alignAsTable": false,
          "avg": false,
          "current": false,
          "max": false,
          "min": false,
          "rightSide": false,
          "show": true,
          "total": false,
          "values": false
        },
        "lines": true,
        "linewidth": 1,
        "links": [],
        "nullPointMode": "null",
        "percentage": false,
        "pointradius": 5,
        "points": false,
        "renderer": "flot",
        "seriesOverrides": [],
        "spaceLength": 10,
        "stack": false,
        "steppedLine": false,
        "targets": [
          {
            "expr": "rate(prometheus_engine_queries[$interval])",
            "format": "time_series",
            "instant": false,
            "intervalFactor": 1,
            "legendFormat": "{{kubernetes_pod_name}}",
            "refId": "A"
          }
        ],
        "thresholds": [],
        "timeFrom": null,
        "timeShift": null,
        "title": "Prometheus Queries/s",
        "tooltip": {
          "shared": true,
          "sort": 0,
          "value_type": "individual"
        },
        "type": "graph",
        "xaxis": {
          "buckets": null,
          "mode": "time",
          "name": null,
          "show": true,
          "values": []
        },
        "yaxes": [
          {
            "format": "short",
            "label": null,
            "logBase": 1,
            "max": null,
            "min": null,
            "show": true
          },
          {
            "format": "short",
            "label": null,
            "logBase": 1,
            "max": null,
            "min": null,
            "show": true
          }
        ],
        "yaxis": {
          "align": false,
          "alignLevel": null
        }
      },
      {
        "columns": [],
        "datasource": "Prometheus",
        "fontSize": "100%",
        "gridPos": {
          "h": 9,
          "w": 12,
          "x": 12,
          "y": 31
        },
        "hideTimeOverride": false,
        "id": 34,
        "links": [],
        "pageSize": null,
        "scroll": false,
        "showHeader": true,
        "sort": {
          "col": 1,
          "desc": false
        },
        "styles": [
          {
            "alias": "Peer",
            "colorMode": null,
            "colors": [
              "rgba(245, 54, 54, 0.9)",
              "rgba(237, 129, 40, 0.89)",
              "rgba(50, 172, 45, 0.97)"
            ],
            "decimals": 2,
            "pattern": "external_labels",
            "thresholds": [],
            "type": "number",
            "unit": "short"
          },
          {
            "alias": "",
            "colorMode": null,
            "colors": [
              "rgba(245, 54, 54, 0.9)",
              "rgba(237, 129, 40, 0.89)",
              "rgba(50, 172, 45, 0.97)"
            ],
            "dateFormat": "YYYY-MM-DD HH:mm:ss",
            "decimals": 2,
            "pattern": "Time",
            "thresholds": [],
            "type": "hidden",
            "unit": "short"
          },
          {
            "alias": "Replicas",
            "colorMode": null,
            "colors": [
              "rgba(245, 54, 54, 0.9)",
              "rgba(237, 129, 40, 0.89)",
              "rgba(50, 172, 45, 0.97)"
            ],
            "dateFormat": "YYYY-MM-DD HH:mm:ss",
            "decimals": 2,
            "pattern": "Value",
            "thresholds": [],
            "type": "hidden",
            "unit": "short"
          }
        ],
        "targets": [
          {
            "expr": "min(thanos_store_node_info) by (external_labels)",
            "format": "table",
            "instant": true,
            "interval": "",
            "intervalFactor": 1,
            "legendFormat": "",
            "refId": "A"
          }
        ],
        "timeFrom": null,
        "title": "Gossip info",
        "transform": "table",
        "type": "table"
      },
      {
        "collapsed": false,
        "gridPos": {
          "h": 1,
          "w": 24,
          "x": 0,
          "y": 40
        },
        "id": 25,
        "panels": [],
        "repeat": null,
        "title": "Ops",
        "type": "row"
      },
      {
        "aliasColors": {},
        "bars": false,
        "dashLength": 10,
        "dashes": false,
        "datasource": "Prometheus",
        "editable": true,
        "error": false,
        "fill": 1,
        "gridPos": {
          "h": 7,
          "w": 12,
          "x": 0,
          "y": 41
        },
        "id": 13,
        "legend": {
          "avg": false,
          "current": false,
          "max": false,
          "min": false,
          "show": true,
          "total": false,
          "values": false
        },
        "lines": true,
        "linewidth": 1,
        "links": [],
        "nullPointMode": "connected",
        "percentage": false,
        "pointradius": 5,
        "points": false,
        "renderer": "flot",
        "seriesOverrides": [],
        "spaceLength": 10,
        "stack": false,
        "steppedLine": false,
        "targets": [
          {
            "expr": "go_memstats_heap_alloc_bytes{job=\"thanos-query\"}",
            "format": "time_series",
            "intervalFactor": 2,
            "legendFormat": "{{job}}",
            "refId": "A",
            "step": 2
          }
        ],
        "thresholds": [],
        "timeFrom": null,
        "timeShift": null,
        "title": "Memory Used",
        "tooltip": {
          "msResolution": false,
          "shared": true,
          "sort": 0,
          "value_type": "individual"
        },
        "type": "graph",
        "xaxis": {
          "buckets": null,
          "mode": "time",
          "name": null,
          "show": true,
          "values": []
        },
        "yaxes": [
          {
            "format": "bytes",
            "label": null,
            "logBase": 1,
            "max": null,
            "min": "0",
            "show": true
          },
          {
            "format": "short",
            "label": null,
            "logBase": 1,
            "max": null,
            "min": null,
            "show": true
          }
        ],
        "yaxis": {
          "align": false,
          "alignLevel": null
        }
      },
      {
        "aliasColors": {},
        "bars": false,
        "dashLength": 10,
        "dashes": false,
        "datasource": "Prometheus",
        "fill": 1,
        "gridPos": {
          "h": 7,
          "w": 12,
          "x": 12,
          "y": 41
        },
        "id": 19,
        "legend": {
          "avg": false,
          "current": false,
          "max": false,
          "min": false,
          "show": true,
          "total": false,
          "values": false
        },
        "lines": true,
        "linewidth": 1,
        "links": [],
        "nullPointMode": "null",
        "percentage": false,
        "pointradius": 5,
        "points": false,
        "renderer": "flot",
        "seriesOverrides": [],
        "spaceLength": 10,
        "stack": false,
        "steppedLine": false,
        "targets": [
          {
            "expr": "go_goroutines{job=\"thanos-query\"}",
            "format": "time_series",
            "intervalFactor": 2,
            "legendFormat": "{{job}}",
            "refId": "A",
            "step": 2
          }
        ],
        "thresholds": [],
        "timeFrom": null,
        "timeShift": null,
        "title": "Goroutines",
        "tooltip": {
          "shared": true,
          "sort": 0,
          "value_type": "individual"
        },
        "type": "graph",
        "xaxis": {
          "buckets": null,
          "mode": "time",
          "name": null,
          "show": true,
          "values": []
        },
        "yaxes": [
          {
            "format": "short",
            "label": null,
            "logBase": 1,
            "max": null,
            "min": null,
            "show": true
          },
          {
            "format": "short",
            "label": null,
            "logBase": 1,
            "max": null,
            "min": null,
            "show": true
          }
        ],
        "yaxis": {
          "align": false,
          "alignLevel": null
        }
      },
      {
        "aliasColors": {},
        "bars": false,
        "dashLength": 10,
        "dashes": false,
        "datasource": "Prometheus",
        "editable": true,
        "error": false,
        "fill": 1,
        "gridPos": {
          "h": 7,
          "w": 24,
          "x": 0,
          "y": 48
        },
        "id": 18,
        "legend": {
          "alignAsTable": true,
          "avg": false,
          "current": false,
          "max": false,
          "min": false,
          "rightSide": true,
          "show": true,
          "total": false,
          "values": false
        },
        "lines": true,
        "linewidth": 1,
        "links": [],
        "nullPointMode": "connected",
        "percentage": false,
        "pointradius": 5,
        "points": false,
        "renderer": "flot",
        "seriesOverrides": [],
        "spaceLength": 10,
        "stack": false,
        "steppedLine": false,
        "targets": [
          {
            "expr": "go_gc_duration_seconds{job=\"thanos-query\"}",
            "format": "time_series",
            "intervalFactor": 2,
            "legendFormat": "{{quantile}} {{job}}",
            "refId": "A",
            "step": 2
          }
        ],
        "thresholds": [],
        "timeFrom": null,
        "timeShift": null,
        "title": "GC Time Quantiles",
        "tooltip": {
          "msResolution": false,
          "shared": true,
          "sort": 0,
          "value_type": "individual"
        },
        "type": "graph",
        "xaxis": {
          "buckets": null,
          "mode": "time",
          "name": null,
          "show": true,
          "values": []
        },
        "yaxes": [
          {
            "format": "s",
            "label": null,
            "logBase": 1,
            "max": null,
            "min": null,
            "show": true
          },
          {
            "format": "short",
            "label": null,
            "logBase": 1,
            "max": null,
            "min": null,
            "show": true
          }
        ],
        "yaxis": {
          "align": false,
          "alignLevel": null
        }
      }
    ],
    "refresh": "5s",
    "revision": null,
    "schemaVersion": 16,
    "style": "dark",
    "tags": [
      "thanos"
    ],
    "templating": {
      "list": [
        {
          "auto": false,
          "auto_count": 30,
          "auto_min": "10s",
          "current": {
            "text": "1m",
            "value": "1m"
          },
          "hide": 0,
          "label": null,
          "name": "interval",
          "options": [
            {
              "selected": true,
              "text": "1m",
              "value": "1m"
            },
            {
              "selected": false,
              "text": "10m",
              "value": "10m"
            },
            {
              "selected": false,
              "text": "30m",
              "value": "30m"
            },
            {
              "selected": false,
              "text": "1h",
              "value": "1h"
            },
            {
              "selected": false,
              "text": "6h",
              "value": "6h"
            },
            {
              "selected": false,
              "text": "12h",
              "value": "12h"
            },
            {
              "selected": false,
              "text": "1d",
              "value": "1d"
            },
            {
              "selected": false,
              "text": "7d",
              "value": "7d"
            },
            {
              "selected": false,
              "text": "14d",
              "value": "14d"
            },
            {
              "selected": false,
              "text": "30d",
              "value": "30d"
            }
          ],
          "query": "1m,10m,30m,1h,6h,12h,1d,7d,14d,30d",
          "refresh": 2,
          "skipUrlSync": false,
          "type": "interval"
        },
        {
          "allValue": ".*",
          "current": {},
          "datasource": "Prometheus",
          "hide": 0,
          "includeAll": true,
          "label": "pod",
          "multi": false,
          "name": "pod",
          "options": [],
          "query": "label_values(thanos_build_info{app=\"thanos-query\"}, kubernetes_pod_name)",
          "refresh": 1,
          "regex": "",
          "skipUrlSync": false,
          "sort": 0,
          "tagValuesQuery": "",
          "tags": [],
          "tagsQuery": "",
          "type": "query",
          "useTags": false
        },
        {
          "current": {
            "text": "thanos-query",
            "value": "thanos-query"
          },
          "hide": 2,
          "label": null,
          "name": "labelvalue",
          "options": [
            {
              "text": "thanos-query",
              "value": "thanos-query"
            }
          ],
          "query": "thanos-query",
          "skipUrlSync": false,
          "type": "constant"
        },
        {
          "current": {
            "text": "app",
            "value": "app"
          },
          "hide": 2,
          "label": null,
          "name": "labelselector",
          "options": [
            {
              "text": "app",
              "value": "app"
            }
          ],
          "query": "app",
          "skipUrlSync": false,
          "type": "constant"
        }
      ]
    },
    "time": {
      "from": "now-30m",
      "to": "now"
    },
    "timepicker": {
      "refresh_intervals": [
        "5s",
        "10s",
        "30s",
        "1m",
        "5m",
        "15m",
        "30m",
        "1h",
        "2h",
        "1d"
      ],
      "time_options": [
        "5m",
        "15m",
        "1h",
        "6h",
        "12h",
        "24h",
        "2d",
        "7d",
        "30d"
      ]
    },
    "timezone": "browser",
    "title": "Thanos Query",
    "uid": "opwl5gSiz"
  }
}
