{
  "meta": {
    "type": "db",
    "canSave": true,
    "canEdit": true,
    "canAdmin": true,
    "canStar": true,
    "slug": "thanos-rule",
    "url": "/d/rjUCNfHmz/thanos-rule",
    "hasAcl": false,
    "isFolder": false,
    "folderId": 61,
    "folderTitle": "Monitoring Platform Health",
    "folderUrl": "/dashboards/f/10D_Mkvmk/monitoring-platform-health",
    "provisioned": false
  },
  "dashboard": {
    "annotations": {
      "list": [
        {
          "builtIn": 1,
          "datasource": "-- Grafana --",
          "enable": true,
          "hide": true,
          "iconColor": "rgba(0, 211, 255, 1)",
          "name": "Annotations & Alerts",
          "type": "dashboard"
        }
      ]
    },
    "editable": true,
    "gnetId": null,
    "graphTooltip": 1,
    "id": 80,
    "links": [],
    "panels": [
      {
        "collapsed": false,
        "gridPos": {
          "h": 1,
          "w": 24,
          "x": 0,
          "y": 0
        },
        "id": 22,
        "panels": [],
        "repeat": null,
        "title": "Thanos Rule",
        "type": "row"
      },
      {
        "aliasColors": {},
        "bars": false,
        "dashLength": 10,
        "dashes": false,
        "datasource": "Prometheus",
        "fill": 1,
        "gridPos": {
          "h": 7,
          "w": 12,
          "x": 0,
          "y": 1
        },
        "id": 29,
        "legend": {
          "alignAsTable": true,
          "avg": true,
          "current": true,
          "max": false,
          "min": false,
          "rightSide": true,
          "show": true,
          "sort": "current",
          "sortDesc": true,
          "total": false,
          "values": true
        },
        "lines": true,
        "linewidth": 1,
        "links": [],
        "nullPointMode": "null",
        "percentage": false,
        "pointradius": 5,
        "points": false,
        "renderer": "flot",
        "seriesOverrides": [],
        "spaceLength": 10,
        "stack": false,
        "steppedLine": false,
        "targets": [
          {
            "expr": "sum(rate(grpc_server_handled_total{kubernetes_namespace=~\"$namespace\",$labelselector=\"$labelvalue\"}[$interval])) by (grpc_code, grpc_method, kubernetes_namespace)",
            "format": "time_series",
            "intervalFactor": 1,
            "legendFormat": "{{grpc_code}}   {{kubernetes_namespace}}/{{grpc_method}}",
            "refId": "A"
          }
        ],
        "thresholds": [],
        "timeFrom": null,
        "timeShift": null,
        "title": "RPS [$interval]",
        "tooltip": {
          "shared": true,
          "sort": 0,
          "value_type": "individual"
        },
        "type": "graph",
        "xaxis": {
          "buckets": null,
          "mode": "time",
          "name": null,
          "show": true,
          "values": []
        },
        "yaxes": [
          {
            "format": "short",
            "label": null,
            "logBase": 1,
            "max": null,
            "min": null,
            "show": true
          },
          {
            "format": "short",
            "label": null,
            "logBase": 1,
            "max": null,
            "min": null,
            "show": true
          }
        ]
      },
      {
        "aliasColors": {},
        "bars": false,
        "dashLength": 10,
        "dashes": false,
        "datasource": "Prometheus",
        "fill": 1,
        "gridPos": {
          "h": 7,
          "w": 12,
          "x": 12,
          "y": 1
        },
        "id": 31,
        "legend": {
          "alignAsTable": true,
          "avg": true,
          "current": true,
          "max": false,
          "min": false,
          "rightSide": true,
          "show": true,
          "sort": "current",
          "sortDesc": true,
          "total": false,
          "values": true
        },
        "lines": true,
        "linewidth": 1,
        "links": [],
        "nullPointMode": "null",
        "percentage": false,
        "pointradius": 5,
        "points": false,
        "renderer": "flot",
        "seriesOverrides": [],
        "spaceLength": 10,
        "stack": false,
        "steppedLine": false,
        "targets": [
          {
            "expr": "histogram_quantile(0.9999, sum(rate(grpc_server_handling_seconds_bucket{kubernetes_namespace=~\"$namespace\",$labelselector=\"$labelvalue\"}[$interval])) by (grpc_method, le, kubernetes_namespace))",
            "format": "time_series",
            "intervalFactor": 1,
            "legendFormat": "99.99 {{kubernetes_namespace}}/{{grpc_method}}",
            "refId": "A"
          }
        ],
        "thresholds": [],
        "timeFrom": null,
        "timeShift": null,
        "title": "Query Response Time Quantile [$interval]",
        "tooltip": {
          "shared": true,
          "sort": 0,
          "value_type": "individual"
        },
        "type": "graph",
        "xaxis": {
          "buckets": null,
          "mode": "time",
          "name": null,
          "show": true,
          "values": []
        },
        "yaxes": [
          {
            "format": "short",
            "label": null,
            "logBase": 1,
            "max": null,
            "min": null,
            "show": true
          },
          {
            "format": "short",
            "label": null,
            "logBase": 1,
            "max": null,
            "min": null,
            "show": true
          }
        ]
      },
      {
        "collapsed": false,
        "gridPos": {
          "h": 1,
          "w": 24,
          "x": 0,
          "y": 8
        },
        "id": 33,
        "panels": [],
        "title": "Alert Sender",
        "type": "row"
      },
      {
        "aliasColors": {},
        "bars": false,
        "dashLength": 10,
        "dashes": false,
        "datasource": "Prometheus",
        "fill": 1,
        "gridPos": {
          "h": 7,
          "w": 12,
          "x": 0,
          "y": 9
        },
        "id": 27,
        "legend": {
          "alignAsTable": true,
          "avg": true,
          "current": true,
          "max": false,
          "min": false,
          "rightSide": true,
          "show": true,
          "sort": "current",
          "sortDesc": true,
          "total": false,
          "values": true
        },
        "lines": true,
        "linewidth": 1,
        "links": [],
        "nullPointMode": "null",
        "percentage": false,
        "pointradius": 5,
        "points": false,
        "renderer": "flot",
        "seriesOverrides": [],
        "spaceLength": 10,
        "stack": false,
        "steppedLine": false,
        "targets": [
          {
            "expr": "rate(thanos_alert_sender_alerts_sent_total{kubernetes_namespace=~\"$namespace\",$labelselector=\"$labelvalue\"}[$interval])",
            "format": "time_series",
            "intervalFactor": 1,
            "legendFormat": "{{alertmanager}}",
            "refId": "A"
          }
        ],
        "thresholds": [],
        "timeFrom": null,
        "timeShift": null,
        "title": "Alerts Sent Rate [$interval]",
        "tooltip": {
          "shared": true,
          "sort": 0,
          "value_type": "individual"
        },
        "type": "graph",
        "xaxis": {
          "buckets": null,
          "mode": "time",
          "name": null,
          "show": true,
          "values": []
        },
        "yaxes": [
          {
            "format": "short",
            "label": null,
            "logBase": 1,
            "max": null,
            "min": null,
            "show": true
          },
          {
            "format": "short",
            "label": null,
            "logBase": 1,
            "max": null,
            "min": null,
            "show": true
          }
        ]
      },
      {
        "aliasColors": {},
        "bars": false,
        "dashLength": 10,
        "dashes": false,
        "datasource": "Prometheus",
        "fill": 1,
        "gridPos": {
          "h": 7,
          "w": 12,
          "x": 12,
          "y": 9
        },
        "id": 37,
        "legend": {
          "alignAsTable": true,
          "avg": true,
          "current": true,
          "max": false,
          "min": false,
          "rightSide": true,
          "show": true,
          "sort": "current",
          "sortDesc": true,
          "total": false,
          "values": true
        },
        "lines": true,
        "linewidth": 1,
        "links": [],
        "nullPointMode": "null",
        "percentage": false,
        "pointradius": 5,
        "points": false,
        "renderer": "flot",
        "seriesOverrides": [],
        "spaceLength": 10,
        "stack": false,
        "steppedLine": false,
        "targets": [
          {
            "expr": "rate(thanos_alert_sender_alerts_dropped_total{kubernetes_namespace=~\"$namespace\",$labelselector=\"$labelvalue\"}[$interval])",
            "format": "time_series",
            "intervalFactor": 1,
            "legendFormat": "{{alertmanager}}",
            "refId": "A"
          }
        ],
        "thresholds": [],
        "timeFrom": null,
        "timeShift": null,
        "title": "Alerts Dropped Rate [$interval]",
        "tooltip": {
          "shared": true,
          "sort": 0,
          "value_type": "individual"
        },
        "type": "graph",
        "xaxis": {
          "buckets": null,
          "mode": "time",
          "name": null,
          "show": true,
          "values": []
        },
        "yaxes": [
          {
            "format": "short",
            "label": null,
            "logBase": 1,
            "max": null,
            "min": null,
            "show": true
          },
          {
            "format": "short",
            "label": null,
            "logBase": 1,
            "max": null,
            "min": null,
            "show": true
          }
        ]
      },
      {
        "aliasColors": {},
        "bars": false,
        "dashLength": 10,
        "dashes": false,
        "datasource": "Prometheus",
        "fill": 1,
        "gridPos": {
          "h": 7,
          "w": 24,
          "x": 0,
          "y": 16
        },
        "id": 35,
        "legend": {
          "alignAsTable": true,
          "avg": true,
          "current": true,
          "max": false,
          "min": false,
          "rightSide": true,
          "show": true,
          "sort": "current",
          "sortDesc": true,
          "total": false,
          "values": true
        },
        "lines": true,
        "linewidth": 1,
        "links": [],
        "nullPointMode": "null",
        "percentage": false,
        "pointradius": 5,
        "points": false,
        "renderer": "flot",
        "seriesOverrides": [],
        "spaceLength": 10,
        "stack": false,
        "steppedLine": false,
        "targets": [
          {
            "expr": "histogram_quantile(0.9999, sum(rate(thanos_alert_sender_latency_seconds_bucket{kubernetes_namespace=~\"$namespace\",$labelselector=\"$labelvalue\"}[$interval])) by (alertmanager, le, kubernetes_namespace))",
            "format": "time_series",
            "intervalFactor": 1,
            "legendFormat": "99.99 {{kubernetes_namespace}}/{{alertmanager}}",
            "refId": "A"
          }
        ],
        "thresholds": [],
        "timeFrom": null,
        "timeShift": null,
        "title": "Alert Sender Latency Quantile [$interval]",
        "tooltip": {
          "shared": true,
          "sort": 0,
          "value_type": "individual"
        },
        "type": "graph",
        "xaxis": {
          "buckets": null,
          "mode": "time",
          "name": null,
          "show": true,
          "values": []
        },
        "yaxes": [
          {
            "format": "short",
            "label": null,
            "logBase": 1,
            "max": null,
            "min": null,
            "show": true
          },
          {
            "format": "short",
            "label": null,
            "logBase": 1,
            "max": null,
            "min": null,
            "show": true
          }
        ]
      },
      {
        "collapsed": false,
        "gridPos": {
          "h": 1,
          "w": 24,
          "x": 0,
          "y": 23
        },
        "id": 41,
        "panels": [],
        "title": "Compaction",
        "type": "row"
      },
      {
        "aliasColors": {},
        "bars": false,
        "dashLength": 10,
        "dashes": false,
        "datasource": "Prometheus",
        "fill": 1,
        "gridPos": {
          "h": 7,
          "w": 12,
          "x": 0,
          "y": 24
        },
        "id": 39,
        "legend": {
          "alignAsTable": true,
          "avg": true,
          "current": true,
          "max": false,
          "min": false,
          "rightSide": true,
          "show": true,
          "total": false,
          "values": true
        },
        "lines": true,
        "linewidth": 1,
        "links": [],
        "nullPointMode": "null",
        "percentage": false,
        "pointradius": 5,
        "points": false,
        "renderer": "flot",
        "seriesOverrides": [],
        "spaceLength": 10,
        "stack": false,
        "steppedLine": false,
        "targets": [
          {
            "expr": "sum(rate(prometheus_tsdb_compactions_total{$labelselector=\"$labelvalue\",kubernetes_namespace=~\"$namespace\"}[$interval])) by (kubernetes_namespace)",
            "format": "time_series",
            "intervalFactor": 1,
            "legendFormat": "{{kubernetes_namespace}}",
            "refId": "A"
          }
        ],
        "thresholds": [],
        "timeFrom": null,
        "timeShift": null,
        "title": "Compaction Rate [$interval]",
        "tooltip": {
          "shared": true,
          "sort": 0,
          "value_type": "individual"
        },
        "type": "graph",
        "xaxis": {
          "buckets": null,
          "mode": "time",
          "name": null,
          "show": true,
          "values": []
        },
        "yaxes": [
          {
            "format": "short",
            "label": null,
            "logBase": 1,
            "max": null,
            "min": null,
            "show": true
          },
          {
            "format": "short",
            "label": null,
            "logBase": 1,
            "max": null,
            "min": null,
            "show": true
          }
        ]
      },
      {
        "aliasColors": {},
        "bars": false,
        "dashLength": 10,
        "dashes": false,
        "datasource": "Prometheus",
        "fill": 1,
        "gridPos": {
          "h": 7,
          "w": 12,
          "x": 12,
          "y": 24
        },
        "id": 43,
        "legend": {
          "alignAsTable": true,
          "avg": true,
          "current": true,
          "max": false,
          "min": false,
          "rightSide": true,
          "show": true,
          "sort": "current",
          "sortDesc": true,
          "total": false,
          "values": true
        },
        "lines": true,
        "linewidth": 1,
        "links": [],
        "nullPointMode": "null",
        "percentage": false,
        "pointradius": 5,
        "points": false,
        "renderer": "flot",
        "seriesOverrides": [],
        "spaceLength": 10,
        "stack": false,
        "steppedLine": false,
        "targets": [
          {
            "expr": "sum(rate(prometheus_tsdb_compactions_failed_total{$labelselector=\"$labelvalue\",kubernetes_namespace=~\"$namespace\"}[$interval])) by (kubernetes_namespace)",
            "format": "time_series",
            "intervalFactor": 1,
            "legendFormat": "{{kubernetes_namespace}}",
            "refId": "A"
          }
        ],
        "thresholds": [],
        "timeFrom": null,
        "timeShift": null,
        "title": "Compaction Failure Rate [$interval]",
        "tooltip": {
          "shared": true,
          "sort": 0,
          "value_type": "individual"
        },
        "type": "graph",
        "xaxis": {
          "buckets": null,
          "mode": "time",
          "name": null,
          "show": true,
          "values": []
        },
        "yaxes": [
          {
            "format": "short",
            "label": null,
            "logBase": 1,
            "max": null,
            "min": null,
            "show": true
          },
          {
            "format": "short",
            "label": null,
            "logBase": 1,
            "max": null,
            "min": null,
            "show": true
          }
        ]
      },
      {
        "aliasColors": {},
        "bars": false,
        "dashLength": 10,
        "dashes": false,
        "datasource": "Prometheus",
        "fill": 1,
        "gridPos": {
          "h": 7,
          "w": 24,
          "x": 0,
          "y": 31
        },
        "id": 45,
        "legend": {
          "alignAsTable": true,
          "avg": true,
          "current": true,
          "max": false,
          "min": false,
          "rightSide": true,
          "show": true,
          "sort": "current",
          "sortDesc": true,
          "total": false,
          "values": true
        },
        "lines": true,
        "linewidth": 1,
        "links": [],
        "nullPointMode": "null",
        "percentage": false,
        "pointradius": 5,
        "points": false,
        "renderer": "flot",
        "seriesOverrides": [],
        "spaceLength": 10,
        "stack": false,
        "steppedLine": false,
        "targets": [
          {
            "expr": "histogram_quantile(0.9999, sum(rate(prometheus_tsdb_compaction_duration_seconds_bucket{$labelselector=\"$labelvalue\",kubernetes_namespace=~\"$namespace\"}[$interval])) by (kubernetes_namespace,le))",
            "format": "time_series",
            "intervalFactor": 1,
            "legendFormat": "99.99 {{kubernetes_namespace}}",
            "refId": "A"
          }
        ],
        "thresholds": [],
        "timeFrom": null,
        "timeShift": null,
        "title": "Compaction Duration Quantile [$interval]",
        "tooltip": {
          "shared": true,
          "sort": 0,
          "value_type": "individual"
        },
        "type": "graph",
        "xaxis": {
          "buckets": null,
          "mode": "time",
          "name": null,
          "show": true,
          "values": []
        },
        "yaxes": [
          {
            "format": "short",
            "label": null,
            "logBase": 1,
            "max": null,
            "min": null,
            "show": true
          },
          {
            "format": "short",
            "label": null,
            "logBase": 1,
            "max": null,
            "min": null,
            "show": true
          }
        ]
      },
      {
        "collapsed": false,
        "gridPos": {
          "h": 1,
          "w": 24,
          "x": 0,
          "y": 38
        },
        "id": 25,
        "panels": [],
        "repeat": null,
        "title": "Ops",
        "type": "row"
      },
      {
        "aliasColors": {},
        "bars": false,
        "dashLength": 10,
        "dashes": false,
        "datasource": "Prometheus",
        "editable": true,
        "error": false,
        "fill": 1,
        "gridPos": {
          "h": 7,
          "w": 12,
          "x": 0,
          "y": 39
        },
        "id": 13,
        "legend": {
          "avg": false,
          "current": false,
          "max": false,
          "min": false,
          "show": true,
          "total": false,
          "values": false
        },
        "lines": true,
        "linewidth": 1,
        "links": [],
        "nullPointMode": "connected",
        "percentage": false,
        "pointradius": 5,
        "points": false,
        "renderer": "flot",
        "seriesOverrides": [],
        "spaceLength": 10,
        "stack": false,
        "steppedLine": false,
        "targets": [
          {
            "expr": "go_memstats_heap_alloc_bytes{$labelselector=\"$labelvalue\",kubernetes_namespace=~\"$namespace\"}",
            "format": "time_series",
            "intervalFactor": 2,
            "legendFormat": "{{kubernetes_namespace}} {{kubernetes_pod_name}}",
            "refId": "A",
            "step": 2
          }
        ],
        "thresholds": [],
        "timeFrom": null,
        "timeShift": null,
        "title": "Memory Used",
        "tooltip": {
          "msResolution": false,
          "shared": true,
          "sort": 0,
          "value_type": "individual"
        },
        "type": "graph",
        "xaxis": {
          "buckets": null,
          "mode": "time",
          "name": null,
          "show": true,
          "values": []
        },
        "yaxes": [
          {
            "format": "bytes",
            "label": null,
            "logBase": 1,
            "max": null,
            "min": "0",
            "show": true
          },
          {
            "format": "short",
            "label": null,
            "logBase": 1,
            "max": null,
            "min": null,
            "show": true
          }
        ]
      },
      {
        "aliasColors": {},
        "bars": false,
        "dashLength": 10,
        "dashes": false,
        "datasource": "Prometheus",
        "fill": 1,
        "gridPos": {
          "h": 7,
          "w": 12,
          "x": 12,
          "y": 39
        },
        "id": 19,
        "legend": {
          "avg": false,
          "current": false,
          "max": false,
          "min": false,
          "show": true,
          "total": false,
          "values": false
        },
        "lines": true,
        "linewidth": 1,
        "links": [],
        "nullPointMode": "null",
        "percentage": false,
        "pointradius": 5,
        "points": false,
        "renderer": "flot",
        "seriesOverrides": [],
        "spaceLength": 10,
        "stack": false,
        "steppedLine": false,
        "targets": [
          {
            "expr": "go_goroutines{$labelselector=\"$labelvalue\",kubernetes_namespace=~\"$namespace\"}",
            "format": "time_series",
            "intervalFactor": 2,
            "legendFormat": "{{kubernetes_namespace}} {{kubernetes_pod_name}}",
            "refId": "A",
            "step": 2
          }
        ],
        "thresholds": [],
        "timeFrom": null,
        "timeShift": null,
        "title": "Goroutines",
        "tooltip": {
          "shared": true,
          "sort": 0,
          "value_type": "individual"
        },
        "type": "graph",
        "xaxis": {
          "buckets": null,
          "mode": "time",
          "name": null,
          "show": true,
          "values": []
        },
        "yaxes": [
          {
            "format": "short",
            "label": null,
            "logBase": 1,
            "max": null,
            "min": null,
            "show": true
          },
          {
            "format": "short",
            "label": null,
            "logBase": 1,
            "max": null,
            "min": null,
            "show": true
          }
        ]
      },
      {
        "aliasColors": {},
        "bars": false,
        "dashLength": 10,
        "dashes": false,
        "datasource": "Prometheus",
        "editable": true,
        "error": false,
        "fill": 1,
        "gridPos": {
          "h": 7,
          "w": 24,
          "x": 0,
          "y": 46
        },
        "id": 18,
        "legend": {
          "avg": false,
          "current": false,
          "max": false,
          "min": false,
          "show": true,
          "total": false,
          "values": false
        },
        "lines": true,
        "linewidth": 1,
        "links": [],
        "nullPointMode": "connected",
        "percentage": false,
        "pointradius": 5,
        "points": false,
        "renderer": "flot",
        "seriesOverrides": [],
        "spaceLength": 10,
        "stack": false,
        "steppedLine": false,
        "targets": [
          {
            "expr": "go_gc_duration_seconds{$labelselector=\"$labelvalue\", quantile=\"1\"}",
            "format": "time_series",
            "intervalFactor": 2,
            "legendFormat": "{{kubernetes_namespace}} {{kubernetes_pod_name}} ",
            "refId": "A",
            "step": 2
          }
        ],
        "thresholds": [],
        "timeFrom": null,
        "timeShift": null,
        "title": "GC Time Quantiles",
        "tooltip": {
          "msResolution": false,
          "shared": true,
          "sort": 0,
          "value_type": "individual"
        },
        "type": "graph",
        "xaxis": {
          "buckets": null,
          "mode": "time",
          "name": null,
          "show": true,
          "values": []
        },
        "yaxes": [
          {
            "format": "s",
            "label": null,
            "logBase": 1,
            "max": null,
            "min": null,
            "show": true
          },
          {
            "format": "short",
            "label": null,
            "logBase": 1,
            "max": null,
            "min": null,
            "show": true
          }
        ]
      }
    ],
    "refresh": "30s",
    "revision": null,
    "schemaVersion": 16,
    "style": "dark",
    "tags": [
      "thanos"
    ],
    "templating": {
      "list": [
        {
          "auto": false,
          "auto_count": 30,
          "auto_min": "10s",
          "current": {
            "text": "1m",
            "value": "1m"
          },
          "hide": 0,
          "label": null,
          "name": "interval",
          "options": [
            {
              "selected": true,
              "text": "1m",
              "value": "1m"
            },
            {
              "selected": false,
              "text": "10m",
              "value": "10m"
            },
            {
              "selected": false,
              "text": "30m",
              "value": "30m"
            },
            {
              "selected": false,
              "text": "1h",
              "value": "1h"
            },
            {
              "selected": false,
              "text": "6h",
              "value": "6h"
            },
            {
              "selected": false,
              "text": "12h",
              "value": "12h"
            },
            {
              "selected": false,
              "text": "1d",
              "value": "1d"
            },
            {
              "selected": false,
              "text": "7d",
              "value": "7d"
            },
            {
              "selected": false,
              "text": "14d",
              "value": "14d"
            },
            {
              "selected": false,
              "text": "30d",
              "value": "30d"
            }
          ],
          "query": "1m,10m,30m,1h,6h,12h,1d,7d,14d,30d",
          "refresh": 2,
          "type": "interval"
        },
        {
          "allValue": ".*",
          "current": {},
          "datasource": "Prometheus",
          "hide": 0,
          "includeAll": true,
          "label": "namespace",
          "multi": false,
          "name": "namespace",
          "options": [],
          "query": "label_values(kubernetes_namespace)",
          "refresh": 1,
          "regex": "",
          "sort": 0,
          "tagValuesQuery": "",
          "tags": [],
          "tagsQuery": "",
          "type": "query",
          "useTags": false
        },
        {
          "current": {
            "text": "app",
            "value": "app"
          },
          "hide": 2,
          "label": null,
          "name": "labelselector",
          "options": [
            {
              "text": "app",
              "value": "app"
            }
          ],
          "query": "app",
          "type": "constant"
        },
        {
          "current": {
            "text": "thanos-rule",
            "value": "thanos-rule"
          },
          "hide": 2,
          "label": null,
          "name": "labelvalue",
          "options": [
            {
              "text": "thanos-rule",
              "value": "thanos-rule"
            }
          ],
          "query": "thanos-rule",
          "type": "constant"
        }
      ]
    },
    "time": {
      "from": "now-30m",
      "to": "now"
    },
    "timepicker": {
      "refresh_intervals": [
        "5s",
        "10s",
        "30s",
        "1m",
        "5m",
        "15m",
        "30m",
        "1h",
        "2h",
        "1d"
      ],
      "time_options": [
        "5m",
        "15m",
        "1h",
        "6h",
        "12h",
        "24h",
        "2d",
        "7d",
        "30d"
      ]
    },
    "timezone": "browser",
    "title": "Thanos Rule",
    "uid": "rjUCNfHmz"
  }
}
