{
  "meta": {
    "type": "db",
    "canSave": true,
    "canEdit": true,
    "canAdmin": true,
    "canStar": true,
    "slug": "varnish-cache-overview",
    "url": "/d/rfGXONgmk/varnish-cache-overview",
    "hasAcl": false,
    "isFolder": false,
    "folderId": 0,
    "folderTitle": "General",
    "folderUrl": "",
    "provisioned": false
  },
  "dashboard": {
    "annotations": {
      "list": [
        {
          "builtIn": 1,
          "datasource": "-- Grafana --",
          "enable": true,
          "hide": true,
          "iconColor": "rgba(0, 211, 255, 1)",
          "name": "Annotations & Alerts",
          "type": "dashboard"
        }
      ]
    },
    "editable": true,
    "gnetId": null,
    "graphTooltip": 1,
    "id": 37,
    "iteration": 1520616238358,
    "links": [],
    "panels": [
      {
        "collapsed": false,
        "gridPos": {
          "h": 1,
          "w": 24,
          "x": 0,
          "y": 0
        },
        "id": 19,
        "panels": [],
        "repeat": null,
        "title": "Statistics ($varnish_instance)",
        "type": "row"
      },
      {
        "cacheTimeout": null,
        "colorBackground": false,
        "colorValue": false,
        "colors": [
          "rgba(245, 54, 54, 0.9)",
          "rgba(237, 129, 40, 0.89)",
          "rgba(50, 172, 45, 0.97)"
        ],
        "datasource": "Prometheus",
        "decimals": null,
        "description": "",
        "editable": true,
        "error": false,
        "format": "percentunit",
        "gauge": {
          "maxValue": 1,
          "minValue": 0,
          "show": true,
          "thresholdLabels": false,
          "thresholdMarkers": false
        },
        "gridPos": {
          "h": 4,
          "w": 2,
          "x": 0,
          "y": 1
        },
        "height": "",
        "hideTimeOverride": false,
        "id": 6,
        "interval": null,
        "links": [],
        "mappingType": 1,
        "mappingTypes": [
          {
            "name": "value to text",
            "value": 1
          },
          {
            "name": "range to text",
            "value": 2
          }
        ],
        "maxDataPoints": 100,
        "minSpan": null,
        "nullPointMode": "connected",
        "nullText": null,
        "postfix": "",
        "postfixFontSize": "50%",
        "prefix": "",
        "prefixFontSize": "100%",
        "rangeMaps": [
          {
            "from": "null",
            "text": "N/A",
            "to": "null"
          }
        ],
        "sparkline": {
          "fillColor": "rgba(31, 118, 189, 0.18)",
          "full": false,
          "lineColor": "rgb(31, 120, 193)",
          "show": false
        },
        "tableColumn": "Value",
        "targets": [
          {
            "expr": "avg(( rate(varnish_main_cache_hit{instance=~\"^($varnish_instance).*\"}[5m]) / rate(varnish_main_client_req{instance=~\"^($varnish_instance).*\"}[5m]) ))",
            "format": "time_series",
            "hide": false,
            "interval": "",
            "intervalFactor": 2,
            "legendFormat": "",
            "metric": "",
            "refId": "A",
            "step": 1800
          }
        ],
        "thresholds": "0,0,0.1",
        "title": "Cache Hit Rate",
        "transparent": true,
        "type": "singlestat",
        "valueFontSize": "70%",
        "valueMaps": [
          {
            "op": "=",
            "text": "N/A",
            "value": "null"
          }
        ],
        "valueName": "current"
      },
      {
        "cacheTimeout": null,
        "colorBackground": false,
        "colorValue": false,
        "colors": [
          "rgba(245, 54, 54, 0.9)",
          "rgba(237, 129, 40, 0.89)",
          "rgba(50, 172, 45, 0.97)"
        ],
        "datasource": "Prometheus",
        "decimals": 1,
        "editable": true,
        "error": false,
        "format": "none",
        "gauge": {
          "maxValue": 100,
          "minValue": 0,
          "show": false,
          "thresholdLabels": false,
          "thresholdMarkers": true
        },
        "gridPos": {
          "h": 4,
          "w": 4,
          "x": 2,
          "y": 1
        },
        "id": 9,
        "interval": null,
        "links": [],
        "mappingType": 1,
        "mappingTypes": [
          {
            "name": "value to text",
            "value": 1
          },
          {
            "name": "range to text",
            "value": 2
          }
        ],
        "maxDataPoints": 100,
        "nullPointMode": "connected",
        "nullText": null,
        "postfix": " / sec",
        "postfixFontSize": "50%",
        "prefix": "",
        "prefixFontSize": "100%",
        "rangeMaps": [
          {
            "from": "null",
            "text": "N/A",
            "to": "null"
          }
        ],
        "sparkline": {
          "fillColor": "rgba(31, 118, 189, 0.18)",
          "full": false,
          "lineColor": "rgb(31, 120, 193)",
          "show": false
        },
        "tableColumn": "",
        "targets": [
          {
            "expr": "sum(irate(varnish_main_client_req{instance=~\"^($varnish_instance).*\"}[5m]))",
            "format": "time_series",
            "interval": "15s",
            "intervalFactor": 1,
            "legendFormat": "",
            "metric": "",
            "refId": "A",
            "step": 900
          }
        ],
        "thresholds": "",
        "timeFrom": null,
        "title": "Frontend Requests",
        "transparent": true,
        "type": "singlestat",
        "valueFontSize": "70%",
        "valueMaps": [
          {
            "op": "=",
            "text": "N/A",
            "value": "null"
          }
        ],
        "valueName": "current"
      },
      {
        "cacheTimeout": null,
        "colorBackground": false,
        "colorValue": false,
        "colors": [
          "rgba(245, 54, 54, 0.9)",
          "rgba(237, 129, 40, 0.89)",
          "rgba(50, 172, 45, 0.97)"
        ],
        "datasource": "Prometheus",
        "decimals": 1,
        "editable": true,
        "error": false,
        "format": "none",
        "gauge": {
          "maxValue": 100,
          "minValue": 0,
          "show": false,
          "thresholdLabels": false,
          "thresholdMarkers": true
        },
        "gridPos": {
          "h": 4,
          "w": 4,
          "x": 6,
          "y": 1
        },
        "id": 2,
        "interval": null,
        "links": [],
        "mappingType": 1,
        "mappingTypes": [
          {
            "name": "value to text",
            "value": 1
          },
          {
            "name": "range to text",
            "value": 2
          }
        ],
        "maxDataPoints": 100,
        "nullPointMode": "connected",
        "nullText": null,
        "postfix": " / sec",
        "postfixFontSize": "50%",
        "prefix": "",
        "prefixFontSize": "100%",
        "rangeMaps": [
          {
            "from": "null",
            "text": "N/A",
            "to": "null"
          }
        ],
        "sparkline": {
          "fillColor": "rgba(31, 118, 189, 0.18)",
          "full": false,
          "lineColor": "rgb(31, 120, 193)",
          "show": false
        },
        "tableColumn": "",
        "targets": [
          {
            "expr": "sum(irate(varnish_main_backend_req{instance=~\"^($varnish_instance).*\"}[5m]))",
            "format": "time_series",
            "interval": "15s",
            "intervalFactor": 1,
            "legendFormat": "",
            "metric": "varnish_main_backend_req",
            "refId": "A",
            "step": 900
          }
        ],
        "thresholds": "",
        "title": "Backend Requests",
        "transparent": true,
        "type": "singlestat",
        "valueFontSize": "70%",
        "valueMaps": [
          {
            "op": "=",
            "text": "N/A",
            "value": "null"
          }
        ],
        "valueName": "current"
      },
      {
        "cacheTimeout": null,
        "colorBackground": false,
        "colorValue": false,
        "colors": [
          "rgba(245, 54, 54, 0.9)",
          "rgba(237, 129, 40, 0.89)",
          "rgba(50, 172, 45, 0.97)"
        ],
        "datasource": "Prometheus",
        "decimals": 1,
        "editable": true,
        "error": false,
        "format": "short",
        "gauge": {
          "maxValue": 100,
          "minValue": 0,
          "show": false,
          "thresholdLabels": false,
          "thresholdMarkers": true
        },
        "gridPos": {
          "h": 4,
          "w": 2,
          "x": 10,
          "y": 1
        },
        "id": 11,
        "interval": null,
        "links": [],
        "mappingType": 1,
        "mappingTypes": [
          {
            "name": "value to text",
            "value": 1
          },
          {
            "name": "range to text",
            "value": 2
          }
        ],
        "maxDataPoints": 100,
        "nullPointMode": "connected",
        "nullText": null,
        "postfix": " / sec",
        "postfixFontSize": "50%",
        "prefix": "",
        "prefixFontSize": "50%",
        "rangeMaps": [
          {
            "from": "null",
            "text": "N/A",
            "to": "null"
          }
        ],
        "sparkline": {
          "fillColor": "rgba(31, 118, 189, 0.18)",
          "full": false,
          "lineColor": "rgb(31, 120, 193)",
          "show": false
        },
        "tableColumn": "frontend_for",
        "targets": [
          {
            "expr": "sum(irate(varnish_main_sessions_total{instance=~\"^($varnish_instance).*\"}[5m]))",
            "format": "time_series",
            "hide": false,
            "interval": "",
            "intervalFactor": 1,
            "legendFormat": "",
            "refId": "A",
            "step": 900
          }
        ],
        "thresholds": "",
        "title": "Sessions",
        "transparent": true,
        "type": "singlestat",
        "valueFontSize": "70%",
        "valueMaps": [
          {
            "op": "=",
            "text": "N/A",
            "value": "null"
          }
        ],
        "valueName": "current"
      },
      {
        "cacheTimeout": null,
        "colorBackground": false,
        "colorValue": false,
        "colors": [
          "rgba(245, 54, 54, 0.9)",
          "rgba(237, 129, 40, 0.89)",
          "rgba(50, 172, 45, 0.97)"
        ],
        "datasource": "Prometheus",
        "decimals": 1,
        "editable": true,
        "error": false,
        "format": "none",
        "gauge": {
          "maxValue": 100,
          "minValue": 0,
          "show": false,
          "thresholdLabels": false,
          "thresholdMarkers": true
        },
        "gridPos": {
          "h": 4,
          "w": 2,
          "x": 12,
          "y": 1
        },
        "height": "",
        "id": 4,
        "interval": null,
        "links": [],
        "mappingType": 1,
        "mappingTypes": [
          {
            "name": "value to text",
            "value": 1
          },
          {
            "name": "range to text",
            "value": 2
          }
        ],
        "maxDataPoints": 100,
        "nullPointMode": "connected",
        "nullText": null,
        "postfix": " / sec",
        "postfixFontSize": "50%",
        "prefix": "",
        "prefixFontSize": "100%",
        "rangeMaps": [
          {
            "from": "null",
            "text": "N/A",
            "to": "null"
          }
        ],
        "sparkline": {
          "fillColor": "rgba(31, 118, 189, 0.18)",
          "full": false,
          "lineColor": "rgb(31, 120, 193)",
          "show": false
        },
        "tableColumn": "",
        "targets": [
          {
            "expr": "sum(irate(varnish_main_cache_hit{instance=~\"^($varnish_instance).*\"}[5m]))",
            "format": "time_series",
            "interval": "15s",
            "intervalFactor": 1,
            "legendFormat": "",
            "metric": "varnish_main_backend_req",
            "refId": "A",
            "step": 900
          }
        ],
        "thresholds": "",
        "title": "Cache Hit",
        "transparent": true,
        "type": "singlestat",
        "valueFontSize": "70%",
        "valueMaps": [
          {
            "op": "=",
            "text": "N/A",
            "value": "null"
          }
        ],
        "valueName": "current"
      },
      {
        "cacheTimeout": null,
        "colorBackground": false,
        "colorValue": false,
        "colors": [
          "rgba(245, 54, 54, 0.9)",
          "rgba(237, 129, 40, 0.89)",
          "rgba(50, 172, 45, 0.97)"
        ],
        "datasource": "Prometheus",
        "format": "none",
        "gauge": {
          "maxValue": 100,
          "minValue": 0,
          "show": false,
          "thresholdLabels": false,
          "thresholdMarkers": true
        },
        "gridPos": {
          "h": 4,
          "w": 2,
          "x": 14,
          "y": 1
        },
        "id": 16,
        "interval": null,
        "links": [],
        "mappingType": 1,
        "mappingTypes": [
          {
            "name": "value to text",
            "value": 1
          },
          {
            "name": "range to text",
            "value": 2
          }
        ],
        "maxDataPoints": 100,
        "nullPointMode": "connected",
        "nullText": null,
        "postfix": "",
        "postfixFontSize": "50%",
        "prefix": "",
        "prefixFontSize": "50%",
        "rangeMaps": [
          {
            "from": "null",
            "text": "N/A",
            "to": "null"
          }
        ],
        "sparkline": {
          "fillColor": "rgba(31, 118, 189, 0.18)",
          "full": false,
          "lineColor": "rgb(31, 120, 193)",
          "show": false
        },
        "tableColumn": "",
        "targets": [
          {
            "expr": "sum(varnish_main_vmods{instance=~\"^($varnish_instance).*\"})",
            "format": "time_series",
            "interval": "",
            "intervalFactor": 2,
            "legendFormat": "",
            "refId": "A",
            "step": 1800
          }
        ],
        "thresholds": "",
        "title": "Loaded VMODs",
        "transparent": true,
        "type": "singlestat",
        "valueFontSize": "70%",
        "valueMaps": [
          {
            "op": "=",
            "text": "N/A",
            "value": "null"
          }
        ],
        "valueName": "avg"
      },
      {
        "cacheTimeout": null,
        "colorBackground": false,
        "colorValue": true,
        "colors": [
          "rgba(245, 54, 54, 0.9)",
          "rgb(96, 96, 96)",
          "rgba(50, 172, 45, 0.97)"
        ],
        "datasource": "Prometheus",
        "decimals": null,
        "editable": true,
        "error": false,
        "format": "dtdurations",
        "gauge": {
          "maxValue": 100,
          "minValue": 0,
          "show": false,
          "thresholdLabels": false,
          "thresholdMarkers": true
        },
        "gridPos": {
          "h": 4,
          "w": 4,
          "x": 16,
          "y": 1
        },
        "id": 18,
        "interval": null,
        "links": [],
        "mappingType": 1,
        "mappingTypes": [
          {
            "name": "value to text",
            "value": 1
          },
          {
            "name": "range to text",
            "value": 2
          }
        ],
        "maxDataPoints": 100,
        "nullPointMode": "connected",
        "nullText": null,
        "postfix": "",
        "postfixFontSize": "50%",
        "prefix": "",
        "prefixFontSize": "50%",
        "rangeMaps": [
          {
            "from": "null",
            "text": "N/A",
            "to": "null"
          }
        ],
        "sparkline": {
          "fillColor": "rgba(31, 118, 189, 0.18)",
          "full": false,
          "lineColor": "rgb(31, 120, 193)",
          "show": false
        },
        "tableColumn": "__name__",
        "targets": [
          {
            "expr": "min(varnish_main_uptime{instance=~\"^($varnish_instance).*\"})",
            "format": "time_series",
            "intervalFactor": 2,
            "legendFormat": "",
            "refId": "A",
            "step": 1800
          }
        ],
        "thresholds": "",
        "title": "Uptime",
        "transparent": true,
        "type": "singlestat",
        "valueFontSize": "50%",
        "valueMaps": [
          {
            "op": "=",
            "text": "N/A",
            "value": "null"
          }
        ],
        "valueName": "current"
      },
      {
        "cacheTimeout": null,
        "colorBackground": false,
        "colorValue": true,
        "colors": [
          "rgba(245, 54, 54, 0.9)",
          "rgb(96, 96, 96)",
          "rgba(50, 172, 45, 0.97)"
        ],
        "datasource": "Prometheus",
        "decimals": null,
        "editable": true,
        "error": false,
        "format": "dtdurations",
        "gauge": {
          "maxValue": 100,
          "minValue": 0,
          "show": false,
          "thresholdLabels": false,
          "thresholdMarkers": true
        },
        "gridPos": {
          "h": 4,
          "w": 4,
          "x": 20,
          "y": 1
        },
        "id": 10,
        "interval": null,
        "links": [],
        "mappingType": 1,
        "mappingTypes": [
          {
            "name": "value to text",
            "value": 1
          },
          {
            "name": "range to text",
            "value": 2
          }
        ],
        "maxDataPoints": 100,
        "nullPointMode": "connected",
        "nullText": null,
        "postfix": "",
        "postfixFontSize": "50%",
        "prefix": "",
        "prefixFontSize": "50%",
        "rangeMaps": [
          {
            "from": "null",
            "text": "N/A",
            "to": "null"
          }
        ],
        "sparkline": {
          "fillColor": "rgba(31, 118, 189, 0.18)",
          "full": false,
          "lineColor": "rgb(31, 120, 193)",
          "show": false
        },
        "tableColumn": "version",
        "targets": [
          {
            "expr": "varnish_version{instance=~\"^($varnish_instance).*\"}",
            "format": "table",
            "intervalFactor": 2,
            "legendFormat": "",
            "refId": "A",
            "step": 1800
          }
        ],
        "thresholds": "",
        "title": "Version",
        "transparent": true,
        "type": "singlestat",
        "valueFontSize": "50%",
        "valueMaps": [
          {
            "op": "=",
            "text": "N/A",
            "value": "null"
          }
        ],
        "valueName": "current"
      },
      {
        "collapsed": false,
        "gridPos": {
          "h": 1,
          "w": 24,
          "x": 0,
          "y": 5
        },
        "id": 20,
        "panels": [],
        "repeat": null,
        "title": "Visualisation",
        "type": "row"
      },
      {
        "aliasColors": {},
        "bars": false,
        "dashLength": 10,
        "dashes": false,
        "datasource": "Prometheus",
        "decimals": 0,
        "editable": true,
        "error": false,
        "fill": 4,
        "grid": {},
        "gridPos": {
          "h": 11,
          "w": 16,
          "x": 0,
          "y": 6
        },
        "id": 8,
        "legend": {
          "alignAsTable": true,
          "avg": true,
          "current": false,
          "hideEmpty": false,
          "hideZero": false,
          "max": true,
          "min": false,
          "rightSide": false,
          "show": true,
          "sideWidth": 400,
          "total": true,
          "values": true
        },
        "lines": true,
        "linewidth": 1,
        "links": [],
        "nullPointMode": "connected",
        "percentage": false,
        "pointradius": 5,
        "points": false,
        "renderer": "flot",
        "seriesOverrides": [
          {
            "alias": "fetch total",
            "fill": 0,
            "yaxis": 2
          },
          {
            "alias": "frontend",
            "color": "#508642"
          },
          {
            "alias": "backend",
            "color": "#CCA300"
          }
        ],
        "spaceLength": 10,
        "stack": false,
        "steppedLine": false,
        "targets": [
          {
            "expr": "sum(irate(varnish_main_client_req{instance=~\"^($varnish_instance).*\"}[5m]))",
            "format": "time_series",
            "interval": "",
            "intervalFactor": 10,
            "legendFormat": "frontend",
            "metric": "",
            "refId": "A",
            "step": 60
          },
          {
            "expr": "sum(irate(varnish_main_backend_req{instance=~\"^($varnish_instance).*\"}[5m]))",
            "format": "time_series",
            "interval": "",
            "intervalFactor": 10,
            "legendFormat": "backend",
            "refId": "B",
            "step": 60
          },
          {
            "expr": "sum(varnish_main_fetch_total{instance=~\"^($varnish_instance).*\"})",
            "format": "time_series",
            "intervalFactor": 10,
            "legendFormat": "fetch total",
            "refId": "C",
            "step": 120
          }
        ],
        "thresholds": [],
        "timeFrom": null,
        "timeShift": null,
        "title": "Requests",
        "tooltip": {
          "shared": true,
          "sort": 0,
          "value_type": "cumulative"
        },
        "type": "graph",
        "xaxis": {
          "buckets": null,
          "mode": "time",
          "name": null,
          "show": true,
          "values": []
        },
        "yaxes": [
          {
            "format": "none",
            "label": "",
            "logBase": 1,
            "max": null,
            "min": 1,
            "show": true
          },
          {
            "format": "none",
            "label": "",
            "logBase": 1,
            "max": null,
            "min": 0,
            "show": false
          }
        ]
      },
      {
        "aliasColors": {},
        "bars": false,
        "dashLength": 10,
        "dashes": false,
        "datasource": "Prometheus",
        "fill": 6,
        "gridPos": {
          "h": 11,
          "w": 8,
          "x": 16,
          "y": 6
        },
        "id": 14,
        "legend": {
          "alignAsTable": true,
          "avg": true,
          "current": false,
          "hideEmpty": false,
          "hideZero": false,
          "max": true,
          "min": true,
          "rightSide": false,
          "show": true,
          "total": false,
          "values": true
        },
        "lines": true,
        "linewidth": 0,
        "links": [],
        "nullPointMode": "connected",
        "percentage": false,
        "pointradius": 5,
        "points": false,
        "renderer": "flot",
        "seriesOverrides": [
          {
            "alias": "/.*miss/",
            "color": "#890F02"
          },
          {
            "alias": "/.*hit/",
            "color": "#508642"
          }
        ],
        "spaceLength": 10,
        "stack": true,
        "steppedLine": true,
        "targets": [
          {
            "expr": "avg(rate(varnish_main_cache_hit{instance=~\"^($varnish_instance).*\"}[5m]) / rate(varnish_main_client_req{instance=~\"^($varnish_instance).*\"}[5m]))",
            "format": "time_series",
            "hide": false,
            "interval": "",
            "intervalFactor": 10,
            "legendFormat": "cache hit %",
            "refId": "A",
            "step": 240
          },
          {
            "expr": "avg(1 - (rate(varnish_main_cache_hit{instance=~\"^($varnish_instance).*\"}[5m]) / rate(varnish_main_client_req{instance=~\"^($varnish_instance).*\"}[5m])))",
            "format": "time_series",
            "hide": false,
            "interval": "",
            "intervalFactor": 10,
            "legendFormat": "cache miss %",
            "refId": "B",
            "step": 240
          }
        ],
        "thresholds": [],
        "timeFrom": null,
        "timeShift": null,
        "title": "Cache hits",
        "tooltip": {
          "shared": true,
          "sort": 0,
          "value_type": "individual"
        },
        "type": "graph",
        "xaxis": {
          "buckets": null,
          "mode": "time",
          "name": null,
          "show": true,
          "values": []
        },
        "yaxes": [
          {
            "format": "percentunit",
            "label": "",
            "logBase": 1,
            "max": "1",
            "min": "0",
            "show": true
          },
          {
            "format": "short",
            "label": null,
            "logBase": 1,
            "max": null,
            "min": null,
            "show": false
          }
        ]
      },
      {
        "aliasColors": {},
        "bars": false,
        "dashLength": 10,
        "dashes": false,
        "datasource": "Prometheus",
        "decimals": null,
        "editable": true,
        "error": false,
        "fill": 5,
        "grid": {},
        "gridPos": {
          "h": 10,
          "w": 16,
          "x": 0,
          "y": 17
        },
        "hideTimeOverride": false,
        "id": 12,
        "legend": {
          "alignAsTable": true,
          "avg": true,
          "current": false,
          "hideEmpty": true,
          "hideZero": true,
          "max": true,
          "min": false,
          "rightSide": false,
          "show": true,
          "sideWidth": 400,
          "sort": null,
          "sortDesc": null,
          "total": true,
          "values": true
        },
        "lines": true,
        "linewidth": 1,
        "links": [],
        "nullPointMode": "connected",
        "percentage": false,
        "pointradius": 5,
        "points": false,
        "renderer": "flot",
        "seriesOverrides": [
          {
            "alias": "/backend .*/",
            "fill": 7
          },
          {
            "alias": "frontend",
            "color": "#508642",
            "stack": false,
            "zindex": -2
          },
          {
            "alias": "/^backend$/",
            "color": "#CCA300",
            "fill": 0,
            "stack": false,
            "zindex": 1
          }
        ],
        "spaceLength": 10,
        "stack": true,
        "steppedLine": false,
        "targets": [
          {
            "expr": "sum(irate(varnish_main_s_resp_hdrbytes{instance=~\"^($varnish_instance).*\"}[5m]) + irate(varnish_main_s_resp_bodybytes{instance=~\"^($varnish_instance).*\"}[5m]))",
            "format": "time_series",
            "hide": false,
            "instant": false,
            "interval": "",
            "intervalFactor": 10,
            "legendFormat": "frontend",
            "refId": "A",
            "step": 60
          },
          {
            "expr": "sum(irate(varnish_backend_beresp_hdrbytes{instance=~\"^($varnish_instance).*\"}[5m]) + irate(varnish_backend_beresp_bodybytes{instance=~\"^($varnish_instance).*\"}[5m])) ",
            "format": "time_series",
            "hide": false,
            "interval": "",
            "intervalFactor": 10,
            "legendFormat": "backend",
            "metric": "",
            "refId": "B",
            "step": 60
          },
          {
            "expr": "sum(irate(varnish_backend_beresp_hdrbytes{instance=~\"^($varnish_instance).*\"}[5m]) + irate(varnish_backend_beresp_bodybytes{instance=~\"^($varnish_instance).*\"}[5m])) by (backend) ",
            "format": "time_series",
            "intervalFactor": 10,
            "legendFormat": "backend {{ backend }}",
            "refId": "C",
            "step": 120
          }
        ],
        "thresholds": [],
        "timeFrom": null,
        "timeShift": null,
        "title": "Network",
        "tooltip": {
          "shared": true,
          "sort": 2,
          "value_type": "individual"
        },
        "type": "graph",
        "xaxis": {
          "buckets": null,
          "mode": "time",
          "name": null,
          "show": true,
          "values": []
        },
        "yaxes": [
          {
            "format": "bytes",
            "label": "",
            "logBase": 1,
            "max": null,
            "min": "1024",
            "show": true
          },
          {
            "format": "short",
            "logBase": 1,
            "max": null,
            "min": null,
            "show": true
          }
        ]
      },
      {
        "aliasColors": {},
        "bars": false,
        "dashLength": 10,
        "dashes": false,
        "datasource": "Prometheus",
        "decimals": 2,
        "editable": true,
        "error": false,
        "fill": 4,
        "grid": {},
        "gridPos": {
          "h": 10,
          "w": 8,
          "x": 16,
          "y": 17
        },
        "hideTimeOverride": false,
        "id": 13,
        "legend": {
          "alignAsTable": true,
          "avg": false,
          "current": true,
          "hideZero": false,
          "max": true,
          "min": true,
          "rightSide": false,
          "show": true,
          "sort": null,
          "sortDesc": null,
          "total": true,
          "values": true
        },
        "lines": true,
        "linewidth": 1,
        "links": [],
        "nullPointMode": "connected",
        "percentage": false,
        "pointradius": 5,
        "points": false,
        "renderer": "flot",
        "seriesOverrides": [
          {
            "alias": "/.*expired/",
            "color": "#82B5D8"
          },
          {
            "alias": "/.*LRU moved/",
            "color": "#F9E2D2"
          },
          {
            "alias": "/.*LRU nuked/",
            "color": "#BF1B00"
          },
          {
            "alias": "/.*mem /",
            "color": "#BA43A9",
            "fill": 0,
            "yaxis": 2
          }
        ],
        "spaceLength": 10,
        "stack": false,
        "steppedLine": false,
        "targets": [
          {
            "expr": "sum(irate(varnish_main_n_expired{instance=~\"^($varnish_instance).*\"}[5m]))",
            "format": "time_series",
            "interval": "",
            "intervalFactor": 10,
            "legendFormat": "expired",
            "metric": "varnish_main_n_object",
            "refId": "A",
            "step": 240
          },
          {
            "expr": "sum(irate(varnish_main_n_lru_moved{instance=~\"^($varnish_instance).*\"}[5m]))",
            "format": "time_series",
            "interval": "",
            "intervalFactor": 10,
            "legendFormat": "LRU moved",
            "refId": "C",
            "step": 240
          },
          {
            "expr": "sum(irate(varnish_main_n_lru_nuked{instance=~\"^($varnish_instance).*\"}[5m]))",
            "format": "time_series",
            "interval": "",
            "intervalFactor": 10,
            "legendFormat": "LRU nuked",
            "refId": "B",
            "step": 240
          },
          {
            "expr": "sum(varnish_sma_g_bytes{type=\"s0\", instance=~\"^($varnish_instance).*\"})",
            "format": "time_series",
            "intervalFactor": 10,
            "legendFormat": "mem used",
            "metric": "",
            "refId": "E",
            "step": 240
          }
        ],
        "thresholds": [],
        "timeFrom": null,
        "timeShift": null,
        "title": "Cache",
        "tooltip": {
          "shared": true,
          "sort": 0,
          "value_type": "cumulative"
        },
        "type": "graph",
        "xaxis": {
          "buckets": null,
          "mode": "time",
          "name": null,
          "show": true,
          "values": []
        },
        "yaxes": [
          {
            "format": "none",
            "logBase": 1,
            "max": null,
            "min": 1,
            "show": true
          },
          {
            "format": "bytes",
            "logBase": 1,
            "max": null,
            "min": 1,
            "show": true
          }
        ]
      }
    ],
    "refresh": "5s",
    "schemaVersion": 16,
    "style": "dark",
    "tags": [],
    "templating": {
      "list": [
        {
          "allValue": null,
          "current": {
            "tags": [],
            "text": "UKASCACHE02.Allocate-Cloud.com",
            "value": "UKASCACHE02.Allocate-Cloud.com"
          },
          "datasource": "Prometheus",
          "hide": 0,
          "includeAll": true,
          "label": "Instance",
          "multi": false,
          "name": "varnish_instance",
          "options": [],
          "query": "label_values(varnish_up, instance)",
          "refresh": 1,
          "regex": "",
          "sort": 1,
          "tagValuesQuery": "",
          "tags": [],
          "tagsQuery": "",
          "type": "query",
          "useTags": false
        }
      ]
    },
    "time": {
      "from": "now-6h",
      "to": "now"
    },
    "timepicker": {
      "now": true,
      "nowDelay": "",
      "refresh_intervals": [
        "5s",
        "15s",
        "30s",
        "1m",
        "5m",
        "15m",
        "30m",
        "1h",
        "2h",
        "1d"
      ],
      "time_options": [
        "5m",
        "15m",
        "1h",
        "6h",
        "12h",
        "24h",
        "2d",
        "7d",
        "30d"
      ]
    },
    "timezone": "browser",
    "title": "Varnish Cache Overview",
    "uid": "rfGXONgmk"
  }
}
