{
  "meta": {
    "type": "db",
    "canSave": true,
    "canEdit": true,
    "canAdmin": true,
    "canStar": true,
    "slug": "vsphere-datastore-overview",
    "url": "/d/AXHAOk_mk/vsphere-datastore-overview",
    "hasAcl": false,
    "isFolder": false,
    "folderId": 109,
    "folderTitle": "VMWare vSphere Dashboards",
    "folderUrl": "/dashboards/f/bre2J4sik/vmware-vsphere-dashboards",
    "provisioned": false
  },
  "dashboard": {
    "annotations": {
      "list": [
        {
          "builtIn": 1,
          "datasource": "-- Grafana --",
          "enable": true,
          "hide": true,
          "iconColor": "rgba(0, 211, 255, 1)",
          "name": "Annotations & Alerts",
          "type": "dashboard"
        }
      ]
    },
    "editable": true,
    "gnetId": null,
    "graphTooltip": 1,
    "id": 113,
    "iteration": 1548427820299,
    "links": [],
    "panels": [
      {
        "cacheTimeout": null,
        "colorBackground": true,
        "colorValue": false,
        "colors": [
          "#d44a3a",
          "rgba(237, 129, 40, 0.89)",
          "#299c46"
        ],
        "format": "none",
        "gauge": {
          "maxValue": 100,
          "minValue": 0,
          "show": false,
          "thresholdLabels": false,
          "thresholdMarkers": true
        },
        "gridPos": {
          "h": 3,
          "w": 2.4,
          "x": 0,
          "y": 0
        },
        "id": 2,
        "interval": null,
        "links": [],
        "mappingType": 1,
        "mappingTypes": [
          {
            "name": "value to text",
            "value": 1
          },
          {
            "name": "range to text",
            "value": 2
          }
        ],
        "maxDataPoints": 100,
        "maxPerRow": 12,
        "nullPointMode": "connected",
        "nullText": null,
        "postfix": "",
        "postfixFontSize": "50%",
        "prefix": "",
        "prefixFontSize": "50%",
        "rangeMaps": [
          {
            "from": "null",
            "text": "N/A",
            "to": "null"
          }
        ],
        "repeat": "datastore",
        "repeatDirection": "h",
        "scopedVars": {
          "datastore": {
            "selected": false,
            "text": "Allocate_Pool1",
            "value": "Allocate_Pool1"
          }
        },
        "sparkline": {
          "fillColor": "rgba(31, 118, 189, 0.18)",
          "full": false,
          "lineColor": "rgb(31, 120, 193)",
          "show": false
        },
        "tableColumn": "",
        "targets": [
          {
            "expr": "vmware_datastore_accessible{dc_name=~\"$dcname\",ds_name=~\"$datastore\"}",
            "format": "time_series",
            "instant": false,
            "intervalFactor": 1,
            "legendFormat": "",
            "refId": "A"
          }
        ],
        "thresholds": "0,1",
        "timeFrom": null,
        "timeShift": null,
        "title": "$datastore  Accessible ",
        "type": "singlestat",
        "valueFontSize": "80%",
        "valueMaps": [
          {
            "op": "=",
            "text": "N/A",
            "value": "null"
          },
          {
            "op": "=",
            "text": "Online",
            "value": "1"
          },
          {
            "op": "=",
            "text": "Offline",
            "value": "0"
          }
        ],
        "valueName": "current"
      },
      {
        "cacheTimeout": null,
        "colorBackground": true,
        "colorValue": false,
        "colors": [
          "#d44a3a",
          "rgba(237, 129, 40, 0.89)",
          "#299c46"
        ],
        "format": "none",
        "gauge": {
          "maxValue": 100,
          "minValue": 0,
          "show": false,
          "thresholdLabels": false,
          "thresholdMarkers": true
        },
        "gridPos": {
          "h": 3,
          "w": 2.4,
          "x": 2.4,
          "y": 0
        },
        "id": 7,
        "interval": null,
        "links": [],
        "mappingType": 1,
        "mappingTypes": [
          {
            "name": "value to text",
            "value": 1
          },
          {
            "name": "range to text",
            "value": 2
          }
        ],
        "maxDataPoints": 100,
        "maxPerRow": 12,
        "nullPointMode": "connected",
        "nullText": null,
        "postfix": "",
        "postfixFontSize": "50%",
        "prefix": "",
        "prefixFontSize": "50%",
        "rangeMaps": [
          {
            "from": "null",
            "text": "N/A",
            "to": "null"
          }
        ],
        "repeat": null,
        "repeatDirection": "h",
        "repeatIteration": 1548427820299,
        "repeatPanelId": 2,
        "scopedVars": {
          "datastore": {
            "selected": false,
            "text": "Allocate_Pool2",
            "value": "Allocate_Pool2"
          }
        },
        "sparkline": {
          "fillColor": "rgba(31, 118, 189, 0.18)",
          "full": false,
          "lineColor": "rgb(31, 120, 193)",
          "show": false
        },
        "tableColumn": "",
        "targets": [
          {
            "expr": "vmware_datastore_accessible{dc_name=~\"$dcname\",ds_name=~\"$datastore\"}",
            "format": "time_series",
            "instant": false,
            "intervalFactor": 1,
            "legendFormat": "",
            "refId": "A"
          }
        ],
        "thresholds": "0,1",
        "timeFrom": null,
        "timeShift": null,
        "title": "$datastore  Accessible ",
        "type": "singlestat",
        "valueFontSize": "80%",
        "valueMaps": [
          {
            "op": "=",
            "text": "N/A",
            "value": "null"
          },
          {
            "op": "=",
            "text": "Online",
            "value": "1"
          },
          {
            "op": "=",
            "text": "Offline",
            "value": "0"
          }
        ],
        "valueName": "current"
      },
      {
        "cacheTimeout": null,
        "colorBackground": true,
        "colorValue": false,
        "colors": [
          "#d44a3a",
          "rgba(237, 129, 40, 0.89)",
          "#299c46"
        ],
        "format": "none",
        "gauge": {
          "maxValue": 100,
          "minValue": 0,
          "show": false,
          "thresholdLabels": false,
          "thresholdMarkers": true
        },
        "gridPos": {
          "h": 3,
          "w": 2.4,
          "x": 4.8,
          "y": 0
        },
        "id": 8,
        "interval": null,
        "links": [],
        "mappingType": 1,
        "mappingTypes": [
          {
            "name": "value to text",
            "value": 1
          },
          {
            "name": "range to text",
            "value": 2
          }
        ],
        "maxDataPoints": 100,
        "maxPerRow": 12,
        "nullPointMode": "connected",
        "nullText": null,
        "postfix": "",
        "postfixFontSize": "50%",
        "prefix": "",
        "prefixFontSize": "50%",
        "rangeMaps": [
          {
            "from": "null",
            "text": "N/A",
            "to": "null"
          }
        ],
        "repeat": null,
        "repeatDirection": "h",
        "repeatIteration": 1548427820299,
        "repeatPanelId": 2,
        "scopedVars": {
          "datastore": {
            "selected": false,
            "text": "Allocate_Pool3",
            "value": "Allocate_Pool3"
          }
        },
        "sparkline": {
          "fillColor": "rgba(31, 118, 189, 0.18)",
          "full": false,
          "lineColor": "rgb(31, 120, 193)",
          "show": false
        },
        "tableColumn": "",
        "targets": [
          {
            "expr": "vmware_datastore_accessible{dc_name=~\"$dcname\",ds_name=~\"$datastore\"}",
            "format": "time_series",
            "instant": false,
            "intervalFactor": 1,
            "legendFormat": "",
            "refId": "A"
          }
        ],
        "thresholds": "0,1",
        "timeFrom": null,
        "timeShift": null,
        "title": "$datastore  Accessible ",
        "type": "singlestat",
        "valueFontSize": "80%",
        "valueMaps": [
          {
            "op": "=",
            "text": "N/A",
            "value": "null"
          },
          {
            "op": "=",
            "text": "Online",
            "value": "1"
          },
          {
            "op": "=",
            "text": "Offline",
            "value": "0"
          }
        ],
        "valueName": "current"
      },
      {
        "cacheTimeout": null,
        "colorBackground": true,
        "colorValue": false,
        "colors": [
          "#d44a3a",
          "rgba(237, 129, 40, 0.89)",
          "#299c46"
        ],
        "format": "none",
        "gauge": {
          "maxValue": 100,
          "minValue": 0,
          "show": false,
          "thresholdLabels": false,
          "thresholdMarkers": true
        },
        "gridPos": {
          "h": 3,
          "w": 2.4,
          "x": 7.199999999999999,
          "y": 0
        },
        "id": 9,
        "interval": null,
        "links": [],
        "mappingType": 1,
        "mappingTypes": [
          {
            "name": "value to text",
            "value": 1
          },
          {
            "name": "range to text",
            "value": 2
          }
        ],
        "maxDataPoints": 100,
        "maxPerRow": 12,
        "nullPointMode": "connected",
        "nullText": null,
        "postfix": "",
        "postfixFontSize": "50%",
        "prefix": "",
        "prefixFontSize": "50%",
        "rangeMaps": [
          {
            "from": "null",
            "text": "N/A",
            "to": "null"
          }
        ],
        "repeat": null,
        "repeatDirection": "h",
        "repeatIteration": 1548427820299,
        "repeatPanelId": 2,
        "scopedVars": {
          "datastore": {
            "selected": false,
            "text": "Allocate_Pool4",
            "value": "Allocate_Pool4"
          }
        },
        "sparkline": {
          "fillColor": "rgba(31, 118, 189, 0.18)",
          "full": false,
          "lineColor": "rgb(31, 120, 193)",
          "show": false
        },
        "tableColumn": "",
        "targets": [
          {
            "expr": "vmware_datastore_accessible{dc_name=~\"$dcname\",ds_name=~\"$datastore\"}",
            "format": "time_series",
            "instant": false,
            "intervalFactor": 1,
            "legendFormat": "",
            "refId": "A"
          }
        ],
        "thresholds": "0,1",
        "timeFrom": null,
        "timeShift": null,
        "title": "$datastore  Accessible ",
        "type": "singlestat",
        "valueFontSize": "80%",
        "valueMaps": [
          {
            "op": "=",
            "text": "N/A",
            "value": "null"
          },
          {
            "op": "=",
            "text": "Online",
            "value": "1"
          },
          {
            "op": "=",
            "text": "Offline",
            "value": "0"
          }
        ],
        "valueName": "current"
      },
      {
        "cacheTimeout": null,
        "colorBackground": true,
        "colorValue": false,
        "colors": [
          "#d44a3a",
          "rgba(237, 129, 40, 0.89)",
          "#299c46"
        ],
        "format": "none",
        "gauge": {
          "maxValue": 100,
          "minValue": 0,
          "show": false,
          "thresholdLabels": false,
          "thresholdMarkers": true
        },
        "gridPos": {
          "h": 3,
          "w": 2.4,
          "x": 9.6,
          "y": 0
        },
        "id": 10,
        "interval": null,
        "links": [],
        "mappingType": 1,
        "mappingTypes": [
          {
            "name": "value to text",
            "value": 1
          },
          {
            "name": "range to text",
            "value": 2
          }
        ],
        "maxDataPoints": 100,
        "maxPerRow": 12,
        "nullPointMode": "connected",
        "nullText": null,
        "postfix": "",
        "postfixFontSize": "50%",
        "prefix": "",
        "prefixFontSize": "50%",
        "rangeMaps": [
          {
            "from": "null",
            "text": "N/A",
            "to": "null"
          }
        ],
        "repeat": null,
        "repeatDirection": "h",
        "repeatIteration": 1548427820299,
        "repeatPanelId": 2,
        "scopedVars": {
          "datastore": {
            "selected": false,
            "text": "Allocate_Pool5",
            "value": "Allocate_Pool5"
          }
        },
        "sparkline": {
          "fillColor": "rgba(31, 118, 189, 0.18)",
          "full": false,
          "lineColor": "rgb(31, 120, 193)",
          "show": false
        },
        "tableColumn": "",
        "targets": [
          {
            "expr": "vmware_datastore_accessible{dc_name=~\"$dcname\",ds_name=~\"$datastore\"}",
            "format": "time_series",
            "instant": false,
            "intervalFactor": 1,
            "legendFormat": "",
            "refId": "A"
          }
        ],
        "thresholds": "0,1",
        "timeFrom": null,
        "timeShift": null,
        "title": "$datastore  Accessible ",
        "type": "singlestat",
        "valueFontSize": "80%",
        "valueMaps": [
          {
            "op": "=",
            "text": "N/A",
            "value": "null"
          },
          {
            "op": "=",
            "text": "Online",
            "value": "1"
          },
          {
            "op": "=",
            "text": "Offline",
            "value": "0"
          }
        ],
        "valueName": "current"
      },
      {
        "cacheTimeout": null,
        "colorBackground": true,
        "colorValue": false,
        "colors": [
          "#d44a3a",
          "rgba(237, 129, 40, 0.89)",
          "#299c46"
        ],
        "format": "none",
        "gauge": {
          "maxValue": 100,
          "minValue": 0,
          "show": false,
          "thresholdLabels": false,
          "thresholdMarkers": true
        },
        "gridPos": {
          "h": 3,
          "w": 2.4,
          "x": 12,
          "y": 0
        },
        "id": 11,
        "interval": null,
        "links": [],
        "mappingType": 1,
        "mappingTypes": [
          {
            "name": "value to text",
            "value": 1
          },
          {
            "name": "range to text",
            "value": 2
          }
        ],
        "maxDataPoints": 100,
        "maxPerRow": 12,
        "nullPointMode": "connected",
        "nullText": null,
        "postfix": "",
        "postfixFontSize": "50%",
        "prefix": "",
        "prefixFontSize": "50%",
        "rangeMaps": [
          {
            "from": "null",
            "text": "N/A",
            "to": "null"
          }
        ],
        "repeat": null,
        "repeatDirection": "h",
        "repeatIteration": 1548427820299,
        "repeatPanelId": 2,
        "scopedVars": {
          "datastore": {
            "selected": false,
            "text": "Allocate_Pool6",
            "value": "Allocate_Pool6"
          }
        },
        "sparkline": {
          "fillColor": "rgba(31, 118, 189, 0.18)",
          "full": false,
          "lineColor": "rgb(31, 120, 193)",
          "show": false
        },
        "tableColumn": "",
        "targets": [
          {
            "expr": "vmware_datastore_accessible{dc_name=~\"$dcname\",ds_name=~\"$datastore\"}",
            "format": "time_series",
            "instant": false,
            "intervalFactor": 1,
            "legendFormat": "",
            "refId": "A"
          }
        ],
        "thresholds": "0,1",
        "timeFrom": null,
        "timeShift": null,
        "title": "$datastore  Accessible ",
        "type": "singlestat",
        "valueFontSize": "80%",
        "valueMaps": [
          {
            "op": "=",
            "text": "N/A",
            "value": "null"
          },
          {
            "op": "=",
            "text": "Online",
            "value": "1"
          },
          {
            "op": "=",
            "text": "Offline",
            "value": "0"
          }
        ],
        "valueName": "current"
      },
      {
        "cacheTimeout": null,
        "colorBackground": true,
        "colorValue": false,
        "colors": [
          "#d44a3a",
          "rgba(237, 129, 40, 0.89)",
          "#299c46"
        ],
        "format": "none",
        "gauge": {
          "maxValue": 100,
          "minValue": 0,
          "show": false,
          "thresholdLabels": false,
          "thresholdMarkers": true
        },
        "gridPos": {
          "h": 3,
          "w": 2.4,
          "x": 14.4,
          "y": 0
        },
        "id": 12,
        "interval": null,
        "links": [],
        "mappingType": 1,
        "mappingTypes": [
          {
            "name": "value to text",
            "value": 1
          },
          {
            "name": "range to text",
            "value": 2
          }
        ],
        "maxDataPoints": 100,
        "maxPerRow": 12,
        "nullPointMode": "connected",
        "nullText": null,
        "postfix": "",
        "postfixFontSize": "50%",
        "prefix": "",
        "prefixFontSize": "50%",
        "rangeMaps": [
          {
            "from": "null",
            "text": "N/A",
            "to": "null"
          }
        ],
        "repeat": null,
        "repeatDirection": "h",
        "repeatIteration": 1548427820299,
        "repeatPanelId": 2,
        "scopedVars": {
          "datastore": {
            "selected": false,
            "text": "INTERIM-DATASTORE02",
            "value": "INTERIM-DATASTORE02"
          }
        },
        "sparkline": {
          "fillColor": "rgba(31, 118, 189, 0.18)",
          "full": false,
          "lineColor": "rgb(31, 120, 193)",
          "show": false
        },
        "tableColumn": "",
        "targets": [
          {
            "expr": "vmware_datastore_accessible{dc_name=~\"$dcname\",ds_name=~\"$datastore\"}",
            "format": "time_series",
            "instant": false,
            "intervalFactor": 1,
            "legendFormat": "",
            "refId": "A"
          }
        ],
        "thresholds": "0,1",
        "timeFrom": null,
        "timeShift": null,
        "title": "$datastore  Accessible ",
        "type": "singlestat",
        "valueFontSize": "80%",
        "valueMaps": [
          {
            "op": "=",
            "text": "N/A",
            "value": "null"
          },
          {
            "op": "=",
            "text": "Online",
            "value": "1"
          },
          {
            "op": "=",
            "text": "Offline",
            "value": "0"
          }
        ],
        "valueName": "current"
      },
      {
        "cacheTimeout": null,
        "colorBackground": true,
        "colorValue": false,
        "colors": [
          "#d44a3a",
          "rgba(237, 129, 40, 0.89)",
          "#299c46"
        ],
        "format": "none",
        "gauge": {
          "maxValue": 100,
          "minValue": 0,
          "show": false,
          "thresholdLabels": false,
          "thresholdMarkers": true
        },
        "gridPos": {
          "h": 3,
          "w": 2.4,
          "x": 16.8,
          "y": 0
        },
        "id": 13,
        "interval": null,
        "links": [],
        "mappingType": 1,
        "mappingTypes": [
          {
            "name": "value to text",
            "value": 1
          },
          {
            "name": "range to text",
            "value": 2
          }
        ],
        "maxDataPoints": 100,
        "maxPerRow": 12,
        "nullPointMode": "connected",
        "nullText": null,
        "postfix": "",
        "postfixFontSize": "50%",
        "prefix": "",
        "prefixFontSize": "50%",
        "rangeMaps": [
          {
            "from": "null",
            "text": "N/A",
            "to": "null"
          }
        ],
        "repeat": null,
        "repeatDirection": "h",
        "repeatIteration": 1548427820299,
        "repeatPanelId": 2,
        "scopedVars": {
          "datastore": {
            "selected": false,
            "text": "INTERIM-DATASTORE03",
            "value": "INTERIM-DATASTORE03"
          }
        },
        "sparkline": {
          "fillColor": "rgba(31, 118, 189, 0.18)",
          "full": false,
          "lineColor": "rgb(31, 120, 193)",
          "show": false
        },
        "tableColumn": "",
        "targets": [
          {
            "expr": "vmware_datastore_accessible{dc_name=~\"$dcname\",ds_name=~\"$datastore\"}",
            "format": "time_series",
            "instant": false,
            "intervalFactor": 1,
            "legendFormat": "",
            "refId": "A"
          }
        ],
        "thresholds": "0,1",
        "timeFrom": null,
        "timeShift": null,
        "title": "$datastore  Accessible ",
        "type": "singlestat",
        "valueFontSize": "80%",
        "valueMaps": [
          {
            "op": "=",
            "text": "N/A",
            "value": "null"
          },
          {
            "op": "=",
            "text": "Online",
            "value": "1"
          },
          {
            "op": "=",
            "text": "Offline",
            "value": "0"
          }
        ],
        "valueName": "current"
      },
      {
        "cacheTimeout": null,
        "colorBackground": true,
        "colorValue": false,
        "colors": [
          "#d44a3a",
          "rgba(237, 129, 40, 0.89)",
          "#299c46"
        ],
        "format": "none",
        "gauge": {
          "maxValue": 100,
          "minValue": 0,
          "show": false,
          "thresholdLabels": false,
          "thresholdMarkers": true
        },
        "gridPos": {
          "h": 3,
          "w": 2.4,
          "x": 19.2,
          "y": 0
        },
        "id": 14,
        "interval": null,
        "links": [],
        "mappingType": 1,
        "mappingTypes": [
          {
            "name": "value to text",
            "value": 1
          },
          {
            "name": "range to text",
            "value": 2
          }
        ],
        "maxDataPoints": 100,
        "maxPerRow": 12,
        "nullPointMode": "connected",
        "nullText": null,
        "postfix": "",
        "postfixFontSize": "50%",
        "prefix": "",
        "prefixFontSize": "50%",
        "rangeMaps": [
          {
            "from": "null",
            "text": "N/A",
            "to": "null"
          }
        ],
        "repeat": null,
        "repeatDirection": "h",
        "repeatIteration": 1548427820299,
        "repeatPanelId": 2,
        "scopedVars": {
          "datastore": {
            "selected": false,
            "text": "INTERIM-DATASTORE04",
            "value": "INTERIM-DATASTORE04"
          }
        },
        "sparkline": {
          "fillColor": "rgba(31, 118, 189, 0.18)",
          "full": false,
          "lineColor": "rgb(31, 120, 193)",
          "show": false
        },
        "tableColumn": "",
        "targets": [
          {
            "expr": "vmware_datastore_accessible{dc_name=~\"$dcname\",ds_name=~\"$datastore\"}",
            "format": "time_series",
            "instant": false,
            "intervalFactor": 1,
            "legendFormat": "",
            "refId": "A"
          }
        ],
        "thresholds": "0,1",
        "timeFrom": null,
        "timeShift": null,
        "title": "$datastore  Accessible ",
        "type": "singlestat",
        "valueFontSize": "80%",
        "valueMaps": [
          {
            "op": "=",
            "text": "N/A",
            "value": "null"
          },
          {
            "op": "=",
            "text": "Online",
            "value": "1"
          },
          {
            "op": "=",
            "text": "Offline",
            "value": "0"
          }
        ],
        "valueName": "current"
      },
      {
        "cacheTimeout": null,
        "colorBackground": true,
        "colorValue": false,
        "colors": [
          "#d44a3a",
          "rgba(237, 129, 40, 0.89)",
          "#299c46"
        ],
        "format": "none",
        "gauge": {
          "maxValue": 100,
          "minValue": 0,
          "show": false,
          "thresholdLabels": false,
          "thresholdMarkers": true
        },
        "gridPos": {
          "h": 3,
          "w": 2.4,
          "x": 21.599999999999998,
          "y": 0
        },
        "id": 15,
        "interval": null,
        "links": [],
        "mappingType": 1,
        "mappingTypes": [
          {
            "name": "value to text",
            "value": 1
          },
          {
            "name": "range to text",
            "value": 2
          }
        ],
        "maxDataPoints": 100,
        "maxPerRow": 12,
        "nullPointMode": "connected",
        "nullText": null,
        "postfix": "",
        "postfixFontSize": "50%",
        "prefix": "",
        "prefixFontSize": "50%",
        "rangeMaps": [
          {
            "from": "null",
            "text": "N/A",
            "to": "null"
          }
        ],
        "repeat": null,
        "repeatDirection": "h",
        "repeatIteration": 1548427820299,
        "repeatPanelId": 2,
        "scopedVars": {
          "datastore": {
            "selected": false,
            "text": "INTERIM-DATASTORE05",
            "value": "INTERIM-DATASTORE05"
          }
        },
        "sparkline": {
          "fillColor": "rgba(31, 118, 189, 0.18)",
          "full": false,
          "lineColor": "rgb(31, 120, 193)",
          "show": false
        },
        "tableColumn": "",
        "targets": [
          {
            "expr": "vmware_datastore_accessible{dc_name=~\"$dcname\",ds_name=~\"$datastore\"}",
            "format": "time_series",
            "instant": false,
            "intervalFactor": 1,
            "legendFormat": "",
            "refId": "A"
          }
        ],
        "thresholds": "0,1",
        "timeFrom": null,
        "timeShift": null,
        "title": "$datastore  Accessible ",
        "type": "singlestat",
        "valueFontSize": "80%",
        "valueMaps": [
          {
            "op": "=",
            "text": "N/A",
            "value": "null"
          },
          {
            "op": "=",
            "text": "Online",
            "value": "1"
          },
          {
            "op": "=",
            "text": "Offline",
            "value": "0"
          }
        ],
        "valueName": "current"
      },
      {
        "aliasColors": {},
        "breakPoint": "75%",
        "cacheTimeout": null,
        "combine": {
          "label": "Others",
          "threshold": 0
        },
        "decimals": 1,
        "fontSize": "50%",
        "format": "decbytes",
        "gridPos": {
          "h": 7,
          "w": 6,
          "x": 0,
          "y": 3
        },
        "hideTimeOverride": false,
        "id": 6,
        "interval": null,
        "legend": {
          "header": "",
          "percentage": true,
          "percentageDecimals": null,
          "show": true,
          "values": true
        },
        "legendType": "Under graph",
        "links": [],
        "maxDataPoints": 3,
        "maxPerRow": 4,
        "nullPointMode": "connected",
        "pieType": "pie",
        "repeat": "datastore",
        "repeatDirection": "h",
        "scopedVars": {
          "datastore": {
            "selected": false,
            "text": "Allocate_Pool1",
            "value": "Allocate_Pool1"
          }
        },
        "strokeWidth": "1",
        "targets": [
          {
            "expr": "vmware_datastore_capacity_size{dc_name=\"$dcname\",ds_name=\"$datastore\"}  ",
            "format": "heatmap",
            "instant": false,
            "intervalFactor": 1,
            "legendFormat": "{{ds_name}} Capacity",
            "refId": "B"
          },
          {
            "expr": "vmware_datastore_freespace_size{dc_name=\"$dcname\",ds_name=\"$datastore\"}",
            "format": "time_series",
            "instant": false,
            "intervalFactor": 1,
            "legendFormat": "{{ds_name}} Free",
            "refId": "A"
          }
        ],
        "timeFrom": null,
        "timeShift": null,
        "title": "$datastore Available Storage",
        "transparent": true,
        "type": "grafana-piechart-panel",
        "valueName": "current"
      },
      {
        "aliasColors": {},
        "breakPoint": "75%",
        "cacheTimeout": null,
        "combine": {
          "label": "Others",
          "threshold": 0
        },
        "decimals": 1,
        "fontSize": "50%",
        "format": "decbytes",
        "gridPos": {
          "h": 7,
          "w": 6,
          "x": 6,
          "y": 3
        },
        "hideTimeOverride": false,
        "id": 16,
        "interval": null,
        "legend": {
          "header": "",
          "percentage": true,
          "percentageDecimals": null,
          "show": true,
          "values": true
        },
        "legendType": "Under graph",
        "links": [],
        "maxDataPoints": 3,
        "maxPerRow": 4,
        "nullPointMode": "connected",
        "pieType": "pie",
        "repeat": null,
        "repeatDirection": "h",
        "repeatIteration": 1548427820299,
        "repeatPanelId": 6,
        "scopedVars": {
          "datastore": {
            "selected": false,
            "text": "Allocate_Pool2",
            "value": "Allocate_Pool2"
          }
        },
        "strokeWidth": "1",
        "targets": [
          {
            "expr": "vmware_datastore_capacity_size{dc_name=\"$dcname\",ds_name=\"$datastore\"}  ",
            "format": "heatmap",
            "instant": false,
            "intervalFactor": 1,
            "legendFormat": "{{ds_name}} Capacity",
            "refId": "B"
          },
          {
            "expr": "vmware_datastore_freespace_size{dc_name=\"$dcname\",ds_name=\"$datastore\"}",
            "format": "time_series",
            "instant": false,
            "intervalFactor": 1,
            "legendFormat": "{{ds_name}} Free",
            "refId": "A"
          }
        ],
        "timeFrom": null,
        "timeShift": null,
        "title": "$datastore Available Storage",
        "transparent": true,
        "type": "grafana-piechart-panel",
        "valueName": "current"
      },
      {
        "cacheTimeout": null,
        "columns": [],
        "fontSize": "100%",
        "gridPos": {
          "h": 7,
          "w": 12,
          "x": 12,
          "y": 3
        },
        "hideTimeOverride": false,
        "id": 4,
        "interval": null,
        "links": [],
        "maxDataPoints": 100,
        "pageSize": null,
        "scroll": true,
        "showHeader": true,
        "sort": {
          "col": 1,
          "desc": false
        },
        "styles": [
          {
            "alias": "Capacity",
            "colorMode": null,
            "colors": [
              "rgba(245, 54, 54, 0.9)",
              "rgba(237, 129, 40, 0.89)",
              "rgba(50, 172, 45, 0.97)"
            ],
            "dateFormat": "YYYY-MM-DD HH:mm:ss",
            "decimals": 2,
            "mappingType": 1,
            "pattern": "Value #B",
            "thresholds": [],
            "type": "number",
            "unit": "decbytes"
          },
          {
            "alias": "Available",
            "colorMode": "cell",
            "colors": [
              "rgba(245, 54, 54, 0.9)",
              "rgba(237, 129, 40, 0.89)",
              "rgba(50, 172, 45, 0.97)"
            ],
            "dateFormat": "YYYY-MM-DD HH:mm:ss",
            "decimals": 2,
            "mappingType": 1,
            "pattern": "Value #A",
            "thresholds": [
              "1e+12",
              "3e+12"
            ],
            "type": "number",
            "unit": "decbytes"
          },
          {
            "alias": "Datacenter",
            "colorMode": null,
            "colors": [
              "rgba(245, 54, 54, 0.9)",
              "rgba(237, 129, 40, 0.89)",
              "rgba(50, 172, 45, 0.97)"
            ],
            "dateFormat": "YYYY-MM-DD HH:mm:ss",
            "decimals": 2,
            "mappingType": 1,
            "pattern": "dc_name",
            "thresholds": [],
            "type": "number",
            "unit": "short"
          },
          {
            "alias": "",
            "colorMode": null,
            "colors": [
              "rgba(245, 54, 54, 0.9)",
              "rgba(237, 129, 40, 0.89)",
              "rgba(50, 172, 45, 0.97)"
            ],
            "dateFormat": "YYYY-MM-DD HH:mm:ss",
            "decimals": 2,
            "mappingType": 1,
            "pattern": "/job|Time|instance|region/",
            "thresholds": [],
            "type": "hidden",
            "unit": "short"
          },
          {
            "alias": "Datastore",
            "colorMode": null,
            "colors": [
              "rgba(245, 54, 54, 0.9)",
              "rgba(237, 129, 40, 0.89)",
              "rgba(50, 172, 45, 0.97)"
            ],
            "dateFormat": "YYYY-MM-DD HH:mm:ss",
            "decimals": 2,
            "mappingType": 1,
            "pattern": "ds_name",
            "thresholds": [],
            "type": "number",
            "unit": "short"
          },
          {
            "alias": "VM Count",
            "colorMode": null,
            "colors": [
              "rgba(245, 54, 54, 0.9)",
              "rgba(237, 129, 40, 0.89)",
              "rgba(50, 172, 45, 0.97)"
            ],
            "dateFormat": "YYYY-MM-DD HH:mm:ss",
            "decimals": 2,
            "mappingType": 1,
            "pattern": "Value #C",
            "thresholds": [],
            "type": "number",
            "unit": "short"
          }
        ],
        "targets": [
          {
            "expr": "vmware_datastore_capacity_size{dc_name=~\"$dcname\",ds_name!~\"SRM.*|datastore1.*\",ds_name=~\"$datastore\"} +0",
            "format": "table",
            "instant": true,
            "interval": "",
            "intervalFactor": 1,
            "legendFormat": "{{datastore}}",
            "refId": "B"
          },
          {
            "expr": "vmware_datastore_freespace_size{dc_name=~\"$dcname\",ds_name!~\"SRM.*|datastore1.*\",ds_name=~\"$datastore\"} +0",
            "format": "table",
            "instant": true,
            "interval": "",
            "intervalFactor": 1,
            "legendFormat": "{{datastore}}",
            "refId": "A"
          },
          {
            "expr": "vmware_datastore_vms{dc_name=~\"$dcname\",ds_name!~\"SRM.*|datastore1.*\",ds_name=~\"$datastore\"} +0",
            "format": "table",
            "instant": true,
            "interval": "",
            "intervalFactor": 1,
            "legendFormat": "{{datastore}}",
            "refId": "C"
          }
        ],
        "timeFrom": null,
        "timeShift": null,
        "title": "Datastore Overview",
        "transform": "table",
        "type": "table"
      },
      {
        "aliasColors": {},
        "breakPoint": "75%",
        "cacheTimeout": null,
        "combine": {
          "label": "Others",
          "threshold": 0
        },
        "decimals": 1,
        "fontSize": "50%",
        "format": "decbytes",
        "gridPos": {
          "h": 7,
          "w": 6,
          "x": 0,
          "y": 10
        },
        "hideTimeOverride": false,
        "id": 19,
        "interval": null,
        "legend": {
          "header": "",
          "percentage": true,
          "percentageDecimals": null,
          "show": true,
          "values": true
        },
        "legendType": "Under graph",
        "links": [],
        "maxDataPoints": 3,
        "maxPerRow": 4,
        "nullPointMode": "connected",
        "pieType": "pie",
        "repeat": null,
        "repeatDirection": "h",
        "repeatIteration": 1548427820299,
        "repeatPanelId": 6,
        "scopedVars": {
          "datastore": {
            "selected": false,
            "text": "Allocate_Pool5",
            "value": "Allocate_Pool5"
          }
        },
        "strokeWidth": "1",
        "targets": [
          {
            "expr": "vmware_datastore_capacity_size{dc_name=\"$dcname\",ds_name=\"$datastore\"}  ",
            "format": "heatmap",
            "instant": false,
            "intervalFactor": 1,
            "legendFormat": "{{ds_name}} Capacity",
            "refId": "B"
          },
          {
            "expr": "vmware_datastore_freespace_size{dc_name=\"$dcname\",ds_name=\"$datastore\"}",
            "format": "time_series",
            "instant": false,
            "intervalFactor": 1,
            "legendFormat": "{{ds_name}} Free",
            "refId": "A"
          }
        ],
        "timeFrom": null,
        "timeShift": null,
        "title": "$datastore Available Storage",
        "transparent": true,
        "type": "grafana-piechart-panel",
        "valueName": "current"
      },
      {
        "aliasColors": {},
        "breakPoint": "75%",
        "cacheTimeout": null,
        "combine": {
          "label": "Others",
          "threshold": 0
        },
        "decimals": 1,
        "fontSize": "50%",
        "format": "decbytes",
        "gridPos": {
          "h": 7,
          "w": 6,
          "x": 6,
          "y": 10
        },
        "hideTimeOverride": false,
        "id": 20,
        "interval": null,
        "legend": {
          "header": "",
          "percentage": true,
          "percentageDecimals": null,
          "show": true,
          "values": true
        },
        "legendType": "Under graph",
        "links": [],
        "maxDataPoints": 3,
        "maxPerRow": 4,
        "nullPointMode": "connected",
        "pieType": "pie",
        "repeat": null,
        "repeatDirection": "h",
        "repeatIteration": 1548427820299,
        "repeatPanelId": 6,
        "scopedVars": {
          "datastore": {
            "selected": false,
            "text": "Allocate_Pool6",
            "value": "Allocate_Pool6"
          }
        },
        "strokeWidth": "1",
        "targets": [
          {
            "expr": "vmware_datastore_capacity_size{dc_name=\"$dcname\",ds_name=\"$datastore\"}  ",
            "format": "heatmap",
            "instant": false,
            "intervalFactor": 1,
            "legendFormat": "{{ds_name}} Capacity",
            "refId": "B"
          },
          {
            "expr": "vmware_datastore_freespace_size{dc_name=\"$dcname\",ds_name=\"$datastore\"}",
            "format": "time_series",
            "instant": false,
            "intervalFactor": 1,
            "legendFormat": "{{ds_name}} Free",
            "refId": "A"
          }
        ],
        "timeFrom": null,
        "timeShift": null,
        "title": "$datastore Available Storage",
        "transparent": true,
        "type": "grafana-piechart-panel",
        "valueName": "current"
      },
      {
        "aliasColors": {},
        "breakPoint": "75%",
        "cacheTimeout": null,
        "combine": {
          "label": "Others",
          "threshold": 0
        },
        "decimals": 1,
        "fontSize": "50%",
        "format": "decbytes",
        "gridPos": {
          "h": 7,
          "w": 6,
          "x": 12,
          "y": 10
        },
        "hideTimeOverride": false,
        "id": 17,
        "interval": null,
        "legend": {
          "header": "",
          "percentage": true,
          "percentageDecimals": null,
          "show": true,
          "values": true
        },
        "legendType": "Under graph",
        "links": [],
        "maxDataPoints": 3,
        "maxPerRow": 4,
        "nullPointMode": "connected",
        "pieType": "pie",
        "repeat": null,
        "repeatDirection": "h",
        "repeatIteration": 1548427820299,
        "repeatPanelId": 6,
        "scopedVars": {
          "datastore": {
            "selected": false,
            "text": "Allocate_Pool3",
            "value": "Allocate_Pool3"
          }
        },
        "strokeWidth": "1",
        "targets": [
          {
            "expr": "vmware_datastore_capacity_size{dc_name=\"$dcname\",ds_name=\"$datastore\"}  ",
            "format": "heatmap",
            "instant": false,
            "intervalFactor": 1,
            "legendFormat": "{{ds_name}} Capacity",
            "refId": "B"
          },
          {
            "expr": "vmware_datastore_freespace_size{dc_name=\"$dcname\",ds_name=\"$datastore\"}",
            "format": "time_series",
            "instant": false,
            "intervalFactor": 1,
            "legendFormat": "{{ds_name}} Free",
            "refId": "A"
          }
        ],
        "timeFrom": null,
        "timeShift": null,
        "title": "$datastore Available Storage",
        "transparent": true,
        "type": "grafana-piechart-panel",
        "valueName": "current"
      },
      {
        "aliasColors": {},
        "breakPoint": "75%",
        "cacheTimeout": null,
        "combine": {
          "label": "Others",
          "threshold": 0
        },
        "decimals": 1,
        "fontSize": "50%",
        "format": "decbytes",
        "gridPos": {
          "h": 7,
          "w": 6,
          "x": 18,
          "y": 10
        },
        "hideTimeOverride": false,
        "id": 18,
        "interval": null,
        "legend": {
          "header": "",
          "percentage": true,
          "percentageDecimals": null,
          "show": true,
          "values": true
        },
        "legendType": "Under graph",
        "links": [],
        "maxDataPoints": 3,
        "maxPerRow": 4,
        "nullPointMode": "connected",
        "pieType": "pie",
        "repeat": null,
        "repeatDirection": "h",
        "repeatIteration": 1548427820299,
        "repeatPanelId": 6,
        "scopedVars": {
          "datastore": {
            "selected": false,
            "text": "Allocate_Pool4",
            "value": "Allocate_Pool4"
          }
        },
        "strokeWidth": "1",
        "targets": [
          {
            "expr": "vmware_datastore_capacity_size{dc_name=\"$dcname\",ds_name=\"$datastore\"}  ",
            "format": "heatmap",
            "instant": false,
            "intervalFactor": 1,
            "legendFormat": "{{ds_name}} Capacity",
            "refId": "B"
          },
          {
            "expr": "vmware_datastore_freespace_size{dc_name=\"$dcname\",ds_name=\"$datastore\"}",
            "format": "time_series",
            "instant": false,
            "intervalFactor": 1,
            "legendFormat": "{{ds_name}} Free",
            "refId": "A"
          }
        ],
        "timeFrom": null,
        "timeShift": null,
        "title": "$datastore Available Storage",
        "transparent": true,
        "type": "grafana-piechart-panel",
        "valueName": "current"
      },
      {
        "aliasColors": {},
        "breakPoint": "75%",
        "cacheTimeout": null,
        "combine": {
          "label": "Others",
          "threshold": 0
        },
        "decimals": 1,
        "fontSize": "50%",
        "format": "decbytes",
        "gridPos": {
          "h": 7,
          "w": 6,
          "x": 0,
          "y": 17
        },
        "hideTimeOverride": false,
        "id": 23,
        "interval": null,
        "legend": {
          "header": "",
          "percentage": true,
          "percentageDecimals": null,
          "show": true,
          "values": true
        },
        "legendType": "Under graph",
        "links": [],
        "maxDataPoints": 3,
        "maxPerRow": 4,
        "nullPointMode": "connected",
        "pieType": "pie",
        "repeat": null,
        "repeatDirection": "h",
        "repeatIteration": 1548427820299,
        "repeatPanelId": 6,
        "scopedVars": {
          "datastore": {
            "selected": false,
            "text": "INTERIM-DATASTORE04",
            "value": "INTERIM-DATASTORE04"
          }
        },
        "strokeWidth": "1",
        "targets": [
          {
            "expr": "vmware_datastore_capacity_size{dc_name=\"$dcname\",ds_name=\"$datastore\"}  ",
            "format": "heatmap",
            "instant": false,
            "intervalFactor": 1,
            "legendFormat": "{{ds_name}} Capacity",
            "refId": "B"
          },
          {
            "expr": "vmware_datastore_freespace_size{dc_name=\"$dcname\",ds_name=\"$datastore\"}",
            "format": "time_series",
            "instant": false,
            "intervalFactor": 1,
            "legendFormat": "{{ds_name}} Free",
            "refId": "A"
          }
        ],
        "timeFrom": null,
        "timeShift": null,
        "title": "$datastore Available Storage",
        "transparent": true,
        "type": "grafana-piechart-panel",
        "valueName": "current"
      },
      {
        "aliasColors": {},
        "breakPoint": "75%",
        "cacheTimeout": null,
        "combine": {
          "label": "Others",
          "threshold": 0
        },
        "decimals": 1,
        "fontSize": "50%",
        "format": "decbytes",
        "gridPos": {
          "h": 7,
          "w": 6,
          "x": 6,
          "y": 17
        },
        "hideTimeOverride": false,
        "id": 24,
        "interval": null,
        "legend": {
          "header": "",
          "percentage": true,
          "percentageDecimals": null,
          "show": true,
          "values": true
        },
        "legendType": "Under graph",
        "links": [],
        "maxDataPoints": 3,
        "maxPerRow": 4,
        "nullPointMode": "connected",
        "pieType": "pie",
        "repeat": null,
        "repeatDirection": "h",
        "repeatIteration": 1548427820299,
        "repeatPanelId": 6,
        "scopedVars": {
          "datastore": {
            "selected": false,
            "text": "INTERIM-DATASTORE05",
            "value": "INTERIM-DATASTORE05"
          }
        },
        "strokeWidth": "1",
        "targets": [
          {
            "expr": "vmware_datastore_capacity_size{dc_name=\"$dcname\",ds_name=\"$datastore\"}  ",
            "format": "heatmap",
            "instant": false,
            "intervalFactor": 1,
            "legendFormat": "{{ds_name}} Capacity",
            "refId": "B"
          },
          {
            "expr": "vmware_datastore_freespace_size{dc_name=\"$dcname\",ds_name=\"$datastore\"}",
            "format": "time_series",
            "instant": false,
            "intervalFactor": 1,
            "legendFormat": "{{ds_name}} Free",
            "refId": "A"
          }
        ],
        "timeFrom": null,
        "timeShift": null,
        "title": "$datastore Available Storage",
        "transparent": true,
        "type": "grafana-piechart-panel",
        "valueName": "current"
      },
      {
        "aliasColors": {},
        "breakPoint": "75%",
        "cacheTimeout": null,
        "combine": {
          "label": "Others",
          "threshold": 0
        },
        "decimals": 1,
        "fontSize": "50%",
        "format": "decbytes",
        "gridPos": {
          "h": 7,
          "w": 6,
          "x": 12,
          "y": 17
        },
        "hideTimeOverride": false,
        "id": 21,
        "interval": null,
        "legend": {
          "header": "",
          "percentage": true,
          "percentageDecimals": null,
          "show": true,
          "values": true
        },
        "legendType": "Under graph",
        "links": [],
        "maxDataPoints": 3,
        "maxPerRow": 4,
        "nullPointMode": "connected",
        "pieType": "pie",
        "repeat": null,
        "repeatDirection": "h",
        "repeatIteration": 1548427820299,
        "repeatPanelId": 6,
        "scopedVars": {
          "datastore": {
            "selected": false,
            "text": "INTERIM-DATASTORE02",
            "value": "INTERIM-DATASTORE02"
          }
        },
        "strokeWidth": "1",
        "targets": [
          {
            "expr": "vmware_datastore_capacity_size{dc_name=\"$dcname\",ds_name=\"$datastore\"}  ",
            "format": "heatmap",
            "instant": false,
            "intervalFactor": 1,
            "legendFormat": "{{ds_name}} Capacity",
            "refId": "B"
          },
          {
            "expr": "vmware_datastore_freespace_size{dc_name=\"$dcname\",ds_name=\"$datastore\"}",
            "format": "time_series",
            "instant": false,
            "intervalFactor": 1,
            "legendFormat": "{{ds_name}} Free",
            "refId": "A"
          }
        ],
        "timeFrom": null,
        "timeShift": null,
        "title": "$datastore Available Storage",
        "transparent": true,
        "type": "grafana-piechart-panel",
        "valueName": "current"
      },
      {
        "aliasColors": {},
        "breakPoint": "75%",
        "cacheTimeout": null,
        "combine": {
          "label": "Others",
          "threshold": 0
        },
        "decimals": 1,
        "fontSize": "50%",
        "format": "decbytes",
        "gridPos": {
          "h": 7,
          "w": 6,
          "x": 18,
          "y": 17
        },
        "hideTimeOverride": false,
        "id": 22,
        "interval": null,
        "legend": {
          "header": "",
          "percentage": true,
          "percentageDecimals": null,
          "show": true,
          "values": true
        },
        "legendType": "Under graph",
        "links": [],
        "maxDataPoints": 3,
        "maxPerRow": 4,
        "nullPointMode": "connected",
        "pieType": "pie",
        "repeat": null,
        "repeatDirection": "h",
        "repeatIteration": 1548427820299,
        "repeatPanelId": 6,
        "scopedVars": {
          "datastore": {
            "selected": false,
            "text": "INTERIM-DATASTORE03",
            "value": "INTERIM-DATASTORE03"
          }
        },
        "strokeWidth": "1",
        "targets": [
          {
            "expr": "vmware_datastore_capacity_size{dc_name=\"$dcname\",ds_name=\"$datastore\"}  ",
            "format": "heatmap",
            "instant": false,
            "intervalFactor": 1,
            "legendFormat": "{{ds_name}} Capacity",
            "refId": "B"
          },
          {
            "expr": "vmware_datastore_freespace_size{dc_name=\"$dcname\",ds_name=\"$datastore\"}",
            "format": "time_series",
            "instant": false,
            "intervalFactor": 1,
            "legendFormat": "{{ds_name}} Free",
            "refId": "A"
          }
        ],
        "timeFrom": null,
        "timeShift": null,
        "title": "$datastore Available Storage",
        "transparent": true,
        "type": "grafana-piechart-panel",
        "valueName": "current"
      }
    ],
    "refresh": "30s",
    "schemaVersion": 17,
    "style": "dark",
    "tags": [],
    "templating": {
      "list": [
        {
          "allValue": null,
          "current": {
            "text": "HG1-Allocate",
            "value": "HG1-Allocate"
          },
          "datasource": "Prometheus",
          "definition": "label_values(vmware_host_boot_timestamp_seconds,dc_name)",
          "hide": 0,
          "includeAll": false,
          "label": "Datacenter",
          "multi": false,
          "name": "dcname",
          "options": [],
          "query": "label_values(vmware_host_boot_timestamp_seconds,dc_name)",
          "refresh": 1,
          "regex": "",
          "skipUrlSync": false,
          "sort": 1,
          "tagValuesQuery": "",
          "tags": [],
          "tagsQuery": "",
          "type": "query",
          "useTags": false
        },
        {
          "allValue": null,
          "current": {
            "text": "Allocate_Pool1",
            "value": "Allocate_Pool1"
          },
          "datasource": "Prometheus",
          "definition": "label_values(vmware_datastore_accessible{dc_name=~\"$dcname\",ds_name!~\"SRM.*|datastore1.*\"},ds_name)",
          "hide": 0,
          "includeAll": true,
          "label": "Datastore",
          "multi": false,
          "name": "datastore",
          "options": [],
          "query": "label_values(vmware_datastore_accessible{dc_name=~\"$dcname\",ds_name!~\"SRM.*|datastore1.*\"},ds_name)",
          "refresh": 1,
          "regex": "",
          "skipUrlSync": false,
          "sort": 1,
          "tagValuesQuery": "",
          "tags": [],
          "tagsQuery": "",
          "type": "query",
          "useTags": false
        }
      ]
    },
    "time": {
      "from": "now-6h",
      "to": "now"
    },
    "timepicker": {
      "refresh_intervals": [
        "5s",
        "10s",
        "30s",
        "1m",
        "5m",
        "15m",
        "30m",
        "1h",
        "2h",
        "1d"
      ],
      "time_options": [
        "5m",
        "15m",
        "1h",
        "6h",
        "12h",
        "24h",
        "2d",
        "7d",
        "30d"
      ]
    },
    "timezone": "",
    "title": "vSphere Datastore Overview",
    "uid": "AXHAOk_mk"
  }
}
