{
  "meta": {
    "type": "db",
    "canSave": true,
    "canEdit": true,
    "canAdmin": true,
    "canStar": true,
    "slug": "windows-scheduled-tasks-overview",
    "url": "/d/dNTwaAtmk/windows-scheduled-tasks-overview",
    "hasAcl": false,
    "isFolder": false,
    "folderId": 0,
    "folderTitle": "General",
    "folderUrl": "",
    "provisioned": false
  },
  "dashboard": {
    "annotations": {
      "list": [
        {
          "builtIn": 1,
          "datasource": "-- Grafana --",
          "enable": true,
          "hide": true,
          "iconColor": "rgba(0, 211, 255, 1)",
          "name": "Annotations & Alerts",
          "type": "dashboard"
        }
      ]
    },
    "editable": true,
    "gnetId": null,
    "graphTooltip": 0,
    "id": 72,
    "iteration": 1550142083892,
    "links": [],
    "panels": [
      {
        "cacheTimeout": null,
        "colorBackground": false,
        "colorValue": false,
        "colors": [
          "#299c46",
          "rgba(237, 129, 40, 0.89)",
          "#d44a3a"
        ],
        "format": "none",
        "gauge": {
          "maxValue": 100,
          "minValue": 0,
          "show": false,
          "thresholdLabels": false,
          "thresholdMarkers": true
        },
        "gridPos": {
          "h": 3,
          "w": 12,
          "x": 0,
          "y": 0
        },
        "id": 5,
        "interval": null,
        "links": [],
        "mappingType": 1,
        "mappingTypes": [
          {
            "name": "value to text",
            "value": 1
          },
          {
            "name": "range to text",
            "value": 2
          }
        ],
        "maxDataPoints": 100,
        "nullPointMode": "connected",
        "nullText": null,
        "postfix": "",
        "postfixFontSize": "50%",
        "prefix": "",
        "prefixFontSize": "50%",
        "rangeMaps": [
          {
            "from": "null",
            "text": "N/A",
            "to": "null"
          }
        ],
        "sparkline": {
          "fillColor": "rgba(31, 118, 189, 0.18)",
          "full": false,
          "lineColor": "rgb(31, 120, 193)",
          "show": false
        },
        "tableColumn": "Value",
        "targets": [
          {
            "expr": "count(coalmine_scheduled_task{instance=~\"$server\",region=~\"$region\",name!~\".*Amazon Ec2 Launch.*|GoogleUpdateTaskMachineCore|GoogleUpdateTaskMachineUA|Adobe Flash Player Updater|Adobe Flash Player PPAPI Notifier|Optimize Start Menu Cache File.*|Adobe Acrobat Update Task.*\"} ==1)",
            "format": "table",
            "instant": true,
            "intervalFactor": 1,
            "refId": "A"
          }
        ],
        "thresholds": "",
        "timeFrom": null,
        "timeShift": null,
        "title": "No. Successful Tasks",
        "type": "singlestat",
        "valueFontSize": "80%",
        "valueMaps": [
          {
            "op": "=",
            "text": "N/A",
            "value": "null"
          }
        ],
        "valueName": "current"
      },
      {
        "cacheTimeout": null,
        "colorBackground": false,
        "colorValue": false,
        "colors": [
          "#299c46",
          "rgba(237, 129, 40, 0.89)",
          "#d44a3a"
        ],
        "format": "none",
        "gauge": {
          "maxValue": 100,
          "minValue": 0,
          "show": false,
          "thresholdLabels": false,
          "thresholdMarkers": true
        },
        "gridPos": {
          "h": 3,
          "w": 12,
          "x": 12,
          "y": 0
        },
        "id": 4,
        "interval": null,
        "links": [],
        "mappingType": 1,
        "mappingTypes": [
          {
            "name": "value to text",
            "value": 1
          },
          {
            "name": "range to text",
            "value": 2
          }
        ],
        "maxDataPoints": 100,
        "nullPointMode": "connected",
        "nullText": null,
        "postfix": "",
        "postfixFontSize": "50%",
        "prefix": "",
        "prefixFontSize": "50%",
        "rangeMaps": [
          {
            "from": "null",
            "text": "N/A",
            "to": "null"
          }
        ],
        "sparkline": {
          "fillColor": "rgba(31, 118, 189, 0.18)",
          "full": false,
          "lineColor": "rgb(31, 120, 193)",
          "show": false
        },
        "tableColumn": "Value",
        "targets": [
          {
            "expr": "count(coalmine_scheduled_task{instance=~\"$server\",region=~\"$region\",name!~\".*Amazon Ec2 Launch.*|GoogleUpdateTaskMachineCore|GoogleUpdateTaskMachineUA|Adobe Flash Player Updater|Adobe Flash Player PPAPI Notifier|Optimize Start Menu Cache File.*|Adobe Acrobat Update Task.*\"} ==0)",
            "format": "table",
            "instant": true,
            "intervalFactor": 1,
            "refId": "A"
          }
        ],
        "thresholds": "",
        "timeFrom": null,
        "timeShift": null,
        "title": "No. Failed Tasks",
        "type": "singlestat",
        "valueFontSize": "80%",
        "valueMaps": [
          {
            "op": "=",
            "text": "N/A",
            "value": "null"
          }
        ],
        "valueName": "current"
      },
      {
        "columns": [],
        "datasource": "Prometheus",
        "fontSize": "100%",
        "gridPos": {
          "h": 19,
          "w": 24,
          "x": 0,
          "y": 3
        },
        "id": 2,
        "links": [],
        "pageSize": 50,
        "scroll": true,
        "showHeader": true,
        "sort": {
          "col": 10,
          "desc": false
        },
        "styles": [
          {
            "alias": "Time",
            "dateFormat": "YYYY-MM-DD HH:mm:ss",
            "pattern": "Time",
            "type": "hidden"
          },
          {
            "alias": "",
            "colorMode": "cell",
            "colors": [
              "rgba(245, 54, 54, 0.9)",
              "rgba(245, 54, 54, 0.9)",
              "rgba(50, 172, 45, 0.97)"
            ],
            "dateFormat": "YYYY-MM-DD HH:mm:ss",
            "decimals": 0,
            "mappingType": 1,
            "pattern": "Value",
            "thresholds": [
              "0",
              "1"
            ],
            "type": "string",
            "unit": "short",
            "valueMaps": [
              {
                "text": "Failed",
                "value": "0"
              },
              {
                "text": "Successful",
                "value": "1"
              }
            ]
          },
          {
            "alias": "",
            "colorMode": null,
            "colors": [
              "rgba(245, 54, 54, 0.9)",
              "rgba(237, 129, 40, 0.89)",
              "rgba(50, 172, 45, 0.97)"
            ],
            "dateFormat": "YYYY-MM-DD HH:mm:ss",
            "decimals": 2,
            "mappingType": 1,
            "pattern": "job",
            "thresholds": [],
            "type": "hidden",
            "unit": "short"
          },
          {
            "alias": "Task Name",
            "colorMode": null,
            "colors": [
              "rgba(245, 54, 54, 0.9)",
              "rgba(237, 129, 40, 0.89)",
              "rgba(50, 172, 45, 0.97)"
            ],
            "dateFormat": "YYYY-MM-DD HH:mm:ss",
            "decimals": 2,
            "mappingType": 1,
            "pattern": "name",
            "thresholds": [],
            "type": "number",
            "unit": "short"
          },
          {
            "alias": "",
            "colorMode": null,
            "colors": [
              "rgba(245, 54, 54, 0.9)",
              "rgba(237, 129, 40, 0.89)",
              "rgba(50, 172, 45, 0.97)"
            ],
            "dateFormat": "YYYY-MM-DD HH:mm:ss",
            "decimals": 2,
            "mappingType": 1,
            "pattern": "__name__",
            "thresholds": [],
            "type": "hidden",
            "unit": "short"
          },
          {
            "alias": "Region",
            "colorMode": null,
            "colors": [
              "rgba(245, 54, 54, 0.9)",
              "rgba(237, 129, 40, 0.89)",
              "rgba(50, 172, 45, 0.97)"
            ],
            "dateFormat": "YYYY-MM-DD HH:mm:ss",
            "decimals": 2,
            "mappingType": 1,
            "pattern": "region",
            "thresholds": [],
            "type": "number",
            "unit": "short"
          },
          {
            "alias": "Status",
            "colorMode": null,
            "colors": [
              "rgba(245, 54, 54, 0.9)",
              "rgba(237, 129, 40, 0.89)",
              "rgba(50, 172, 45, 0.97)"
            ],
            "dateFormat": "YYYY-MM-DD HH:mm:ss",
            "decimals": 2,
            "mappingType": 1,
            "pattern": "state",
            "thresholds": [],
            "type": "number",
            "unit": "short"
          },
          {
            "alias": "Task Path",
            "colorMode": null,
            "colors": [
              "rgba(245, 54, 54, 0.9)",
              "rgba(237, 129, 40, 0.89)",
              "rgba(50, 172, 45, 0.97)"
            ],
            "dateFormat": "YYYY-MM-DD HH:mm:ss",
            "decimals": 2,
            "mappingType": 1,
            "pattern": "taskpath",
            "thresholds": [],
            "type": "number",
            "unit": "short"
          },
          {
            "alias": "RunAs User",
            "colorMode": null,
            "colors": [
              "rgba(245, 54, 54, 0.9)",
              "rgba(237, 129, 40, 0.89)",
              "rgba(50, 172, 45, 0.97)"
            ],
            "dateFormat": "YYYY-MM-DD HH:mm:ss",
            "decimals": 2,
            "mappingType": 1,
            "pattern": "user",
            "thresholds": [],
            "type": "number",
            "unit": "short"
          },
          {
            "alias": "",
            "colorMode": null,
            "colors": [
              "rgba(245, 54, 54, 0.9)",
              "rgba(237, 129, 40, 0.89)",
              "rgba(50, 172, 45, 0.97)"
            ],
            "decimals": 2,
            "pattern": "/.*/",
            "thresholds": [],
            "type": "number",
            "unit": "short"
          }
        ],
        "targets": [
          {
            "expr": "coalmine_scheduled_task{instance=~\"$server\",region=~\"$region\",name!~\".*Amazon Ec2 Launch.*|GoogleUpdateTaskMachineCore|GoogleUpdateTaskMachineUA|Adobe Flash Player Updater|Adobe Flash Player PPAPI Notifier|Optimize Start Menu Cache File.*|Adobe Acrobat Update Task.*\"}",
            "format": "table",
            "instant": true,
            "intervalFactor": 1,
            "legendFormat": "",
            "refId": "A"
          }
        ],
        "title": "Windows Scheduled Task Overview",
        "transform": "table",
        "type": "table"
      }
    ],
    "refresh": "5s",
    "schemaVersion": 17,
    "style": "dark",
    "tags": [],
    "templating": {
      "list": [
        {
          "allValue": "",
          "current": {
            "tags": [],
            "text": "hg1-allocate",
            "value": "hg1-allocate"
          },
          "datasource": "Prometheus",
          "definition": "",
          "hide": 0,
          "includeAll": true,
          "label": "Region",
          "multi": false,
          "name": "region",
          "options": [],
          "query": "label_values(wmi_system_system_up_time, region)",
          "refresh": 1,
          "regex": "",
          "skipUrlSync": false,
          "sort": 1,
          "tagValuesQuery": "",
          "tags": [],
          "tagsQuery": "",
          "type": "query",
          "useTags": false
        },
        {
          "allValue": ".*",
          "current": {
            "text": "All",
            "value": "$__all"
          },
          "datasource": "Prometheus",
          "definition": "",
          "hide": 0,
          "includeAll": true,
          "label": "Server",
          "multi": false,
          "name": "server",
          "options": [
            {
              "selected": true,
              "text": "All",
              "value": "$__all"
            }
          ],
          "query": "label_values(wmi_system_system_up_time{region=\"$region\"}, instance)",
          "refresh": 0,
          "regex": "",
          "skipUrlSync": false,
          "sort": 1,
          "tagValuesQuery": "",
          "tags": [],
          "tagsQuery": "",
          "type": "query",
          "useTags": false
        },
        {
          "allValue": ".*",
          "current": {
            "text": "All",
            "value": "$__all"
          },
          "datasource": "Prometheus",
          "definition": "",
          "hide": 0,
          "includeAll": true,
          "label": "Task Name",
          "multi": false,
          "name": "taskname",
          "options": [],
          "query": "label_values(wmi_textfile_scheduled_task_success{instance=\"$server\"}, name)",
          "refresh": 1,
          "regex": "",
          "skipUrlSync": false,
          "sort": 0,
          "tagValuesQuery": "",
          "tags": [],
          "tagsQuery": "",
          "type": "query",
          "useTags": false
        },
        {
          "datasource": "Prometheus",
          "filters": [],
          "hide": 0,
          "label": "",
          "name": "Filters",
          "skipUrlSync": false,
          "type": "adhoc"
        }
      ]
    },
    "time": {
      "from": "now-6h",
      "to": "now"
    },
    "timepicker": {
      "refresh_intervals": [
        "5s",
        "10s",
        "30s",
        "1m",
        "5m",
        "15m",
        "30m",
        "1h",
        "2h",
        "1d"
      ],
      "time_options": [
        "5m",
        "15m",
        "1h",
        "6h",
        "12h",
        "24h",
        "2d",
        "7d",
        "30d"
      ]
    },
    "timezone": "",
    "title": "Windows Scheduled Tasks Overview",
    "uid": "dNTwaAtmk"
  }
}
