{
  "meta": {
    "type": "db",
    "canSave": true,
    "canEdit": true,
    "canAdmin": true,
    "canStar": true,
    "slug": "wmi-exporter-configuration-versions",
    "url": "/d/Q2RdVylmk/wmi-exporter-configuration-versions",
    "hasAcl": false,
    "isFolder": false,
    "folderId": 61,
    "folderTitle": "Monitoring Platform Health",
    "folderUrl": "/dashboards/f/10D_Mkvmk/monitoring-platform-health",
    "provisioned": false
  },
  "dashboard": {
    "annotations": {
      "list": [
        {
          "builtIn": 1,
          "datasource": "-- Grafana --",
          "enable": true,
          "hide": true,
          "iconColor": "rgba(0, 211, 255, 1)",
          "name": "Annotations & Alerts",
          "type": "dashboard"
        }
      ]
    },
    "editable": true,
    "gnetId": null,
    "graphTooltip": 0,
    "id": 120,
    "iteration": 1549904894578,
    "links": [],
    "panels": [
      {
        "cacheTimeout": null,
        "colorBackground": false,
        "colorValue": false,
        "colors": [
          "#299c46",
          "rgba(237, 129, 40, 0.89)",
          "#d44a3a"
        ],
        "format": "none",
        "gauge": {
          "maxValue": 100,
          "minValue": 0,
          "show": false,
          "thresholdLabels": false,
          "thresholdMarkers": true
        },
        "gridPos": {
          "h": 4,
          "w": 24,
          "x": 0,
          "y": 0
        },
        "id": 6,
        "interval": null,
        "links": [],
        "mappingType": 1,
        "mappingTypes": [
          {
            "name": "value to text",
            "value": 1
          },
          {
            "name": "range to text",
            "value": 2
          }
        ],
        "maxDataPoints": 100,
        "maxPerRow": 4,
        "nullPointMode": "connected",
        "nullText": null,
        "postfix": "",
        "postfixFontSize": "50%",
        "prefix": "",
        "prefixFontSize": "50%",
        "rangeMaps": [
          {
            "from": "null",
            "text": "N/A",
            "to": "null"
          }
        ],
        "repeat": "version",
        "repeatDirection": "h",
        "scopedVars": {
          "version": {
            "selected": false,
            "text": "1.0.0",
            "value": "1.0.0"
          }
        },
        "sparkline": {
          "fillColor": "rgba(31, 118, 189, 0.18)",
          "full": false,
          "lineColor": "rgb(31, 120, 193)",
          "show": false
        },
        "tableColumn": "Value",
        "targets": [
          {
            "expr": "count(wmi_textfile_wmi_state_version{version=~\"$version\"})",
            "format": "table",
            "instant": false,
            "intervalFactor": 1,
            "refId": "A"
          }
        ],
        "thresholds": "",
        "title": "Count by version $version",
        "type": "singlestat",
        "valueFontSize": "200%",
        "valueMaps": [
          {
            "op": "=",
            "text": "N/A",
            "value": "null"
          }
        ],
        "valueName": "total"
      },
      {
        "cacheTimeout": null,
        "colorBackground": false,
        "colorValue": false,
        "colors": [
          "#299c46",
          "rgba(237, 129, 40, 0.89)",
          "#d44a3a"
        ],
        "format": "none",
        "gauge": {
          "maxValue": 100,
          "minValue": 0,
          "show": false,
          "thresholdLabels": false,
          "thresholdMarkers": true
        },
        "gridPos": {
          "h": 4,
          "w": 24,
          "x": 0,
          "y": 4
        },
        "id": 7,
        "interval": null,
        "links": [],
        "mappingType": 1,
        "mappingTypes": [
          {
            "name": "value to text",
            "value": 1
          },
          {
            "name": "range to text",
            "value": 2
          }
        ],
        "maxDataPoints": 100,
        "maxPerRow": 4,
        "nullPointMode": "connected",
        "nullText": null,
        "postfix": "",
        "postfixFontSize": "50%",
        "prefix": "",
        "prefixFontSize": "50%",
        "rangeMaps": [
          {
            "from": "null",
            "text": "N/A",
            "to": "null"
          }
        ],
        "repeatDirection": "h",
        "sparkline": {
          "fillColor": "rgba(31, 118, 189, 0.18)",
          "full": false,
          "lineColor": "rgb(31, 120, 193)",
          "show": false
        },
        "tableColumn": "Value",
        "targets": [
          {
            "expr": "count(wmi_exporter_build_info)",
            "format": "table",
            "instant": false,
            "intervalFactor": 1,
            "refId": "A"
          }
        ],
        "thresholds": "",
        "title": "Total Windows Devices",
        "type": "singlestat",
        "valueFontSize": "200%",
        "valueMaps": [
          {
            "op": "=",
            "text": "N/A",
            "value": "null"
          }
        ],
        "valueName": "total"
      },
      {
        "columns": [],
        "fontSize": "150%",
        "gridPos": {
          "h": 21,
          "w": 24,
          "x": 0,
          "y": 8
        },
        "id": 4,
        "links": [],
        "pageSize": null,
        "scroll": true,
        "showHeader": true,
        "sort": {
          "col": null,
          "desc": false
        },
        "styles": [
          {
            "alias": "Time",
            "colorMode": null,
            "dateFormat": "YYYY-MM-DD HH:mm:ss",
            "pattern": "Time",
            "thresholds": [
              "0.4.2"
            ],
            "type": "hidden"
          },
          {
            "alias": "",
            "colorMode": null,
            "colors": [
              "rgba(245, 54, 54, 0.9)",
              "rgba(237, 129, 40, 0.89)",
              "rgba(50, 172, 45, 0.97)"
            ],
            "dateFormat": "YYYY-MM-DD HH:mm:ss",
            "decimals": 2,
            "mappingType": 1,
            "pattern": "goversion",
            "thresholds": [],
            "type": "hidden",
            "unit": "short"
          },
          {
            "alias": "",
            "colorMode": null,
            "colors": [
              "rgba(245, 54, 54, 0.9)",
              "rgba(237, 129, 40, 0.89)",
              "rgba(50, 172, 45, 0.97)"
            ],
            "dateFormat": "YYYY-MM-DD HH:mm:ss",
            "decimals": 2,
            "mappingType": 1,
            "pattern": "__name__",
            "thresholds": [],
            "type": "hidden",
            "unit": "short"
          },
          {
            "alias": "",
            "colorMode": null,
            "colors": [
              "rgba(245, 54, 54, 0.9)",
              "rgba(237, 129, 40, 0.89)",
              "rgba(50, 172, 45, 0.97)"
            ],
            "dateFormat": "YYYY-MM-DD HH:mm:ss",
            "decimals": 2,
            "mappingType": 1,
            "pattern": "branch",
            "thresholds": [],
            "type": "hidden",
            "unit": "short"
          },
          {
            "alias": "",
            "colorMode": null,
            "colors": [
              "rgba(245, 54, 54, 0.9)",
              "rgba(237, 129, 40, 0.89)",
              "rgba(50, 172, 45, 0.97)"
            ],
            "dateFormat": "YYYY-MM-DD HH:mm:ss",
            "decimals": 2,
            "mappingType": 1,
            "pattern": "job",
            "thresholds": [],
            "type": "hidden",
            "unit": "short"
          },
          {
            "alias": "",
            "colorMode": null,
            "colors": [
              "rgba(245, 54, 54, 0.9)",
              "rgba(237, 129, 40, 0.89)",
              "rgba(50, 172, 45, 0.97)"
            ],
            "dateFormat": "YYYY-MM-DD HH:mm:ss",
            "decimals": 2,
            "mappingType": 1,
            "pattern": "revision",
            "thresholds": [],
            "type": "hidden",
            "unit": "short"
          },
          {
            "alias": "",
            "colorMode": null,
            "colors": [
              "rgba(245, 54, 54, 0.9)",
              "rgba(237, 129, 40, 0.89)",
              "rgba(50, 172, 45, 0.97)"
            ],
            "dateFormat": "YYYY-MM-DD HH:mm:ss",
            "decimals": 2,
            "mappingType": 1,
            "pattern": "Value",
            "thresholds": [],
            "type": "hidden",
            "unit": "short"
          },
          {
            "alias": "",
            "colorMode": null,
            "colors": [
              "rgba(245, 54, 54, 0.9)",
              "rgba(237, 129, 40, 0.89)",
              "rgba(50, 172, 45, 0.97)"
            ],
            "decimals": 2,
            "pattern": "/.*/",
            "thresholds": [],
            "type": "number",
            "unit": "short"
          }
        ],
        "targets": [
          {
            "expr": "wmi_textfile_wmi_state_version{region=~\"$region\",version=~\"$version\"}",
            "format": "table",
            "instant": true,
            "intervalFactor": 1,
            "legendFormat": "",
            "refId": "A"
          }
        ],
        "title": "WMI Exporter Versions",
        "transform": "table",
        "type": "table"
      }
    ],
    "refresh": "5s",
    "schemaVersion": 17,
    "style": "dark",
    "tags": [],
    "templating": {
      "list": [
        {
          "allValue": null,
          "current": {
            "text": "All",
            "value": "$__all"
          },
          "datasource": "Prometheus",
          "definition": "label_values(wmi_system_system_up_time, region)",
          "hide": 0,
          "includeAll": true,
          "label": "region",
          "multi": false,
          "name": "region",
          "options": [],
          "query": "label_values(wmi_system_system_up_time, region)",
          "refresh": 1,
          "regex": "",
          "skipUrlSync": false,
          "sort": 0,
          "tagValuesQuery": "",
          "tags": [],
          "tagsQuery": "",
          "type": "query",
          "useTags": false
        },
        {
          "allValue": null,
          "current": {
            "text": "All",
            "value": "$__all"
          },
          "datasource": "Prometheus",
          "definition": "label_values(wmi_textfile_wmi_state_version, version)",
          "hide": 0,
          "includeAll": true,
          "label": "Version",
          "multi": false,
          "name": "version",
          "options": [],
          "query": "label_values(wmi_textfile_wmi_state_version, version)",
          "refresh": 1,
          "regex": "",
          "skipUrlSync": false,
          "sort": 0,
          "tagValuesQuery": "",
          "tags": [],
          "tagsQuery": "",
          "type": "query",
          "useTags": false
        }
      ]
    },
    "time": {
      "from": "now-6h",
      "to": "now"
    },
    "timepicker": {
      "refresh_intervals": [
        "5s",
        "10s",
        "30s",
        "1m",
        "5m",
        "15m",
        "30m",
        "1h",
        "2h",
        "1d"
      ],
      "time_options": [
        "5m",
        "15m",
        "1h",
        "6h",
        "12h",
        "24h",
        "2d",
        "7d",
        "30d"
      ]
    },
    "timezone": "",
    "title": "WMI Exporter Configuration Versions",
    "uid": "Q2RdVylmk"
  }
}
