{
  "meta": {
    "type": "db",
    "canSave": true,
    "canEdit": true,
    "canAdmin": true,
    "canStar": true,
    "slug": "worldping-endpoint-comparison",
    "url": "/d/xH8eZKriz/worldping-endpoint-comparison",
    "hasAcl": false,
    "isFolder": false,
    "folderId": 0,
    "folderTitle": "General",
    "folderUrl": "",
    "provisioned": false
  },
  "dashboard": {
    "annotations": {
      "list": []
    },
    "editable": true,
    "hideControls": true,
    "id": 130,
    "links": [
      {
        "asDropdown": true,
        "icon": "external link",
        "includeVars": true,
        "keepTime": true,
        "tags": [
          "Endpoints"
        ],
        "title": "Endpoint Dashboards",
        "type": "dashboards"
      }
    ],
    "nav": [
      {
        "collapse": false,
        "enable": true,
        "notice": false,
        "now": true,
        "refresh_intervals": [
          "5s",
          "10s",
          "30s",
          "1m",
          "5m",
          "15m",
          "30m",
          "1h",
          "2h",
          "1d"
        ],
        "status": "Stable",
        "time_options": [
          "5m",
          "15m",
          "1h",
          "3h",
          "6h",
          "12h",
          "24h",
          "2d",
          "7d",
          "30d"
        ],
        "type": "timepicker"
      }
    ],
    "originalTitle": "worldPing Endpoint: Comparison",
    "refresh": false,
    "revision": 3,
    "rows": [
      {
        "collapse": false,
        "editable": true,
        "height": "250px",
        "panels": [
          {
            "aliasColors": {},
            "bars": false,
            "datasource": "raintank",
            "decimals": 1,
            "editable": true,
            "error": false,
            "fill": 1,
            "grid": {
              "leftLogBase": 1,
              "leftMax": null,
              "leftMin": 0,
              "rightLogBase": 1,
              "rightMax": null,
              "rightMin": null,
              "threshold1": null,
              "threshold1Color": "rgba(216, 200, 27, 0.27)",
              "threshold2": null,
              "threshold2Color": "rgba(234, 112, 112, 0.22)"
            },
            "height": "250",
            "id": 10,
            "legend": {
              "alignAsTable": true,
              "avg": true,
              "current": true,
              "max": false,
              "min": false,
              "show": true,
              "total": false,
              "values": true
            },
            "lines": true,
            "linewidth": 1,
            "links": [],
            "nullPointMode": "null as zero",
            "percentage": false,
            "pointradius": 5,
            "points": false,
            "renderer": "flot",
            "seriesOverrides": [],
            "span": 12,
            "stack": false,
            "steppedLine": false,
            "targets": [
              {
                "target": "groupByNode(sortByName(worldping.$endpoint.$probe.$protocol.default), 1, 'avg')"
              }
            ],
            "timeFrom": null,
            "timeShift": null,
            "title": "",
            "tooltip": {
              "shared": true,
              "value_type": "cumulative"
            },
            "type": "graph",
            "x-axis": true,
            "y-axis": true,
            "y_formats": [
              "short",
              "short"
            ]
          }
        ],
        "showTitle": true,
        "title": "Overall $protocol endpoint performance (average all selected probes)",
        "titleSize": "h5"
      },
      {
        "collapse": false,
        "editable": true,
        "height": "250px",
        "panels": [
          {
            "aliasColors": {
              "raindex": "#DEDAF7"
            },
            "bars": false,
            "datasource": "raintank",
            "editable": true,
            "error": false,
            "fill": 0,
            "grid": {
              "leftLogBase": 1,
              "leftMax": null,
              "leftMin": 0,
              "rightLogBase": 1,
              "rightMax": null,
              "rightMin": null,
              "threshold1": null,
              "threshold1Color": "rgba(216, 200, 27, 0.27)",
              "threshold2": null,
              "threshold2Color": "rgba(234, 112, 112, 0.22)",
              "thresholdLine": false
            },
            "id": 1,
            "legend": {
              "avg": false,
              "current": false,
              "max": false,
              "min": false,
              "show": false,
              "total": false,
              "values": false
            },
            "lines": false,
            "linewidth": 1,
            "links": [],
            "minSpan": 3,
            "nullPointMode": "connected",
            "percentage": false,
            "pointradius": 1,
            "points": true,
            "renderer": "flot",
            "repeat": "probe",
            "scopedVars": {},
            "seriesOverrides": [
              {
                "alias": "raindex",
                "lines": true,
                "linewidth": 1,
                "points": false
              }
            ],
            "span": 3,
            "stack": false,
            "steppedLine": false,
            "targets": [
              {
                "target": "aliasByNode(sortByName(worldping.$endpoint.$probe.$protocol.default), 1)"
              }
            ],
            "timeFrom": null,
            "timeShift": null,
            "title": "$probe",
            "tooltip": {
              "shared": true,
              "value_type": "cumulative"
            },
            "type": "graph",
            "x-axis": true,
            "y-axis": true,
            "y_formats": [
              "short",
              "short"
            ]
          }
        ],
        "repeat": null,
        "showTitle": true,
        "title": "$protocol performance (per probe)",
        "titleSize": "h5"
      }
    ],
    "schemaVersion": 6,
    "sharedCrosshair": true,
    "style": "dark",
    "tags": [
      "worldPing",
      "Endpoints"
    ],
    "templating": {
      "list": [
        {
          "allFormat": "glob",
          "datasource": "raintank",
          "includeAll": false,
          "label": "Endpoint",
          "multi": true,
          "multiFormat": "glob",
          "name": "endpoint",
          "query": "worldping.*",
          "refresh": true,
          "refresh_on_load": false,
          "tagValuesQuery": "raintank_db.tags.endpoints.$tag",
          "tags": [
            "prod"
          ],
          "tagsQuery": "raintank_db.tags.endpoints.*",
          "type": "query",
          "useTags": true
        },
        {
          "allFormat": "glob",
          "datasource": "raintank",
          "includeAll": true,
          "label": "Probe(s)",
          "multi": true,
          "multiFormat": "glob",
          "name": "probe",
          "query": "worldping.$endpoint.*",
          "refresh": true,
          "refresh_on_load": false,
          "tagValuesQuery": "raintank_db.tags.collectors.$tag",
          "tags": [
            "aasdASD"
          ],
          "tagsQuery": "raintank_db.tags.collectors.*",
          "type": "query",
          "useTags": true
        },
        {
          "allFormat": "glob",
          "datasource": "raintank",
          "includeAll": false,
          "label": "Protocol",
          "multi": false,
          "multiFormat": "glob",
          "name": "protocol",
          "query": "worldping.$endpoint.$probe.*",
          "refresh": true,
          "refresh_on_load": false,
          "type": "query"
        }
      ]
    },
    "time": {
      "from": "now-3h",
      "to": "now"
    },
    "timezone": "browser",
    "title": "worldPing Endpoint: Comparison",
    "uid": "xH8eZKriz"
  }
}
