{
  "meta": {
    "type": "db",
    "canSave": true,
    "canEdit": true,
    "canAdmin": true,
    "canStar": true,
    "slug": "worldping-probes",
    "url": "/d/IM8eZKrmk/worldping-probes",
    "hasAcl": false,
    "isFolder": false,
    "folderId": 0,
    "folderTitle": "General",
    "folderUrl": "",
    "provisioned": false
  },
  "dashboard": {
    "annotations": {
      "list": []
    },
    "editable": true,
    "hideControls": true,
    "id": 125,
    "links": [
      {
        "asDropdown": true,
        "icon": "external link",
        "includeVars": true,
        "keepTime": true,
        "tags": [
          "Endpoints"
        ],
        "title": "Endpoint Dashboards",
        "type": "dashboards"
      }
    ],
    "nav": [
      {
        "collapse": false,
        "enable": true,
        "notice": false,
        "now": true,
        "nowDelay": "",
        "refresh_intervals": [
          "5s",
          "10s",
          "30s",
          "1m",
          "5m",
          "15m",
          "30m",
          "1h",
          "2h",
          "1d"
        ],
        "status": "Stable",
        "time_options": [
          "5m",
          "15m",
          "1h",
          "3h",
          "6h",
          "12h",
          "24h",
          "2d",
          "7d",
          "30d"
        ],
        "type": "timepicker"
      }
    ],
    "originalTitle": "worldPing: Probes",
    "refresh": false,
    "revision": 2,
    "rows": [
      {
        "collapse": false,
        "editable": true,
        "height": "50px",
        "panels": [
          {
            "cacheTimeout": null,
            "colorBackground": false,
            "colorValue": true,
            "colors": [
              "rgba(139, 139, 139, 1)",
              "rgba(139, 139, 139, 1)",
              "rgba(63, 104, 51, 1)"
            ],
            "datasource": "raintank",
            "decimals": 2,
            "editable": true,
            "error": false,
            "format": "percent",
            "height": "",
            "id": 11,
            "interval": null,
            "links": [],
            "maxDataPoints": 100,
            "nullPointMode": "connected",
            "nullText": null,
            "postfix": "",
            "postfixFontSize": "50%",
            "prefix": "",
            "prefixFontSize": "30%",
            "span": 3,
            "sparkline": {
              "fillColor": "rgba(31, 118, 189, 0.18)",
              "full": false,
              "lineColor": "rgb(31, 120, 193)",
              "show": false
            },
            "targets": [
              {
                "target": "scale(averageSeries(worldping.$endpoint.$probe.dns.ok_state), 100)"
              }
            ],
            "thresholds": "0,0,100",
            "title": "DNS",
            "transparent": true,
            "type": "singlestat",
            "valueFontSize": "80%",
            "valueMaps": [
              {
                "op": "=",
                "text": "N/A",
                "value": "null"
              }
            ],
            "valueName": "avg"
          },
          {
            "cacheTimeout": null,
            "colorBackground": false,
            "colorValue": true,
            "colors": [
              "rgba(139, 139, 139, 1)",
              "rgba(139, 139, 139, 1)",
              "rgba(63, 104, 51, 1)"
            ],
            "datasource": "raintank",
            "decimals": 2,
            "editable": true,
            "error": false,
            "format": "percent",
            "height": "",
            "id": 9,
            "interval": null,
            "links": [],
            "maxDataPoints": 100,
            "nullPointMode": "connected",
            "nullText": null,
            "postfix": "",
            "postfixFontSize": "50%",
            "prefix": "",
            "prefixFontSize": "30%",
            "span": 3,
            "sparkline": {
              "fillColor": "rgba(31, 118, 189, 0.18)",
              "full": false,
              "lineColor": "rgb(31, 120, 193)",
              "show": false
            },
            "targets": [
              {
                "target": "scale(averageSeries(worldping.$endpoint.$probe.ping.ok_state), 100)"
              }
            ],
            "thresholds": "0,0,100",
            "title": "Ping",
            "transparent": true,
            "type": "singlestat",
            "valueFontSize": "80%",
            "valueMaps": [
              {
                "op": "=",
                "text": "N/A",
                "value": "null"
              }
            ],
            "valueName": "avg"
          },
          {
            "cacheTimeout": null,
            "colorBackground": false,
            "colorValue": true,
            "colors": [
              "rgba(139, 139, 139, 1)",
              "rgba(139, 139, 139, 1)",
              "rgba(63, 104, 51, 1)"
            ],
            "datasource": "raintank",
            "decimals": 2,
            "editable": true,
            "error": false,
            "format": "percent",
            "height": "",
            "id": 12,
            "interval": null,
            "links": [],
            "maxDataPoints": 100,
            "nullPointMode": "connected",
            "nullText": null,
            "postfix": "",
            "postfixFontSize": "50%",
            "prefix": "",
            "prefixFontSize": "30%",
            "span": 3,
            "sparkline": {
              "fillColor": "rgba(31, 118, 189, 0.18)",
              "full": false,
              "lineColor": "rgb(31, 120, 193)",
              "show": false
            },
            "targets": [
              {
                "target": "scale(averageSeries(worldping.$endpoint.$probe.http.ok_state), 100)"
              }
            ],
            "thresholds": "0,0,100",
            "title": "HTTP",
            "transparent": true,
            "type": "singlestat",
            "valueFontSize": "80%",
            "valueMaps": [
              {
                "op": "=",
                "text": "N/A",
                "value": "null"
              }
            ],
            "valueName": "avg"
          },
          {
            "cacheTimeout": null,
            "colorBackground": false,
            "colorValue": true,
            "colors": [
              "rgba(139, 139, 139, 1)",
              "rgba(139, 139, 139, 1)",
              "rgba(63, 104, 51, 1)"
            ],
            "datasource": "raintank",
            "decimals": 2,
            "editable": true,
            "error": false,
            "format": "percent",
            "height": "",
            "id": 13,
            "interval": null,
            "links": [],
            "maxDataPoints": 100,
            "nullPointMode": "connected",
            "nullText": null,
            "postfix": "",
            "postfixFontSize": "50%",
            "prefix": "",
            "prefixFontSize": "30%",
            "span": 3,
            "sparkline": {
              "fillColor": "rgba(31, 118, 189, 0.18)",
              "full": false,
              "lineColor": "rgb(31, 120, 193)",
              "show": false
            },
            "targets": [
              {
                "target": "scale(averageSeries(worldping.$endpoint.$probe.https.ok_state), 100)"
              }
            ],
            "thresholds": "0,0,100",
            "title": "HTTPS",
            "transparent": true,
            "type": "singlestat",
            "valueFontSize": "80%",
            "valueMaps": [
              {
                "op": "=",
                "text": "N/A",
                "value": "null"
              }
            ],
            "valueName": "avg"
          }
        ],
        "showTitle": true,
        "title": "Uptime"
      },
      {
        "collapse": false,
        "editable": true,
        "height": "100px",
        "panels": [
          {
            "aliasColors": {
              "error": "#E24D42",
              "ok": "#508642"
            },
            "bars": true,
            "datasource": "raintank",
            "editable": true,
            "error": false,
            "fill": 1,
            "grid": {
              "leftLogBase": 10,
              "leftMax": null,
              "leftMin": 0,
              "rightLogBase": 1,
              "rightMax": null,
              "rightMin": null,
              "threshold1": null,
              "threshold1Color": "rgba(216, 200, 27, 0.27)",
              "threshold2": null,
              "threshold2Color": "rgba(234, 112, 112, 0.22)"
            },
            "height": "",
            "id": 6,
            "legend": {
              "avg": false,
              "current": false,
              "max": false,
              "min": false,
              "show": false,
              "total": false,
              "values": false
            },
            "lines": false,
            "linewidth": 2,
            "links": [],
            "maxDataPoints": "30",
            "nullPointMode": "connected",
            "percentage": true,
            "pointradius": 5,
            "points": false,
            "renderer": "flot",
            "seriesOverrides": [],
            "span": 3,
            "stack": true,
            "steppedLine": false,
            "targets": [
              {
                "target": "alias(consolidateBy(sumSeries(worldping.$endpoint.$probe.dns.error_state), 'sum'), 'error')"
              },
              {
                "hide": false,
                "target": "alias(consolidateBy(sumSeries(worldping.$endpoint.$probe.dns.ok_state), 'sum'), 'ok')"
              }
            ],
            "timeFrom": null,
            "timeShift": null,
            "title": "DNS",
            "tooltip": {
              "shared": true,
              "value_type": "individual"
            },
            "transparent": true,
            "type": "graph",
            "x-axis": true,
            "y-axis": false,
            "y_formats": [
              "short",
              "short"
            ]
          },
          {
            "aliasColors": {
              "error": "#E24D42",
              "ok": "#508642"
            },
            "bars": true,
            "datasource": "raintank",
            "editable": true,
            "error": false,
            "fill": 1,
            "grid": {
              "leftLogBase": 10,
              "leftMax": null,
              "leftMin": 0,
              "rightLogBase": 1,
              "rightMax": null,
              "rightMin": null,
              "threshold1": null,
              "threshold1Color": "rgba(216, 200, 27, 0.27)",
              "threshold2": null,
              "threshold2Color": "rgba(234, 112, 112, 0.22)"
            },
            "height": "",
            "id": 5,
            "legend": {
              "avg": false,
              "current": false,
              "max": false,
              "min": false,
              "show": false,
              "total": false,
              "values": false
            },
            "lines": false,
            "linewidth": 2,
            "links": [],
            "maxDataPoints": "30",
            "nullPointMode": "connected",
            "percentage": true,
            "pointradius": 5,
            "points": false,
            "renderer": "flot",
            "seriesOverrides": [],
            "span": 3,
            "stack": true,
            "steppedLine": false,
            "targets": [
              {
                "target": "alias(consolidateBy(sumSeries(worldping.$endpoint.$probe.ping.ok_state), 'sum'), 'ok')"
              },
              {
                "target": "alias(consolidateBy(sumSeries(worldping.$endpoint.$probe.ping.error_state), 'sum'), 'error')"
              }
            ],
            "timeFrom": null,
            "timeShift": null,
            "title": "Ping",
            "tooltip": {
              "shared": true,
              "value_type": "individual"
            },
            "transparent": true,
            "type": "graph",
            "x-axis": true,
            "y-axis": false,
            "y_formats": [
              "short",
              "short"
            ]
          },
          {
            "aliasColors": {
              "error": "#E24D42",
              "ok": "#508642"
            },
            "bars": true,
            "datasource": "raintank",
            "editable": true,
            "error": false,
            "fill": 1,
            "grid": {
              "leftLogBase": 10,
              "leftMax": null,
              "leftMin": 0,
              "rightLogBase": 1,
              "rightMax": null,
              "rightMin": null,
              "threshold1": null,
              "threshold1Color": "rgba(216, 200, 27, 0.27)",
              "threshold2": null,
              "threshold2Color": "rgba(234, 112, 112, 0.22)"
            },
            "height": "",
            "id": 7,
            "legend": {
              "alignAsTable": false,
              "avg": false,
              "current": false,
              "max": false,
              "min": false,
              "show": false,
              "total": false,
              "values": false
            },
            "lines": false,
            "linewidth": 2,
            "links": [],
            "maxDataPoints": "40",
            "nullPointMode": "connected",
            "percentage": true,
            "pointradius": 5,
            "points": false,
            "renderer": "flot",
            "seriesOverrides": [],
            "span": 3,
            "stack": true,
            "steppedLine": false,
            "targets": [
              {
                "target": "alias(consolidateBy(sumSeries(worldping.$endpoint.$probe.http.error_state), 'sum'), 'error')"
              },
              {
                "target": "alias(consolidateBy(sumSeries(worldping.$endpoint.$probe.http.ok_state), 'sum'), 'ok')"
              }
            ],
            "timeFrom": null,
            "timeShift": null,
            "title": "HTTP",
            "tooltip": {
              "shared": true,
              "value_type": "individual"
            },
            "transparent": true,
            "type": "graph",
            "x-axis": true,
            "y-axis": false,
            "y_formats": [
              "short",
              "short"
            ]
          },
          {
            "aliasColors": {
              "error": "#E24D42",
              "ok": "#508642"
            },
            "bars": true,
            "datasource": "raintank",
            "editable": true,
            "error": false,
            "fill": 1,
            "grid": {
              "leftLogBase": 10,
              "leftMax": null,
              "leftMin": 0,
              "rightLogBase": 1,
              "rightMax": null,
              "rightMin": null,
              "threshold1": null,
              "threshold1Color": "rgba(216, 200, 27, 0.27)",
              "threshold2": null,
              "threshold2Color": "rgba(234, 112, 112, 0.22)"
            },
            "height": "",
            "id": 8,
            "legend": {
              "avg": false,
              "current": false,
              "max": false,
              "min": false,
              "show": false,
              "total": false,
              "values": false
            },
            "lines": false,
            "linewidth": 2,
            "links": [],
            "maxDataPoints": "40",
            "nullPointMode": "connected",
            "percentage": true,
            "pointradius": 5,
            "points": false,
            "renderer": "flot",
            "seriesOverrides": [],
            "span": 3,
            "stack": true,
            "steppedLine": false,
            "targets": [
              {
                "target": "alias(consolidateBy(sumSeries(worldping.$endpoint.$probe.https.ok_state), 'sum'), 'ok')"
              },
              {
                "target": "alias(consolidateBy(sumSeries(worldping.$endpoint.$probe.https.error_state), 'sum'), 'error')"
              }
            ],
            "timeFrom": null,
            "timeShift": null,
            "title": "HTTPS",
            "tooltip": {
              "shared": true,
              "value_type": "individual"
            },
            "transparent": true,
            "type": "graph",
            "x-axis": true,
            "y-axis": false,
            "y_formats": [
              "short",
              "short"
            ]
          }
        ],
        "showTitle": true,
        "title": "Errors"
      },
      {
        "collapse": false,
        "editable": true,
        "height": "100px",
        "panels": [
          {
            "aliasColors": {},
            "bars": false,
            "datasource": "raintank",
            "decimals": 1,
            "editable": true,
            "error": false,
            "fill": 1,
            "grid": {
              "leftLogBase": 10,
              "leftMax": null,
              "leftMin": 1,
              "rightLogBase": 1,
              "rightMax": null,
              "rightMin": null,
              "threshold1": null,
              "threshold1Color": "rgba(216, 200, 27, 0.27)",
              "threshold2": null,
              "threshold2Color": "rgba(234, 112, 112, 0.22)"
            },
            "height": "600",
            "id": 2,
            "legend": {
              "alignAsTable": true,
              "avg": true,
              "current": true,
              "max": false,
              "min": false,
              "rightSide": false,
              "show": false,
              "total": false,
              "values": true
            },
            "lines": false,
            "linewidth": 2,
            "links": [],
            "maxDataPoints": "",
            "nullPointMode": "connected",
            "percentage": false,
            "pointradius": 1,
            "points": true,
            "renderer": "flot",
            "seriesOverrides": [],
            "span": 3,
            "stack": false,
            "steppedLine": false,
            "targets": [
              {
                "target": "aliasByNode(removeAbovePercentile(worldping.$endpoint.$probe.dns.time, $outliers), 1)"
              }
            ],
            "timeFrom": null,
            "timeShift": null,
            "title": "DNS response by Probe",
            "tooltip": {
              "shared": true,
              "value_type": "cumulative"
            },
            "type": "graph",
            "x-axis": true,
            "y-axis": true,
            "y_formats": [
              "ms",
              "short"
            ]
          },
          {
            "aliasColors": {},
            "bars": false,
            "datasource": "raintank",
            "decimals": 1,
            "editable": true,
            "error": false,
            "fill": 1,
            "grid": {
              "leftLogBase": 10,
              "leftMax": 10000,
              "leftMin": 1,
              "rightLogBase": 1,
              "rightMax": null,
              "rightMin": null,
              "threshold1": null,
              "threshold1Color": "rgba(216, 200, 27, 0.27)",
              "threshold2": null,
              "threshold2Color": "rgba(234, 112, 112, 0.22)"
            },
            "height": "600",
            "id": 1,
            "legend": {
              "alignAsTable": true,
              "avg": true,
              "current": true,
              "max": false,
              "min": false,
              "show": false,
              "total": false,
              "values": true
            },
            "lines": false,
            "linewidth": 2,
            "links": [],
            "maxDataPoints": "",
            "nullPointMode": "connected",
            "percentage": false,
            "pointradius": 1,
            "points": true,
            "renderer": "flot",
            "seriesOverrides": [],
            "span": 3,
            "stack": false,
            "steppedLine": false,
            "targets": [
              {
                "target": "aliasByNode(removeAbovePercentile(worldping.$endpoint.$probe.ping.mean, $outliers), 1)"
              }
            ],
            "timeFrom": null,
            "timeShift": null,
            "title": "Ping response by Probe",
            "tooltip": {
              "shared": true,
              "value_type": "cumulative"
            },
            "type": "graph",
            "x-axis": true,
            "y-axis": true,
            "y_formats": [
              "ms",
              "short"
            ]
          },
          {
            "aliasColors": {},
            "bars": false,
            "datasource": "raintank",
            "decimals": 1,
            "editable": true,
            "error": false,
            "fill": 1,
            "grid": {
              "leftLogBase": 10,
              "leftMax": null,
              "leftMin": 1,
              "rightLogBase": 1,
              "rightMax": null,
              "rightMin": null,
              "threshold1": null,
              "threshold1Color": "rgba(216, 200, 27, 0.27)",
              "threshold2": null,
              "threshold2Color": "rgba(234, 112, 112, 0.22)"
            },
            "height": "600",
            "id": 3,
            "legend": {
              "alignAsTable": true,
              "avg": true,
              "current": true,
              "max": false,
              "min": false,
              "show": false,
              "total": false,
              "values": true
            },
            "lines": false,
            "linewidth": 2,
            "links": [],
            "maxDataPoints": "",
            "nullPointMode": "connected",
            "percentage": false,
            "pointradius": 1,
            "points": true,
            "renderer": "flot",
            "seriesOverrides": [],
            "span": 3,
            "stack": false,
            "steppedLine": false,
            "targets": [
              {
                "target": "aliasByNode(removeAbovePercentile(worldping.$endpoint.$probe.http.total, $outliers), 1)"
              }
            ],
            "timeFrom": null,
            "timeShift": null,
            "title": "HTTP response by Probe",
            "tooltip": {
              "shared": true,
              "value_type": "cumulative"
            },
            "type": "graph",
            "x-axis": true,
            "y-axis": true,
            "y_formats": [
              "ms",
              "short"
            ]
          },
          {
            "aliasColors": {},
            "bars": false,
            "datasource": "raintank",
            "decimals": 1,
            "editable": true,
            "error": false,
            "fill": 1,
            "grid": {
              "leftLogBase": 10,
              "leftMax": null,
              "leftMin": 1,
              "rightLogBase": 1,
              "rightMax": null,
              "rightMin": null,
              "threshold1": null,
              "threshold1Color": "rgba(216, 200, 27, 0.27)",
              "threshold2": null,
              "threshold2Color": "rgba(234, 112, 112, 0.22)"
            },
            "height": "600",
            "id": 4,
            "legend": {
              "alignAsTable": true,
              "avg": true,
              "current": true,
              "max": false,
              "min": false,
              "show": false,
              "total": false,
              "values": true
            },
            "lines": false,
            "linewidth": 2,
            "links": [],
            "maxDataPoints": "",
            "nullPointMode": "connected",
            "percentage": false,
            "pointradius": 1,
            "points": true,
            "renderer": "flot",
            "seriesOverrides": [],
            "span": 3,
            "stack": false,
            "steppedLine": false,
            "targets": [
              {
                "target": "aliasByNode(removeAbovePercentile(worldping.$endpoint.$probe.https.total, $outliers), 1)"
              }
            ],
            "timeFrom": null,
            "timeShift": null,
            "title": "HTTPS response by Probe",
            "tooltip": {
              "shared": true,
              "value_type": "cumulative"
            },
            "type": "graph",
            "x-axis": true,
            "y-axis": true,
            "y_formats": [
              "ms",
              "short"
            ]
          }
        ],
        "showTitle": true,
        "title": "Performance"
      }
    ],
    "schemaVersion": 6,
    "sharedCrosshair": false,
    "style": "dark",
    "tags": [
      "worldPing",
      "Probes"
    ],
    "templating": {
      "list": [
        {
          "allFormat": "glob",
          "datasource": "raintank",
          "includeAll": false,
          "label": "Probe",
          "multi": false,
          "multiFormat": "glob",
          "name": "probe",
          "options": [],
          "query": "worldping.$endpoint.*",
          "refresh": true,
          "refresh_on_load": true,
          "tagValuesQuery": "raintank_db.tags.collectors.$tag",
          "tagsQuery": "raintank_db.tags.collectors.*",
          "type": "query",
          "useTags": false
        },
        {
          "allFormat": "glob",
          "datasource": "raintank",
          "includeAll": true,
          "label": "Endpoint(s)",
          "multi": true,
          "multiFormat": "glob",
          "name": "endpoint",
          "options": [],
          "query": "worldping.*",
          "refresh": true,
          "refresh_on_load": true,
          "tagValuesQuery": "raintank_db.tags.endpoints.$tag",
          "tags": [
            "prod"
          ],
          "tagsQuery": "raintank_db.tags.endpoints.*",
          "type": "query",
          "useTags": true
        },
        {
          "allFormat": "glob",
          "current": {
            "text": "100",
            "value": "100"
          },
          "datasource": "raintank",
          "includeAll": false,
          "label": "Outliers",
          "multi": false,
          "multiFormat": "glob",
          "name": "outliers",
          "options": [
            {
              "selected": true,
              "text": "100",
              "value": "100"
            },
            {
              "selected": false,
              "text": "99.9",
              "value": "99.9"
            },
            {
              "selected": false,
              "text": "99.5",
              "value": "99.5"
            },
            {
              "selected": false,
              "text": "99",
              "value": "99"
            },
            {
              "selected": false,
              "text": "95",
              "value": "95"
            },
            {
              "selected": false,
              "text": "50",
              "value": "50"
            }
          ],
          "query": "100,99.9,99.5,99,95,50",
          "refresh_on_load": false,
          "type": "custom"
        }
      ]
    },
    "time": {
      "from": "now-3h",
      "to": "now"
    },
    "timezone": "browser",
    "title": "worldPing: Probes",
    "uid": "IM8eZKrmk"
  }
}
