{
  "meta": {
    "type": "db",
    "canSave": true,
    "canEdit": true,
    "canAdmin": true,
    "canStar": true,
    "slug": "worldping-events",
    "url": "/d/OWUeZKrmz/worldping-events",
    "hasAcl": false,
    "isFolder": false,
    "folderId": 0,
    "folderTitle": "General",
    "folderUrl": "",
    "provisioned": false
  },
  "dashboard": {
    "annotations": {
      "list": []
    },
    "editable": true,
    "gnetId": null,
    "hideControls": true,
    "id": 124,
    "links": [
      {
        "asDropdown": true,
        "icon": "external link",
        "includeVars": true,
        "keepTime": true,
        "tags": [
          "Endpoints"
        ],
        "title": "Endpoint Dashboards",
        "type": "dashboards"
      }
    ],
    "refresh": false,
    "revision": 3,
    "rows": [
      {
        "collapse": false,
        "editable": true,
        "height": 142,
        "panels": [
          {
            "circleMaxSize": "20",
            "circleMinSize": "1",
            "colors": [
              "rgba(255, 255, 255, 0)",
              "rgba(209, 44, 32, 0.89)",
              "rgba(209, 44, 32, 0.89)"
            ],
            "datasource": "raintank",
            "decimals": 0,
            "editable": true,
            "error": false,
            "esMetric": "Count",
            "height": "250",
            "id": 3,
            "initialZoom": 1,
            "isNew": true,
            "jsonUrl": "api/plugin-proxy/raintank-worldping-app/api/v2/probes/locations",
            "links": [],
            "locationData": "json endpoint",
            "mapCenter": "(0°, 0°)",
            "mapCenterLatitude": 0,
            "mapCenterLongitude": 0,
            "maxDataPoints": 1,
            "showLegend": true,
            "span": 5,
            "targets": [
              {
                "refId": "A",
                "target": "aliasByNode(removeBelowValue(consolidateBy(worldping.$endpoint.$probe.$monitor_type.error_state, 'sum'), 1), 2)",
                "textEditor": true
              }
            ],
            "thresholds": "1",
            "title": "",
            "type": "grafana-worldmap-panel",
            "unitPlural": "errors",
            "unitSingle": "",
            "unitSingular": "error",
            "valueName": "total"
          },
          {
            "aliasColors": {
              "ERROR": "#E24D42",
              "OK": "#629E51"
            },
            "bars": true,
            "datasource": "raintankEvents",
            "editable": true,
            "error": false,
            "fill": 1,
            "grid": {},
            "height": "250",
            "id": 1,
            "interval": "",
            "isNew": true,
            "legend": {
              "alignAsTable": true,
              "avg": false,
              "current": true,
              "hideEmpty": true,
              "max": false,
              "min": false,
              "rightSide": true,
              "show": true,
              "total": true,
              "values": true
            },
            "lines": false,
            "linewidth": 2,
            "links": [],
            "nullPointMode": "null",
            "percentage": false,
            "pointradius": 5,
            "points": false,
            "renderer": "flot",
            "seriesOverrides": [],
            "span": 7,
            "stack": true,
            "steppedLine": false,
            "targets": [
              {
                "bucketAggs": [
                  {
                    "fake": true,
                    "field": "severity",
                    "id": "3",
                    "settings": {
                      "order": "asc",
                      "orderBy": "_term",
                      "size": "0"
                    },
                    "type": "terms"
                  },
                  {
                    "field": "timestamp",
                    "id": "2",
                    "settings": {
                      "interval": "$error_interval",
                      "min_doc_count": 0,
                      "trimEdges": 0
                    },
                    "type": "date_histogram"
                  }
                ],
                "dsType": "elasticsearch",
                "metrics": [
                  {
                    "field": "select field",
                    "id": "1",
                    "type": "count"
                  }
                ],
                "query": "tags.endpoint:$endpoint AND tags.collector:$probe AND tags.monitor_type:$monitor_type AND severity:$severity",
                "refId": "A",
                "target": "",
                "timeField": "timestamp"
              }
            ],
            "thresholds": [],
            "timeFrom": null,
            "timeShift": null,
            "title": "",
            "tooltip": {
              "msResolution": false,
              "shared": true,
              "sort": 0,
              "value_type": "individual"
            },
            "type": "graph",
            "xaxis": {
              "show": true
            },
            "yaxes": [
              {
                "format": "short",
                "logBase": 1,
                "max": null,
                "min": null,
                "show": true
              },
              {
                "format": "short",
                "logBase": 1,
                "max": null,
                "min": null,
                "show": true
              }
            ]
          }
        ],
        "showTitle": true,
        "title": "Events for $endpoint on $probe for $monitor_type (showing $severity)"
      },
      {
        "collapse": false,
        "editable": true,
        "height": "",
        "panels": [
          {
            "columns": [
              {
                "text": "timestamp",
                "value": "timestamp"
              },
              {
                "text": "tags.endpoint",
                "value": "tags.endpoint"
              },
              {
                "text": "tags.collector",
                "value": "tags.collector"
              },
              {
                "text": "tags.monitor_type",
                "value": "tags.monitor_type"
              },
              {
                "text": "severity",
                "value": "severity"
              },
              {
                "text": "message",
                "value": "message"
              }
            ],
            "datasource": "raintankEvents",
            "editable": true,
            "error": false,
            "fontSize": "100%",
            "id": 2,
            "isNew": true,
            "links": [],
            "pageSize": null,
            "scroll": true,
            "showHeader": true,
            "sort": {
              "col": 0,
              "desc": true
            },
            "span": 12,
            "styles": [
              {
                "dateFormat": "YYYY-MM-DD HH:mm:ss",
                "pattern": "timestamp",
                "type": "date"
              }
            ],
            "targets": [
              {
                "bucketAggs": [],
                "dsType": "elasticsearch",
                "metrics": [
                  {
                    "field": "select field",
                    "id": "1",
                    "meta": {},
                    "settings": {},
                    "type": "raw_document"
                  }
                ],
                "query": "tags.endpoint:$endpoint AND tags.collector:$probe AND tags.monitor_type:$monitor_type AND severity:$severity",
                "refId": "A",
                "target": "",
                "timeField": "timestamp"
              }
            ],
            "title": "EVENTS",
            "transform": "json",
            "type": "table"
          }
        ],
        "title": "New row"
      }
    ],
    "schemaVersion": 13,
    "sharedCrosshair": true,
    "style": "dark",
    "tags": [
      "worldPing",
      "Events"
    ],
    "templating": {
      "list": [
        {
          "allFormat": "wildcard",
          "current": {
            "text": "All",
            "value": "$__all"
          },
          "datasource": "raintank",
          "hide": 0,
          "includeAll": true,
          "multi": true,
          "multiFormat": "lucene",
          "name": "endpoint",
          "query": "worldping.*",
          "refresh": 1,
          "refresh_on_load": false,
          "regex": "",
          "type": "query"
        },
        {
          "allFormat": "wildcard",
          "current": {
            "text": "All",
            "value": "$__all"
          },
          "datasource": "raintank",
          "hide": 0,
          "includeAll": true,
          "label": "probe",
          "multi": true,
          "multiFormat": "lucene",
          "name": "probe",
          "query": "worldping.$endpoint.*",
          "refresh": 1,
          "refresh_on_load": false,
          "type": "query"
        },
        {
          "allFormat": "wildcard",
          "current": {
            "text": "All",
            "value": [
              "$__all"
            ]
          },
          "datasource": "raintank",
          "hide": 0,
          "includeAll": true,
          "multi": true,
          "multiFormat": "lucene",
          "name": "monitor_type",
          "query": "worldping.$endpoint.$probe.*",
          "refresh": 1,
          "refresh_on_load": false,
          "regex": "",
          "type": "query"
        },
        {
          "allFormat": "glob",
          "current": {
            "tags": [],
            "text": "ERROR + OK",
            "value": [
              "ERROR",
              "OK"
            ]
          },
          "datasource": null,
          "hide": 0,
          "includeAll": false,
          "multi": true,
          "multiFormat": "lucene",
          "name": "severity",
          "options": [
            {
              "selected": true,
              "text": "ERROR",
              "value": "ERROR"
            },
            {
              "selected": true,
              "text": "OK",
              "value": "OK"
            }
          ],
          "query": "ERROR,OK",
          "refresh": 0,
          "refresh_on_load": false,
          "regex": "",
          "type": "custom"
        },
        {
          "auto": true,
          "auto_count": 30,
          "current": {
            "text": "auto",
            "value": "$__auto_interval"
          },
          "datasource": null,
          "hide": 2,
          "includeAll": false,
          "multi": false,
          "name": "error_interval",
          "options": [
            {
              "selected": true,
              "text": "auto",
              "value": "$__auto_interval"
            },
            {
              "selected": false,
              "text": "1m",
              "value": "1m"
            },
            {
              "selected": false,
              "text": "10m",
              "value": "10m"
            },
            {
              "selected": false,
              "text": "30m",
              "value": "30m"
            },
            {
              "selected": false,
              "text": "1h",
              "value": "1h"
            },
            {
              "selected": false,
              "text": "6h",
              "value": "6h"
            },
            {
              "selected": false,
              "text": "12h",
              "value": "12h"
            },
            {
              "selected": false,
              "text": "1d",
              "value": "1d"
            },
            {
              "selected": false,
              "text": "7d",
              "value": "7d"
            },
            {
              "selected": false,
              "text": "14d",
              "value": "14d"
            },
            {
              "selected": false,
              "text": "30d",
              "value": "30d"
            }
          ],
          "query": "1m,10m,30m,1h,6h,12h,1d,7d,14d,30d",
          "refresh": 0,
          "sort": 1,
          "type": "interval"
        }
      ]
    },
    "time": {
      "from": "now-7d",
      "to": "now"
    },
    "timepicker": {
      "collapse": false,
      "enable": true,
      "notice": false,
      "now": true,
      "refresh_intervals": [
        "5s",
        "10s",
        "30s",
        "1m",
        "5m",
        "15m",
        "30m",
        "1h",
        "2h",
        "1d"
      ],
      "status": "Stable",
      "time_options": [
        "5m",
        "15m",
        "1h",
        "3h",
        "6h",
        "12h",
        "24h",
        "2d",
        "7d",
        "30d"
      ],
      "type": "timepicker"
    },
    "timezone": "browser",
    "title": "worldPing: Events",
    "uid": "OWUeZKrmz"
  }
}
