{
  "meta": {
    "type": "db",
    "canSave": true,
    "canEdit": true,
    "canAdmin": true,
    "canStar": true,
    "slug": "worldping-home",
    "url": "/d/1i86WK9mz/worldping-home",
    "hasAcl": false,
    "isFolder": false,
    "folderId": 0,
    "folderTitle": "General",
    "folderUrl": "",
    "provisioned": false
  },
  "dashboard": {
    "annotations": {
      "list": []
    },
    "editable": false,
    "hideControls": true,
    "id": 123,
    "links": [],
    "originalTitle": "worldPing: Home",
    "revision": 2,
    "rows": [
      {
        "collapse": false,
        "editable": true,
        "height": "39px",
        "panels": [
          {
            "content": "<img src=\"public/plugins/raintank-worldping-app/img/worldPing-grey.svg\" height=\"50\">",
            "editable": true,
            "error": false,
            "id": 2,
            "links": [],
            "mode": "html",
            "span": 12,
            "style": {},
            "title": "",
            "transparent": true,
            "type": "text"
          }
        ],
        "title": ""
      },
      {
        "collapse": false,
        "editable": true,
        "height": "330px",
        "panels": [
          {
            "editable": true,
            "error": false,
            "height": "550px",
            "id": 5,
            "span": 7.5,
            "title": "",
            "type": "worldping-endpoint-list"
          },
          {
            "content": "",
            "editable": true,
            "error": false,
            "id": 4,
            "links": [],
            "mode": "markdown",
            "span": 0.5,
            "style": {},
            "title": "",
            "transparent": true,
            "type": "text"
          },
          {
            "editable": true,
            "error": false,
            "id": 1,
            "span": 4,
            "title": "",
            "type": "worldping-cta"
          },
          {
            "content": "",
            "editable": true,
            "error": false,
            "id": 6,
            "links": [],
            "mode": "markdown",
            "span": 0.5,
            "style": {},
            "title": "",
            "transparent": true,
            "type": "text"
          },
          {
            "editable": true,
            "error": false,
            "id": 3,
            "limit": 10,
            "links": [],
            "mode": "search",
            "query": "",
            "span": 4,
            "tags": [
              "worldPing"
            ],
            "title": "worldPing dashboards",
            "type": "dashlist"
          }
        ],
        "title": "Row"
      },
      {
        "collapse": false,
        "editable": true,
        "height": "250px",
        "panels": [],
        "title": "Endpoint List Row"
      }
    ],
    "schemaVersion": 7,
    "sharedCrosshair": false,
    "style": "dark",
    "tags": [],
    "templating": {
      "list": []
    },
    "time": {
      "from": "now-6h",
      "to": "now"
    },
    "timepicker": {
      "collapse": false,
      "enable": true,
      "notice": false,
      "now": true,
      "refresh_intervals": [
        "5s",
        "10s",
        "30s",
        "1m",
        "5m",
        "15m",
        "30m",
        "1h",
        "2h",
        "1d"
      ],
      "status": "Stable",
      "time_options": [
        "5m",
        "15m",
        "1h",
        "6h",
        "12h",
        "24h",
        "2d",
        "7d",
        "30d"
      ],
      "type": "timepicker"
    },
    "timezone": "browser",
    "title": "worldPing: Home",
    "uid": "1i86WK9mz"
  }
}
