{
  "id": 12,
  "orgId": 1,
  "name": "Elasticsearch",
  "type": "elasticsearch",
  "typeLogoUrl": "",
  "access": "proxy",
  "url": "https://vpc-elasticsearchdomain-vexhdd6qm3du4ym7kq4l7cgymq.eu-west-2.es.amazonaws.com/",
  "password": "",
  "user": "",
  "database": "winlogbeat-*",
  "basicAuth": false,
  "basicAuthUser": "",
  "basicAuthPassword": "",
  "withCredentials": false,
  "isDefault": false,
  "jsonData": {
    "esVersion": 60,
    "keepCookies": [],
    "maxConcurrentShardRequests": 256,
    "timeField": "@timestamp"
  },
  "secureJsonFields": {},
  "version": 11,
  "readOnly": false
}
