{
  "id": 2,
  "orgId": 1,
  "name": "Prometheus AlertManager",
  "type": "camptocamp-prometheus-alertmanager-datasource",
  "typeLogoUrl": "",
  "access": "proxy",
  "url": "http://172.18.63.48:9093",
  "password": "",
  "user": "",
  "database": "",
  "basicAuth": false,
  "basicAuthUser": "",
  "basicAuthPassword": "",
  "withCredentials": false,
  "isDefault": false,
  "jsonData": {
    "keepCookies": [],
    "severity": {
      "critical": "critical",
      "high": "high",
      "info": "information",
      "warning": "warning"
    },
    "severity_critical": "critical",
    "severity_high": "3",
    "severity_info": "information",
    "severity_warning": "warning",
    "tlsAuth": false,
    "tlsSkipVerify": true
  },
  "secureJsonFields": {},
  "version": 22,
  "readOnly": false
}
