{
  "id": 3,
  "orgId": 1,
  "name": "raintank",
  "type": "graphite",
  "typeLogoUrl": "",
  "access": "proxy",
  "url": "https://tsdb-gw.raintank.io/graphite/",
  "password": "",
  "user": "",
  "database": "",
  "basicAuth": true,
  "basicAuthUser": "api_key",
  "basicAuthPassword": "eyJrIjoiNGUzNzc1NjUyNzg4YjViOGQ5ZmNjMmJlNmIzYzhjZmIzZDlkZjQ3NiIsIm4iOiJ3b3JsZHBpbmciLCJpZCI6MTI4MDQzfQ==",
  "withCredentials": false,
  "isDefault": false,
  "jsonData": {},
  "secureJsonFields": {},
  "version": 1,
  "readOnly": false
}
