{
  "id": 4,
  "orgId": 1,
  "name": "raintankEvents",
  "type": "elasticsearch",
  "typeLogoUrl": "",
  "access": "proxy",
  "url": "https://tsdb-gw.raintank.io/elasticsearch/",
  "password": "",
  "user": "",
  "database": "[events-]YYYY-MM-DD",
  "basicAuth": true,
  "basicAuthUser": "api_key",
  "basicAuthPassword": "eyJrIjoiNGUzNzc1NjUyNzg4YjViOGQ5ZmNjMmJlNmIzYzhjZmIzZDlkZjQ3NiIsIm4iOiJ3b3JsZHBpbmciLCJpZCI6MTI4MDQzfQ==",
  "withCredentials": false,
  "isDefault": false,
  "jsonData": {
    "esVersion": 2,
    "interval": "Daily",
    "timeField": "timestamp"
  },
  "secureJsonFields": {},
  "version": 1,
  "readOnly": false
}
