{
  "id": 5,
  "orgId": 1,
  "name": "Prometheus",
  "type": "prometheus",
  "typeLogoUrl": "",
  "access": "proxy",
  "url": "http://172.18.63.48:19491",
  "password": "",
  "user": "",
  "database": "",
  "basicAuth": false,
  "basicAuthUser": "",
  "basicAuthPassword": "",
  "withCredentials": false,
  "isDefault": true,
  "jsonData": {
    "httpMethod": "GET",
    "keepCookies": [],
    "queryTimeout": "",
    "tlsSkipVerify": true
  },
  "secureJsonFields": {},
  "version": 9,
  "readOnly": false
}
