{
  "id": 6,
  "orgId": 1,
  "name": "AllocateCloudV3-CloudWatch",
  "type": "cloudwatch",
  "typeLogoUrl": "",
  "access": "proxy",
  "url": "",
  "password": "",
  "user": "",
  "database": "",
  "basicAuth": false,
  "basicAuthUser": "",
  "basicAuthPassword": "",
  "withCredentials": false,
  "isDefault": false,
  "jsonData": {
    "authType": "keys",
    "defaultRegion": "eu-west-2",
    "timeField": "@timestamp"
  },
  "secureJsonFields": {
    "accessKey": true,
    "secretKey": true
  },
  "version": 2,
  "readOnly": false
}
