{
  "id": 7,
  "orgId": 1,
  "name": "Splunk",
  "type": "grafana-splunk-datasource",
  "typeLogoUrl": "",
  "access": "proxy",
  "url": "https://172.16.5.20:8089",
  "password": "",
  "user": "",
  "database": "",
  "basicAuth": true,
  "basicAuthUser": "peter.leese",
  "basicAuthPassword": "14mxy2lp",
  "withCredentials": false,
  "isDefault": false,
  "jsonData": {
    "advancedOptions": true,
    "keepCookies": [],
    "streamMode": false,
    "tlsSkipVerify": true
  },
  "secureJsonFields": {},
  "version": 25,
  "readOnly": false
}
